STATE,STATENAME,ST_CASE,EVENTNUM,VNUMBER1,AOI1,AOI1NAME,SOE,SOENAME,VNUMBER2,VNUMBER2NAME,AOI2,AOI2NAME
43,Puerto Rico,430001,1,1,12,12 Clock Point,8,Pedestrian,9999,Not a Motor Vehicle,77,Not a Motor Vehicle
43,Puerto Rico,430002,1,1,12,12 Clock Point,8,Pedestrian,9999,Not a Motor Vehicle,77,Not a Motor Vehicle
43,Puerto Rico,430003,1,1,3,3 Clock Point,12,Motor Vehicle In-Transport,2,2,12,12 Clock Point
43,Puerto Rico,430004,1,1,12,12 Clock Point,8,Pedestrian,9999,Not a Motor Vehicle,77,Not a Motor Vehicle
43,Puerto Rico,430005,1,1,12,12 Clock Point,8,Pedestrian,9999,Not a Motor Vehicle,77,Not a Motor Vehicle
43,Puerto Rico,430006,1,1,12,12 Clock Point,8,Pedestrian,9999,Not a Motor Vehicle,77,Not a Motor Vehicle
43,Puerto Rico,430007,1,1,5,5 Clock Point,12,Motor Vehicle In-Transport,2,2,3,3 Clock Point
43,Puerto Rico,430008,1,1,12,12 Clock Point,8,Pedestrian,9999,Not a Motor Vehicle,77,Not a Motor Vehicle
43,Puerto Rico,430009,1,1,12,12 Clock Point,8,Pedestrian,9999,Not a Motor Vehicle,77,Not a Motor Vehicle
43,Puerto Rico,430010,1,1,12,12 Clock Point,8,Pedestrian,9999,Not a Motor Vehicle,77,Not a Motor Vehicle
43,Puerto Rico,430011,1,1,12,12 Clock Point,12,Motor Vehicle In-Transport,2,2,6,6 Clock Point
43,Puerto Rico,430011,2,1,12,12 Clock Point,8,Pedestrian,9999,Not a Motor Vehicle,77,Not a Motor Vehicle
43,Puerto Rico,430012,1,1,55,Non-Harmful Event,71,End Departure,9999,Not a Motor Vehicle,77,Not a Motor Vehicle
43,Puerto Rico,430012,2,1,12,12 Clock Point,42,Tree (Standing Only),9999,Not a Motor Vehicle,77,Not a Motor Vehicle
43,Puerto Rico,430013,1,1,12,12 Clock Point,12,Motor Vehicle In-Transport,2,2,12,12 Clock Point
43,Puerto Rico,430014,1,1,12,12 Clock Point,8,Pedestrian,9999,Not a Motor Vehicle,77,Not a Motor Vehicle
43,Puerto Rico,430015,1,1,55,Non-Harmful Event,79,Ran off Roadway - Direction Unknown,9999,Not a Motor Vehicle,77,Not a Motor Vehicle
43,Puerto Rico,430015,2,1,12,12 Clock Point,12,Motor Vehicle In-Transport,2,2,9,9 Clock Point
43,Puerto Rico,430015,3,1,12,12 Clock Point,38,Fence,9999,Not a Motor Vehicle,77,Not a Motor Vehicle
43,Puerto Rico,430016,1,1,55,Non-Harmful Event,71,End Departure,9999,Not a Motor Vehicle,77,Not a Motor Vehicle
43,Puerto Rico,430016,2,1,12,12 Clock Point,43,Other Fixed Object,9999,Not a Motor Vehicle,77,Not a Motor Vehicle
43,Puerto Rico,430017,1,1,55,Non-Harmful Event,71,End Departure,9999,Not a Motor Vehicle,77,Not a Motor Vehicle
43,Puerto Rico,430017,2,1,12,12 Clock Point,39,Wall,9999,Not a Motor Vehicle,77,Not a Motor Vehicle
43,Puerto Rico,430018,1,1,55,Non-Harmful Event,71,End Departure,9999,Not a Motor Vehicle,77,Not a Motor Vehicle
43,Puerto Rico,430018,2,1,7,7 Clock Point,35,Embankment,9999,Not a Motor Vehicle,77,Not a Motor Vehicle
43,Puerto Rico,430019,1,1,1,1 Clock Point,8,Pedestrian,9999,Not a Motor Vehicle,77,Not a Motor Vehicle
43,Puerto Rico,430020,1,1,12,12 Clock Point,8,Pedestrian,9999,Not a Motor Vehicle,77,Not a Motor Vehicle
43,Puerto Rico,430021,1,1,55,Non-Harmful Event,79,Ran off Roadway - Direction Unknown,9999,Not a Motor Vehicle,77,Not a Motor Vehicle
43,Puerto Rico,430021,2,1,12,12 Clock Point,30,Utility Pole/Light Support,9999,Not a Motor Vehicle,77,Not a Motor Vehicle
43,Puerto Rico,430021,3,1,12,12 Clock Point,42,Tree (Standing Only),9999,Not a Motor Vehicle,77,Not a Motor Vehicle
43,Puerto Rico,430022,1,1,6,6 Clock Point,8,Pedestrian,9999,Not a Motor Vehicle,77,Not a Motor Vehicle
43,Puerto Rico,430023,1,4,55,Non-Harmful Event,79,Ran off Roadway - Direction Unknown,9999,Not a Motor Vehicle,77,Not a Motor Vehicle
43,Puerto Rico,430023,2,1,12,12 Clock Point,12,Motor Vehicle In-Transport,3,3,2,2 Clock Point
43,Puerto Rico,430023,3,2,3,3 Clock Point,12,Motor Vehicle In-Transport,4,4,12,12 Clock Point
43,Puerto Rico,430023,4,3,2,2 Clock Point,12,Motor Vehicle In-Transport,4,4,12,12 Clock Point
43,Puerto Rico,430023,5,4,5,5 Clock Point,30,Utility Pole/Light Support,9999,Not a Motor Vehicle,77,Not a Motor Vehicle
43,Puerto Rico,430023,6,4,12,12 Clock Point,12,Motor Vehicle In-Transport,5,5,12,12 Clock Point
43,Puerto Rico,430024,1,1,12,12 Clock Point,8,Pedestrian,9999,Not a Motor Vehicle,77,Not a Motor Vehicle
43,Puerto Rico,430025,1,1,12,12 Clock Point,9,Pedalcyclist,9999,Not a Motor Vehicle,77,Not a Motor Vehicle
43,Puerto Rico,430026,1,1,55,Non-Harmful Event,79,Ran off Roadway - Direction Unknown,9999,Not a Motor Vehicle,77,Not a Motor Vehicle
43,Puerto Rico,430026,2,1,12,12 Clock Point,12,Motor Vehicle In-Transport,2,2,6,6 Clock Point
43,Puerto Rico,430026,3,1,12,12 Clock Point,25,Concrete Traffic Barrier,9999,Not a Motor Vehicle,77,Not a Motor Vehicle
43,Puerto Rico,430026,4,1,12,12 Clock Point,12,Motor Vehicle In-Transport,3,3,7,7 Clock Point
43,Puerto Rico,430026,5,1,12,12 Clock Point,12,Motor Vehicle In-Transport,4,4,7,7 Clock Point
43,Puerto Rico,430027,1,1,12,12 Clock Point,9,Pedalcyclist,9999,Not a Motor Vehicle,77,Not a Motor Vehicle
43,Puerto Rico,430028,1,1,55,Non-Harmful Event,79,Ran off Roadway - Direction Unknown,9999,Not a Motor Vehicle,77,Not a Motor Vehicle
43,Puerto Rico,430028,2,1,12,12 Clock Point,25,Concrete Traffic Barrier,9999,Not a Motor Vehicle,77,Not a Motor Vehicle
43,Puerto Rico,430029,1,1,12,12 Clock Point,12,Motor Vehicle In-Transport,2,2,3,3 Clock Point
43,Puerto Rico,430030,1,1,9,9 Clock Point,12,Motor Vehicle In-Transport,2,2,12,12 Clock Point
43,Puerto Rico,430031,1,1,12,12 Clock Point,8,Pedestrian,9999,Not a Motor Vehicle,77,Not a Motor Vehicle
43,Puerto Rico,430032,1,1,12,12 Clock Point,12,Motor Vehicle In-Transport,2,2,6,6 Clock Point
43,Puerto Rico,430032,2,1,12,12 Clock Point,8,Pedestrian,9999,Not a Motor Vehicle,77,Not a Motor Vehicle
43,Puerto Rico,430032,3,1,12,12 Clock Point,8,Pedestrian,9999,Not a Motor Vehicle,77,Not a Motor Vehicle
43,Puerto Rico,430033,1,1,12,12 Clock Point,8,Pedestrian,9999,Not a Motor Vehicle,77,Not a Motor Vehicle
43,Puerto Rico,430034,1,1,55,Non-Harmful Event,79,Ran off Roadway - Direction Unknown,9999,Not a Motor Vehicle,77,Not a Motor Vehicle
43,Puerto Rico,430034,2,1,12,12 Clock Point,38,Fence,9999,Not a Motor Vehicle,77,Not a Motor Vehicle
43,Puerto Rico,430034,3,1,12,12 Clock Point,42,Tree (Standing Only),9999,Not a Motor Vehicle,77,Not a Motor Vehicle
43,Puerto Rico,430035,1,1,12,12 Clock Point,8,Pedestrian,9999,Not a Motor Vehicle,77,Not a Motor Vehicle
43,Puerto Rico,430036,1,1,12,12 Clock Point,12,Motor Vehicle In-Transport,2,2,12,12 Clock Point
43,Puerto Rico,430037,1,1,12,12 Clock Point,8,Pedestrian,9999,Not a Motor Vehicle,77,Not a Motor Vehicle
43,Puerto Rico,430037,2,1,12,12 Clock Point,8,Pedestrian,9999,Not a Motor Vehicle,77,Not a Motor Vehicle
43,Puerto Rico,430038,1,1,55,Non-Harmful Event,79,Ran off Roadway - Direction Unknown,9999,Not a Motor Vehicle,77,Not a Motor Vehicle
43,Puerto Rico,430038,2,1,12,12 Clock Point,30,Utility Pole/Light Support,9999,Not a Motor Vehicle,77,Not a Motor Vehicle
43,Puerto Rico,430039,1,1,55,Non-Harmful Event,79,Ran off Roadway - Direction Unknown,9999,Not a Motor Vehicle,77,Not a Motor Vehicle
43,Puerto Rico,430039,2,1,12,12 Clock Point,30,Utility Pole/Light Support,9999,Not a Motor Vehicle,77,Not a Motor Vehicle
43,Puerto Rico,430040,1,1,12,12 Clock Point,12,Motor Vehicle In-Transport,2,2,9,9 Clock Point
43,Puerto Rico,430041,1,1,55,Non-Harmful Event,79,Ran off Roadway - Direction Unknown,9999,Not a Motor Vehicle,77,Not a Motor Vehicle
43,Puerto Rico,430041,2,1,12,12 Clock Point,30,Utility Pole/Light Support,9999,Not a Motor Vehicle,77,Not a Motor Vehicle
43,Puerto Rico,430043,1,1,55,Non-Harmful Event,79,Ran off Roadway - Direction Unknown,9999,Not a Motor Vehicle,77,Not a Motor Vehicle
43,Puerto Rico,430043,2,1,12,12 Clock Point,42,Tree (Standing Only),9999,Not a Motor Vehicle,77,Not a Motor Vehicle
43,Puerto Rico,430044,1,1,12,12 Clock Point,12,Motor Vehicle In-Transport,2,2,12,12 Clock Point
43,Puerto Rico,430045,1,1,9,9 Clock Point,8,Pedestrian,9999,Not a Motor Vehicle,77,Not a Motor Vehicle
43,Puerto Rico,430047,1,1,3,3 Clock Point,8,Pedestrian,9999,Not a Motor Vehicle,77,Not a Motor Vehicle
43,Puerto Rico,430048,1,1,55,Non-Harmful Event,79,Ran off Roadway - Direction Unknown,9999,Not a Motor Vehicle,77,Not a Motor Vehicle
43,Puerto Rico,430048,2,1,12,12 Clock Point,30,Utility Pole/Light Support,9999,Not a Motor Vehicle,77,Not a Motor Vehicle
43,Puerto Rico,430049,1,1,12,12 Clock Point,12,Motor Vehicle In-Transport,2,2,6,6 Clock Point
43,Puerto Rico,430050,1,1,12,12 Clock Point,8,Pedestrian,9999,Not a Motor Vehicle,77,Not a Motor Vehicle
43,Puerto Rico,430051,1,1,55,Non-Harmful Event,79,Ran off Roadway - Direction Unknown,9999,Not a Motor Vehicle,77,Not a Motor Vehicle
43,Puerto Rico,430051,2,1,2,2 Clock Point,39,Wall,9999,Not a Motor Vehicle,77,Not a Motor Vehicle
43,Puerto Rico,430052,1,1,55,Non-Harmful Event,79,Ran off Roadway - Direction Unknown,9999,Not a Motor Vehicle,77,Not a Motor Vehicle
43,Puerto Rico,430052,2,1,12,12 Clock Point,30,Utility Pole/Light Support,9999,Not a Motor Vehicle,77,Not a Motor Vehicle
43,Puerto Rico,430052,3,1,12,12 Clock Point,43,Other Fixed Object,9999,Not a Motor Vehicle,77,Not a Motor Vehicle
43,Puerto Rico,430052,4,1,12,12 Clock Point,42,Tree (Standing Only),9999,Not a Motor Vehicle,77,Not a Motor Vehicle
43,Puerto Rico,430052,5,1,12,12 Clock Point,25,Concrete Traffic Barrier,9999,Not a Motor Vehicle,77,Not a Motor Vehicle
43,Puerto Rico,430053,1,1,12,12 Clock Point,12,Motor Vehicle In-Transport,2,2,6,6 Clock Point
43,Puerto Rico,430054,1,1,12,12 Clock Point,12,Motor Vehicle In-Transport,2,2,12,12 Clock Point
43,Puerto Rico,430055,1,1,12,12 Clock Point,8,Pedestrian,9999,Not a Motor Vehicle,77,Not a Motor Vehicle
43,Puerto Rico,430056,1,1,55,Non-Harmful Event,79,Ran off Roadway - Direction Unknown,9999,Not a Motor Vehicle,77,Not a Motor Vehicle
43,Puerto Rico,430056,2,1,9,9 Clock Point,42,Tree (Standing Only),9999,Not a Motor Vehicle,77,Not a Motor Vehicle
43,Puerto Rico,430057,1,1,12,12 Clock Point,12,Motor Vehicle In-Transport,2,2,6,6 Clock Point
43,Puerto Rico,430057,2,1,12,12 Clock Point,35,Embankment,9999,Not a Motor Vehicle,77,Not a Motor Vehicle
43,Puerto Rico,430058,1,1,10,10 Clock Point,14,Parked Motor Vehicle,2,2,5,5 Clock Point
43,Puerto Rico,430058,2,1,12,12 Clock Point,12,Motor Vehicle In-Transport,3,3,6,6 Clock Point
43,Puerto Rico,430058,3,1,12,12 Clock Point,12,Motor Vehicle In-Transport,4,4,6,6 Clock Point
43,Puerto Rico,430059,1,1,12,12 Clock Point,12,Motor Vehicle In-Transport,2,2,9,9 Clock Point
43,Puerto Rico,430060,1,1,12,12 Clock Point,8,Pedestrian,9999,Not a Motor Vehicle,77,Not a Motor Vehicle
43,Puerto Rico,430060,2,1,12,12 Clock Point,8,Pedestrian,9999,Not a Motor Vehicle,77,Not a Motor Vehicle
43,Puerto Rico,430061,1,1,55,Non-Harmful Event,79,Ran off Roadway - Direction Unknown,9999,Not a Motor Vehicle,77,Not a Motor Vehicle
43,Puerto Rico,430061,2,1,12,12 Clock Point,43,Other Fixed Object,9999,Not a Motor Vehicle,77,Not a Motor Vehicle
43,Puerto Rico,430061,3,1,12,12 Clock Point,8,Pedestrian,9999,Not a Motor Vehicle,77,Not a Motor Vehicle
43,Puerto Rico,430061,4,1,12,12 Clock Point,8,Pedestrian,9999,Not a Motor Vehicle,77,Not a Motor Vehicle
43,Puerto Rico,430062,1,1,10,10 Clock Point,12,Motor Vehicle In-Transport,2,2,7,7 Clock Point
43,Puerto Rico,430062,2,1,12,12 Clock Point,42,Tree (Standing Only),9999,Not a Motor Vehicle,77,Not a Motor Vehicle
43,Puerto Rico,430063,1,1,12,12 Clock Point,8,Pedestrian,9999,Not a Motor Vehicle,77,Not a Motor Vehicle
43,Puerto Rico,430064,1,1,2,2 Clock Point,8,Pedestrian,9999,Not a Motor Vehicle,77,Not a Motor Vehicle
43,Puerto Rico,430064,2,1,2,2 Clock Point,8,Pedestrian,9999,Not a Motor Vehicle,77,Not a Motor Vehicle
43,Puerto Rico,430065,1,1,10,10 Clock Point,12,Motor Vehicle In-Transport,2,2,5,5 Clock Point
43,Puerto Rico,430065,2,1,12,12 Clock Point,25,Concrete Traffic Barrier,9999,Not a Motor Vehicle,77,Not a Motor Vehicle
43,Puerto Rico,430066,1,1,12,12 Clock Point,12,Motor Vehicle In-Transport,2,2,6,6 Clock Point
43,Puerto Rico,430066,2,1,0,Non-Collision,1,Rollover/Overturn,9999,Not a Motor Vehicle,77,Not a Motor Vehicle
43,Puerto Rico,430066,3,2,0,Non-Collision,1,Rollover/Overturn,9999,Not a Motor Vehicle,77,Not a Motor Vehicle
43,Puerto Rico,430067,1,1,12,12 Clock Point,8,Pedestrian,9999,Not a Motor Vehicle,77,Not a Motor Vehicle
43,Puerto Rico,430068,1,1,12,12 Clock Point,8,Pedestrian,9999,Not a Motor Vehicle,77,Not a Motor Vehicle
43,Puerto Rico,430069,1,1,12,12 Clock Point,8,Pedestrian,9999,Not a Motor Vehicle,77,Not a Motor Vehicle
43,Puerto Rico,430070,1,1,3,3 Clock Point,12,Motor Vehicle In-Transport,2,2,12,12 Clock Point
43,Puerto Rico,430070,2,1,3,3 Clock Point,12,Motor Vehicle In-Transport,3,3,3,3 Clock Point
43,Puerto Rico,430070,3,3,12,12 Clock Point,38,Fence,9999,Not a Motor Vehicle,77,Not a Motor Vehicle
43,Puerto Rico,430071,1,1,55,Non-Harmful Event,79,Ran off Roadway - Direction Unknown,9999,Not a Motor Vehicle,77,Not a Motor Vehicle
43,Puerto Rico,430071,2,1,12,12 Clock Point,25,Concrete Traffic Barrier,9999,Not a Motor Vehicle,77,Not a Motor Vehicle
43,Puerto Rico,430072,1,1,55,Non-Harmful Event,79,Ran off Roadway - Direction Unknown,9999,Not a Motor Vehicle,77,Not a Motor Vehicle
43,Puerto Rico,430072,2,1,12,12 Clock Point,35,Embankment,9999,Not a Motor Vehicle,77,Not a Motor Vehicle
43,Puerto Rico,430073,1,1,12,12 Clock Point,8,Pedestrian,9999,Not a Motor Vehicle,77,Not a Motor Vehicle
43,Puerto Rico,430074,1,1,0,Non-Collision,1,Rollover/Overturn,9999,Not a Motor Vehicle,77,Not a Motor Vehicle
43,Puerto Rico,430074,2,1,12,12 Clock Point,25,Concrete Traffic Barrier,9999,Not a Motor Vehicle,77,Not a Motor Vehicle
43,Puerto Rico,430075,1,1,12,12 Clock Point,8,Pedestrian,9999,Not a Motor Vehicle,77,Not a Motor Vehicle
43,Puerto Rico,430076,1,1,3,3 Clock Point,14,Parked Motor Vehicle,2,2,9,9 Clock Point
43,Puerto Rico,430076,2,1,3,3 Clock Point,8,Pedestrian,9999,Not a Motor Vehicle,77,Not a Motor Vehicle
43,Puerto Rico,430077,1,1,55,Non-Harmful Event,79,Ran off Roadway - Direction Unknown,9999,Not a Motor Vehicle,77,Not a Motor Vehicle
43,Puerto Rico,430077,2,1,12,12 Clock Point,42,Tree (Standing Only),9999,Not a Motor Vehicle,77,Not a Motor Vehicle
43,Puerto Rico,430078,1,1,9,9 Clock Point,12,Motor Vehicle In-Transport,2,2,9,9 Clock Point
43,Puerto Rico,430079,1,1,12,12 Clock Point,12,Motor Vehicle In-Transport,2,2,12,12 Clock Point
43,Puerto Rico,430080,1,1,12,12 Clock Point,8,Pedestrian,9999,Not a Motor Vehicle,77,Not a Motor Vehicle
43,Puerto Rico,430081,1,1,12,12 Clock Point,12,Motor Vehicle In-Transport,2,2,6,6 Clock Point
43,Puerto Rico,430082,1,1,12,12 Clock Point,8,Pedestrian,9999,Not a Motor Vehicle,77,Not a Motor Vehicle
43,Puerto Rico,430083,1,1,55,Non-Harmful Event,79,Ran off Roadway - Direction Unknown,9999,Not a Motor Vehicle,77,Not a Motor Vehicle
43,Puerto Rico,430083,2,1,9,9 Clock Point,12,Motor Vehicle In-Transport,2,2,12,12 Clock Point
43,Puerto Rico,430083,3,1,3,3 Clock Point,30,Utility Pole/Light Support,9999,Not a Motor Vehicle,77,Not a Motor Vehicle
43,Puerto Rico,430084,1,1,12,12 Clock Point,12,Motor Vehicle In-Transport,2,2,6,6 Clock Point
43,Puerto Rico,430084,2,1,12,12 Clock Point,25,Concrete Traffic Barrier,9999,Not a Motor Vehicle,77,Not a Motor Vehicle
43,Puerto Rico,430084,3,1,12,12 Clock Point,30,Utility Pole/Light Support,9999,Not a Motor Vehicle,77,Not a Motor Vehicle
43,Puerto Rico,430084,4,1,0,Non-Collision,1,Rollover/Overturn,9999,Not a Motor Vehicle,77,Not a Motor Vehicle
43,Puerto Rico,430084,5,2,0,Non-Collision,1,Rollover/Overturn,9999,Not a Motor Vehicle,77,Not a Motor Vehicle
43,Puerto Rico,430085,1,1,55,Non-Harmful Event,79,Ran off Roadway - Direction Unknown,9999,Not a Motor Vehicle,77,Not a Motor Vehicle
43,Puerto Rico,430085,2,1,3,3 Clock Point,25,Concrete Traffic Barrier,9999,Not a Motor Vehicle,77,Not a Motor Vehicle
43,Puerto Rico,430085,3,1,9,9 Clock Point,35,Embankment,9999,Not a Motor Vehicle,77,Not a Motor Vehicle
43,Puerto Rico,430086,1,1,0,Non-Collision,7,Other Non-Collision,9999,Not a Motor Vehicle,77,Not a Motor Vehicle
43,Puerto Rico,430087,1,1,11,11 Clock Point,12,Motor Vehicle In-Transport,2,2,11,11 Clock Point
43,Puerto Rico,430088,1,1,12,12 Clock Point,12,Motor Vehicle In-Transport,2,2,9,9 Clock Point
43,Puerto Rico,430089,1,1,12,12 Clock Point,8,Pedestrian,9999,Not a Motor Vehicle,77,Not a Motor Vehicle
43,Puerto Rico,430090,1,1,12,12 Clock Point,8,Pedestrian,9999,Not a Motor Vehicle,77,Not a Motor Vehicle
43,Puerto Rico,430091,1,1,12,12 Clock Point,12,Motor Vehicle In-Transport,2,2,9,9 Clock Point
43,Puerto Rico,430091,2,2,9,9 Clock Point,12,Motor Vehicle In-Transport,3,3,9,9 Clock Point
43,Puerto Rico,430091,3,3,3,3 Clock Point,12,Motor Vehicle In-Transport,4,4,7,7 Clock Point
43,Puerto Rico,430091,4,2,3,3 Clock Point,12,Motor Vehicle In-Transport,5,5,12,12 Clock Point
43,Puerto Rico,430092,1,1,10,10 Clock Point,12,Motor Vehicle In-Transport,2,2,9,9 Clock Point
43,Puerto Rico,430093,1,1,2,2 Clock Point,8,Pedestrian,9999,Not a Motor Vehicle,77,Not a Motor Vehicle
43,Puerto Rico,430094,1,1,12,12 Clock Point,9,Pedalcyclist,9999,Not a Motor Vehicle,77,Not a Motor Vehicle
43,Puerto Rico,430094,2,1,12,12 Clock Point,9,Pedalcyclist,9999,Not a Motor Vehicle,77,Not a Motor Vehicle
43,Puerto Rico,430094,3,1,12,12 Clock Point,9,Pedalcyclist,9999,Not a Motor Vehicle,77,Not a Motor Vehicle
43,Puerto Rico,430095,1,1,55,Non-Harmful Event,79,Ran off Roadway - Direction Unknown,9999,Not a Motor Vehicle,77,Not a Motor Vehicle
43,Puerto Rico,430095,2,1,12,12 Clock Point,25,Concrete Traffic Barrier,9999,Not a Motor Vehicle,77,Not a Motor Vehicle
43,Puerto Rico,430096,1,1,12,12 Clock Point,8,Pedestrian,9999,Not a Motor Vehicle,77,Not a Motor Vehicle
43,Puerto Rico,430097,1,1,12,12 Clock Point,12,Motor Vehicle In-Transport,2,2,6,6 Clock Point
43,Puerto Rico,430097,2,2,9,9 Clock Point,12,Motor Vehicle In-Transport,3,3,3,3 Clock Point
43,Puerto Rico,430098,1,1,12,12 Clock Point,8,Pedestrian,9999,Not a Motor Vehicle,77,Not a Motor Vehicle
43,Puerto Rico,430099,1,1,12,12 Clock Point,12,Motor Vehicle In-Transport,2,2,12,12 Clock Point
43,Puerto Rico,430100,1,1,3,3 Clock Point,8,Pedestrian,9999,Not a Motor Vehicle,77,Not a Motor Vehicle
43,Puerto Rico,430101,1,1,12,12 Clock Point,12,Motor Vehicle In-Transport,2,2,12,12 Clock Point
43,Puerto Rico,430102,1,1,12,12 Clock Point,8,Pedestrian,9999,Not a Motor Vehicle,77,Not a Motor Vehicle
43,Puerto Rico,430103,1,1,12,12 Clock Point,8,Pedestrian,9999,Not a Motor Vehicle,77,Not a Motor Vehicle
43,Puerto Rico,430104,1,1,10,10 Clock Point,12,Motor Vehicle In-Transport,2,2,10,10 Clock Point
43,Puerto Rico,430105,1,1,12,12 Clock Point,12,Motor Vehicle In-Transport,2,2,12,12 Clock Point
43,Puerto Rico,430106,1,1,12,12 Clock Point,11,Live Animal,9999,Not a Motor Vehicle,77,Not a Motor Vehicle
43,Puerto Rico,430106,2,1,2,2 Clock Point,25,Concrete Traffic Barrier,9999,Not a Motor Vehicle,77,Not a Motor Vehicle
43,Puerto Rico,430106,3,1,12,12 Clock Point,12,Motor Vehicle In-Transport,2,2,6,6 Clock Point
43,Puerto Rico,430106,4,2,12,12 Clock Point,12,Motor Vehicle In-Transport,3,3,6,6 Clock Point
43,Puerto Rico,430108,1,1,12,12 Clock Point,8,Pedestrian,9999,Not a Motor Vehicle,77,Not a Motor Vehicle
43,Puerto Rico,430109,1,1,55,Non-Harmful Event,79,Ran off Roadway - Direction Unknown,9999,Not a Motor Vehicle,77,Not a Motor Vehicle
43,Puerto Rico,430109,2,1,11,11 Clock Point,25,Concrete Traffic Barrier,9999,Not a Motor Vehicle,77,Not a Motor Vehicle
43,Puerto Rico,430109,3,1,2,2 Clock Point,12,Motor Vehicle In-Transport,2,2,9,9 Clock Point
43,Puerto Rico,430110,1,1,12,12 Clock Point,8,Pedestrian,9999,Not a Motor Vehicle,77,Not a Motor Vehicle
43,Puerto Rico,430111,1,1,12,12 Clock Point,8,Pedestrian,9999,Not a Motor Vehicle,77,Not a Motor Vehicle
43,Puerto Rico,430112,1,1,12,12 Clock Point,12,Motor Vehicle In-Transport,2,2,12,12 Clock Point
43,Puerto Rico,430113,1,1,2,2 Clock Point,8,Pedestrian,9999,Not a Motor Vehicle,77,Not a Motor Vehicle
43,Puerto Rico,430114,1,1,55,Non-Harmful Event,79,Ran off Roadway - Direction Unknown,9999,Not a Motor Vehicle,77,Not a Motor Vehicle
43,Puerto Rico,430114,2,1,12,12 Clock Point,30,Utility Pole/Light Support,9999,Not a Motor Vehicle,77,Not a Motor Vehicle
43,Puerto Rico,430115,1,1,11,11 Clock Point,8,Pedestrian,9999,Not a Motor Vehicle,77,Not a Motor Vehicle
43,Puerto Rico,430116,1,1,55,Non-Harmful Event,79,Ran off Roadway - Direction Unknown,9999,Not a Motor Vehicle,77,Not a Motor Vehicle
43,Puerto Rico,430116,2,1,9,9 Clock Point,30,Utility Pole/Light Support,9999,Not a Motor Vehicle,77,Not a Motor Vehicle
43,Puerto Rico,430117,1,1,55,Non-Harmful Event,79,Ran off Roadway - Direction Unknown,9999,Not a Motor Vehicle,77,Not a Motor Vehicle
43,Puerto Rico,430117,2,1,12,12 Clock Point,30,Utility Pole/Light Support,9999,Not a Motor Vehicle,77,Not a Motor Vehicle
43,Puerto Rico,430118,1,1,12,12 Clock Point,8,Pedestrian,9999,Not a Motor Vehicle,77,Not a Motor Vehicle
43,Puerto Rico,430119,1,1,12,12 Clock Point,8,Pedestrian,9999,Not a Motor Vehicle,77,Not a Motor Vehicle
43,Puerto Rico,430120,1,1,55,Non-Harmful Event,79,Ran off Roadway - Direction Unknown,9999,Not a Motor Vehicle,77,Not a Motor Vehicle
43,Puerto Rico,430120,2,1,12,12 Clock Point,35,Embankment,9999,Not a Motor Vehicle,77,Not a Motor Vehicle
43,Puerto Rico,430120,3,1,0,Non-Collision,1,Rollover/Overturn,9999,Not a Motor Vehicle,77,Not a Motor Vehicle
43,Puerto Rico,430121,1,1,12,12 Clock Point,12,Motor Vehicle In-Transport,2,2,6,6 Clock Point
43,Puerto Rico,430122,1,1,12,12 Clock Point,12,Motor Vehicle In-Transport,2,2,12,12 Clock Point
43,Puerto Rico,430123,1,1,12,12 Clock Point,8,Pedestrian,9999,Not a Motor Vehicle,77,Not a Motor Vehicle
43,Puerto Rico,430124,1,1,12,12 Clock Point,11,Live Animal,9999,Not a Motor Vehicle,77,Not a Motor Vehicle
43,Puerto Rico,430124,2,1,12,12 Clock Point,25,Concrete Traffic Barrier,9999,Not a Motor Vehicle,77,Not a Motor Vehicle
43,Puerto Rico,430125,1,1,2,2 Clock Point,9,Pedalcyclist,9999,Not a Motor Vehicle,77,Not a Motor Vehicle
43,Puerto Rico,430126,1,1,12,12 Clock Point,12,Motor Vehicle In-Transport,2,2,12,12 Clock Point
43,Puerto Rico,430127,1,1,55,Non-Harmful Event,79,Ran off Roadway - Direction Unknown,9999,Not a Motor Vehicle,77,Not a Motor Vehicle
43,Puerto Rico,430127,2,1,12,12 Clock Point,25,Concrete Traffic Barrier,9999,Not a Motor Vehicle,77,Not a Motor Vehicle
43,Puerto Rico,430127,3,1,0,Non-Collision,2,Fire/Explosion,9999,Not a Motor Vehicle,77,Not a Motor Vehicle
43,Puerto Rico,430128,1,1,55,Non-Harmful Event,79,Ran off Roadway - Direction Unknown,9999,Not a Motor Vehicle,77,Not a Motor Vehicle
43,Puerto Rico,430128,2,1,12,12 Clock Point,25,Concrete Traffic Barrier,9999,Not a Motor Vehicle,77,Not a Motor Vehicle
43,Puerto Rico,430129,1,1,12,12 Clock Point,12,Motor Vehicle In-Transport,2,2,6,6 Clock Point
43,Puerto Rico,430130,1,1,55,Non-Harmful Event,79,Ran off Roadway - Direction Unknown,9999,Not a Motor Vehicle,77,Not a Motor Vehicle
43,Puerto Rico,430130,2,1,12,12 Clock Point,42,Tree (Standing Only),9999,Not a Motor Vehicle,77,Not a Motor Vehicle
43,Puerto Rico,430130,3,1,0,Non-Collision,1,Rollover/Overturn,9999,Not a Motor Vehicle,77,Not a Motor Vehicle
43,Puerto Rico,430131,1,1,55,Non-Harmful Event,79,Ran off Roadway - Direction Unknown,9999,Not a Motor Vehicle,77,Not a Motor Vehicle
43,Puerto Rico,430131,2,1,12,12 Clock Point,25,Concrete Traffic Barrier,9999,Not a Motor Vehicle,77,Not a Motor Vehicle
43,Puerto Rico,430131,3,1,0,Non-Collision,1,Rollover/Overturn,9999,Not a Motor Vehicle,77,Not a Motor Vehicle
43,Puerto Rico,430131,4,1,9,9 Clock Point,12,Motor Vehicle In-Transport,2,2,12,12 Clock Point
43,Puerto Rico,430132,1,1,3,3 Clock Point,12,Motor Vehicle In-Transport,2,2,12,12 Clock Point
43,Puerto Rico,430133,1,1,12,12 Clock Point,8,Pedestrian,9999,Not a Motor Vehicle,77,Not a Motor Vehicle
43,Puerto Rico,430134,1,1,2,2 Clock Point,12,Motor Vehicle In-Transport,2,2,12,12 Clock Point
43,Puerto Rico,430135,1,1,2,2 Clock Point,8,Pedestrian,9999,Not a Motor Vehicle,77,Not a Motor Vehicle
43,Puerto Rico,430136,1,1,12,12 Clock Point,12,Motor Vehicle In-Transport,2,2,9,9 Clock Point
43,Puerto Rico,430136,2,2,6,6 Clock Point,12,Motor Vehicle In-Transport,3,3,12,12 Clock Point
43,Puerto Rico,430136,3,3,6,6 Clock Point,12,Motor Vehicle In-Transport,4,4,12,12 Clock Point
43,Puerto Rico,430137,1,1,55,Non-Harmful Event,79,Ran off Roadway - Direction Unknown,9999,Not a Motor Vehicle,77,Not a Motor Vehicle
43,Puerto Rico,430137,2,1,12,12 Clock Point,30,Utility Pole/Light Support,9999,Not a Motor Vehicle,77,Not a Motor Vehicle
43,Puerto Rico,430138,1,1,12,12 Clock Point,8,Pedestrian,9999,Not a Motor Vehicle,77,Not a Motor Vehicle
43,Puerto Rico,430139,1,1,55,Non-Harmful Event,79,Ran off Roadway - Direction Unknown,9999,Not a Motor Vehicle,77,Not a Motor Vehicle
43,Puerto Rico,430139,2,1,12,12 Clock Point,25,Concrete Traffic Barrier,9999,Not a Motor Vehicle,77,Not a Motor Vehicle
43,Puerto Rico,430140,1,1,12,12 Clock Point,9,Pedalcyclist,9999,Not a Motor Vehicle,77,Not a Motor Vehicle
43,Puerto Rico,430141,1,1,12,12 Clock Point,12,Motor Vehicle In-Transport,2,2,12,12 Clock Point
43,Puerto Rico,430142,1,1,0,Non-Collision,1,Rollover/Overturn,9999,Not a Motor Vehicle,77,Not a Motor Vehicle
43,Puerto Rico,430143,1,1,12,12 Clock Point,12,Motor Vehicle In-Transport,2,2,12,12 Clock Point
43,Puerto Rico,430144,1,1,55,Non-Harmful Event,79,Ran off Roadway - Direction Unknown,9999,Not a Motor Vehicle,77,Not a Motor Vehicle
43,Puerto Rico,430144,2,1,12,12 Clock Point,42,Tree (Standing Only),9999,Not a Motor Vehicle,77,Not a Motor Vehicle
43,Puerto Rico,430145,1,1,12,12 Clock Point,12,Motor Vehicle In-Transport,2,2,9,9 Clock Point
43,Puerto Rico,430146,1,1,55,Non-Harmful Event,79,Ran off Roadway - Direction Unknown,9999,Not a Motor Vehicle,77,Not a Motor Vehicle
43,Puerto Rico,430146,2,1,12,12 Clock Point,30,Utility Pole/Light Support,9999,Not a Motor Vehicle,77,Not a Motor Vehicle
43,Puerto Rico,430147,1,1,12,12 Clock Point,8,Pedestrian,9999,Not a Motor Vehicle,77,Not a Motor Vehicle
43,Puerto Rico,430148,1,1,9,9 Clock Point,12,Motor Vehicle In-Transport,2,2,12,12 Clock Point
43,Puerto Rico,430149,1,1,55,Non-Harmful Event,79,Ran off Roadway - Direction Unknown,9999,Not a Motor Vehicle,77,Not a Motor Vehicle
43,Puerto Rico,430149,2,1,9,9 Clock Point,30,Utility Pole/Light Support,9999,Not a Motor Vehicle,77,Not a Motor Vehicle
43,Puerto Rico,430150,1,1,2,2 Clock Point,8,Pedestrian,9999,Not a Motor Vehicle,77,Not a Motor Vehicle
43,Puerto Rico,430151,1,1,3,3 Clock Point,12,Motor Vehicle In-Transport,2,2,12,12 Clock Point
43,Puerto Rico,430152,1,1,12,12 Clock Point,8,Pedestrian,9999,Not a Motor Vehicle,77,Not a Motor Vehicle
43,Puerto Rico,430153,1,1,55,Non-Harmful Event,79,Ran off Roadway - Direction Unknown,9999,Not a Motor Vehicle,77,Not a Motor Vehicle
43,Puerto Rico,430153,2,1,2,2 Clock Point,30,Utility Pole/Light Support,9999,Not a Motor Vehicle,77,Not a Motor Vehicle
43,Puerto Rico,430153,3,1,0,Non-Collision,2,Fire/Explosion,9999,Not a Motor Vehicle,77,Not a Motor Vehicle
43,Puerto Rico,430154,1,1,12,12 Clock Point,12,Motor Vehicle In-Transport,2,2,6,6 Clock Point
43,Puerto Rico,430155,1,1,3,3 Clock Point,12,Motor Vehicle In-Transport,2,2,9,9 Clock Point
43,Puerto Rico,430156,1,1,0,Non-Collision,5,Fell/Jumped from Vehicle,9999,Not a Motor Vehicle,77,Not a Motor Vehicle
43,Puerto Rico,430157,1,1,55,Non-Harmful Event,79,Ran off Roadway - Direction Unknown,9999,Not a Motor Vehicle,77,Not a Motor Vehicle
43,Puerto Rico,430157,2,1,9,9 Clock Point,38,Fence,9999,Not a Motor Vehicle,77,Not a Motor Vehicle
43,Puerto Rico,430158,1,1,6,6 Clock Point,8,Pedestrian,9999,Not a Motor Vehicle,77,Not a Motor Vehicle
43,Puerto Rico,430159,1,1,0,Non-Collision,7,Other Non-Collision,9999,Not a Motor Vehicle,77,Not a Motor Vehicle
43,Puerto Rico,430159,2,1,0,Non-Collision,1,Rollover/Overturn,9999,Not a Motor Vehicle,77,Not a Motor Vehicle
43,Puerto Rico,430160,1,1,5,5 Clock Point,14,Parked Motor Vehicle,2,2,6,6 Clock Point
43,Puerto Rico,430160,2,1,12,12 Clock Point,12,Motor Vehicle In-Transport,3,3,12,12 Clock Point
43,Puerto Rico,430161,1,1,55,Non-Harmful Event,79,Ran off Roadway - Direction Unknown,9999,Not a Motor Vehicle,77,Not a Motor Vehicle
43,Puerto Rico,430161,2,1,12,12 Clock Point,25,Concrete Traffic Barrier,9999,Not a Motor Vehicle,77,Not a Motor Vehicle
43,Puerto Rico,430161,3,1,0,Non-Collision,1,Rollover/Overturn,9999,Not a Motor Vehicle,77,Not a Motor Vehicle
43,Puerto Rico,430162,1,1,55,Non-Harmful Event,79,Ran off Roadway - Direction Unknown,9999,Not a Motor Vehicle,77,Not a Motor Vehicle
43,Puerto Rico,430162,2,1,12,12 Clock Point,30,Utility Pole/Light Support,9999,Not a Motor Vehicle,77,Not a Motor Vehicle
43,Puerto Rico,430163,1,1,12,12 Clock Point,12,Motor Vehicle In-Transport,2,2,6,6 Clock Point
43,Puerto Rico,430163,2,2,12,12 Clock Point,12,Motor Vehicle In-Transport,3,3,6,6 Clock Point
43,Puerto Rico,430163,3,3,12,12 Clock Point,12,Motor Vehicle In-Transport,4,4,6,6 Clock Point
43,Puerto Rico,430164,1,1,12,12 Clock Point,8,Pedestrian,9999,Not a Motor Vehicle,77,Not a Motor Vehicle
43,Puerto Rico,430165,1,1,55,Non-Harmful Event,79,Ran off Roadway - Direction Unknown,9999,Not a Motor Vehicle,77,Not a Motor Vehicle
43,Puerto Rico,430165,2,1,12,12 Clock Point,39,Wall,9999,Not a Motor Vehicle,77,Not a Motor Vehicle
43,Puerto Rico,430166,1,1,2,2 Clock Point,8,Pedestrian,9999,Not a Motor Vehicle,77,Not a Motor Vehicle
43,Puerto Rico,430167,1,1,12,12 Clock Point,8,Pedestrian,9999,Not a Motor Vehicle,77,Not a Motor Vehicle
43,Puerto Rico,430168,1,1,5,5 Clock Point,12,Motor Vehicle In-Transport,2,2,12,12 Clock Point
43,Puerto Rico,430169,1,1,55,Non-Harmful Event,79,Ran off Roadway - Direction Unknown,9999,Not a Motor Vehicle,77,Not a Motor Vehicle
43,Puerto Rico,430169,2,1,12,12 Clock Point,43,Other Fixed Object,9999,Not a Motor Vehicle,77,Not a Motor Vehicle
43,Puerto Rico,430169,3,1,12,12 Clock Point,8,Pedestrian,9999,Not a Motor Vehicle,77,Not a Motor Vehicle
43,Puerto Rico,430170,1,1,2,2 Clock Point,8,Pedestrian,9999,Not a Motor Vehicle,77,Not a Motor Vehicle
43,Puerto Rico,430171,1,1,55,Non-Harmful Event,79,Ran off Roadway - Direction Unknown,9999,Not a Motor Vehicle,77,Not a Motor Vehicle
43,Puerto Rico,430171,2,1,12,12 Clock Point,42,Tree (Standing Only),9999,Not a Motor Vehicle,77,Not a Motor Vehicle
43,Puerto Rico,430171,3,1,0,Non-Collision,7,Other Non-Collision,9999,Not a Motor Vehicle,77,Not a Motor Vehicle
43,Puerto Rico,430172,1,1,55,Non-Harmful Event,79,Ran off Roadway - Direction Unknown,9999,Not a Motor Vehicle,77,Not a Motor Vehicle
43,Puerto Rico,430172,2,1,12,12 Clock Point,42,Tree (Standing Only),9999,Not a Motor Vehicle,77,Not a Motor Vehicle
43,Puerto Rico,430173,1,1,12,12 Clock Point,12,Motor Vehicle In-Transport,2,2,6,6 Clock Point
43,Puerto Rico,430174,1,1,12,12 Clock Point,12,Motor Vehicle In-Transport,2,2,12,12 Clock Point
43,Puerto Rico,430175,1,1,12,12 Clock Point,12,Motor Vehicle In-Transport,2,2,9,9 Clock Point
43,Puerto Rico,430176,1,1,55,Non-Harmful Event,79,Ran off Roadway - Direction Unknown,9999,Not a Motor Vehicle,77,Not a Motor Vehicle
43,Puerto Rico,430176,2,1,12,12 Clock Point,30,Utility Pole/Light Support,9999,Not a Motor Vehicle,77,Not a Motor Vehicle
43,Puerto Rico,430177,1,1,2,2 Clock Point,8,Pedestrian,9999,Not a Motor Vehicle,77,Not a Motor Vehicle
43,Puerto Rico,430178,1,1,12,12 Clock Point,8,Pedestrian,9999,Not a Motor Vehicle,77,Not a Motor Vehicle
43,Puerto Rico,430179,1,1,12,12 Clock Point,8,Pedestrian,9999,Not a Motor Vehicle,77,Not a Motor Vehicle
43,Puerto Rico,430180,1,1,12,12 Clock Point,12,Motor Vehicle In-Transport,2,2,12,12 Clock Point
43,Puerto Rico,430181,1,1,12,12 Clock Point,12,Motor Vehicle In-Transport,2,2,12,12 Clock Point
43,Puerto Rico,430182,1,1,55,Non-Harmful Event,79,Ran off Roadway - Direction Unknown,9999,Not a Motor Vehicle,77,Not a Motor Vehicle
43,Puerto Rico,430182,2,1,2,2 Clock Point,43,Other Fixed Object,9999,Not a Motor Vehicle,77,Not a Motor Vehicle
43,Puerto Rico,430182,3,1,6,6 Clock Point,25,Concrete Traffic Barrier,9999,Not a Motor Vehicle,77,Not a Motor Vehicle
43,Puerto Rico,430183,1,1,12,12 Clock Point,8,Pedestrian,9999,Not a Motor Vehicle,77,Not a Motor Vehicle
43,Puerto Rico,430184,1,1,12,12 Clock Point,12,Motor Vehicle In-Transport,2,2,9,9 Clock Point
43,Puerto Rico,430184,2,1,12,12 Clock Point,14,Parked Motor Vehicle,3,3,6,6 Clock Point
43,Puerto Rico,430184,3,1,12,12 Clock Point,30,Utility Pole/Light Support,9999,Not a Motor Vehicle,77,Not a Motor Vehicle
43,Puerto Rico,430184,4,1,12,12 Clock Point,14,Parked Motor Vehicle,4,4,9,9 Clock Point
43,Puerto Rico,430184,5,1,12,12 Clock Point,14,Parked Motor Vehicle,5,5,3,3 Clock Point
43,Puerto Rico,430184,6,1,12,12 Clock Point,30,Utility Pole/Light Support,9999,Not a Motor Vehicle,77,Not a Motor Vehicle
43,Puerto Rico,430184,7,1,12,12 Clock Point,14,Parked Motor Vehicle,6,6,12,12 Clock Point
43,Puerto Rico,430185,1,1,11,11 Clock Point,12,Motor Vehicle In-Transport,2,2,7,7 Clock Point
43,Puerto Rico,430185,2,1,12,12 Clock Point,43,Other Fixed Object,9999,Not a Motor Vehicle,77,Not a Motor Vehicle
43,Puerto Rico,430186,1,1,12,12 Clock Point,11,Live Animal,9999,Not a Motor Vehicle,77,Not a Motor Vehicle
43,Puerto Rico,430186,2,1,12,12 Clock Point,35,Embankment,9999,Not a Motor Vehicle,77,Not a Motor Vehicle
43,Puerto Rico,430186,3,1,0,Non-Collision,1,Rollover/Overturn,9999,Not a Motor Vehicle,77,Not a Motor Vehicle
43,Puerto Rico,430187,1,1,55,Non-Harmful Event,79,Ran off Roadway - Direction Unknown,9999,Not a Motor Vehicle,77,Not a Motor Vehicle
43,Puerto Rico,430187,2,1,12,12 Clock Point,35,Embankment,9999,Not a Motor Vehicle,77,Not a Motor Vehicle
43,Puerto Rico,430187,3,1,0,Non-Collision,2,Fire/Explosion,9999,Not a Motor Vehicle,77,Not a Motor Vehicle
43,Puerto Rico,430188,1,1,55,Non-Harmful Event,79,Ran off Roadway - Direction Unknown,9999,Not a Motor Vehicle,77,Not a Motor Vehicle
43,Puerto Rico,430188,2,1,12,12 Clock Point,38,Fence,9999,Not a Motor Vehicle,77,Not a Motor Vehicle
43,Puerto Rico,430189,1,1,6,6 Clock Point,12,Motor Vehicle In-Transport,2,2,12,12 Clock Point
43,Puerto Rico,430189,2,1,12,12 Clock Point,25,Concrete Traffic Barrier,9999,Not a Motor Vehicle,77,Not a Motor Vehicle
43,Puerto Rico,430189,3,1,12,12 Clock Point,30,Utility Pole/Light Support,9999,Not a Motor Vehicle,77,Not a Motor Vehicle
43,Puerto Rico,430190,1,1,55,Non-Harmful Event,79,Ran off Roadway - Direction Unknown,9999,Not a Motor Vehicle,77,Not a Motor Vehicle
43,Puerto Rico,430190,2,1,3,3 Clock Point,25,Concrete Traffic Barrier,9999,Not a Motor Vehicle,77,Not a Motor Vehicle
43,Puerto Rico,430190,3,1,0,Non-Collision,7,Other Non-Collision,9999,Not a Motor Vehicle,77,Not a Motor Vehicle
43,Puerto Rico,430191,1,1,55,Non-Harmful Event,79,Ran off Roadway - Direction Unknown,9999,Not a Motor Vehicle,77,Not a Motor Vehicle
43,Puerto Rico,430191,2,1,9,9 Clock Point,30,Utility Pole/Light Support,9999,Not a Motor Vehicle,77,Not a Motor Vehicle
43,Puerto Rico,430192,1,1,55,Non-Harmful Event,79,Ran off Roadway - Direction Unknown,9999,Not a Motor Vehicle,77,Not a Motor Vehicle
43,Puerto Rico,430192,2,1,12,12 Clock Point,38,Fence,9999,Not a Motor Vehicle,77,Not a Motor Vehicle
43,Puerto Rico,430193,1,1,12,12 Clock Point,8,Pedestrian,9999,Not a Motor Vehicle,77,Not a Motor Vehicle
43,Puerto Rico,430194,1,1,3,3 Clock Point,12,Motor Vehicle In-Transport,2,2,12,12 Clock Point
43,Puerto Rico,430194,2,2,5,5 Clock Point,12,Motor Vehicle In-Transport,3,3,11,11 Clock Point
43,Puerto Rico,430195,1,1,12,12 Clock Point,8,Pedestrian,9999,Not a Motor Vehicle,77,Not a Motor Vehicle
43,Puerto Rico,430196,1,1,0,Non-Collision,3,Immersion or Partial Immersion,9999,Not a Motor Vehicle,77,Not a Motor Vehicle
43,Puerto Rico,430197,1,1,9,9 Clock Point,12,Motor Vehicle In-Transport,2,2,3,3 Clock Point
43,Puerto Rico,430198,1,1,12,12 Clock Point,8,Pedestrian,9999,Not a Motor Vehicle,77,Not a Motor Vehicle
43,Puerto Rico,430199,1,1,12,12 Clock Point,8,Pedestrian,9999,Not a Motor Vehicle,77,Not a Motor Vehicle
43,Puerto Rico,430200,1,1,12,12 Clock Point,8,Pedestrian,9999,Not a Motor Vehicle,77,Not a Motor Vehicle
43,Puerto Rico,430201,1,1,55,Non-Harmful Event,79,Ran off Roadway - Direction Unknown,9999,Not a Motor Vehicle,77,Not a Motor Vehicle
43,Puerto Rico,430201,2,1,12,12 Clock Point,25,Concrete Traffic Barrier,9999,Not a Motor Vehicle,77,Not a Motor Vehicle
43,Puerto Rico,430201,3,1,9,9 Clock Point,12,Motor Vehicle In-Transport,2,2,12,12 Clock Point
43,Puerto Rico,430201,4,1,11,11 Clock Point,25,Concrete Traffic Barrier,9999,Not a Motor Vehicle,77,Not a Motor Vehicle
43,Puerto Rico,430202,1,1,55,Non-Harmful Event,79,Ran off Roadway - Direction Unknown,9999,Not a Motor Vehicle,77,Not a Motor Vehicle
43,Puerto Rico,430202,2,1,11,11 Clock Point,25,Concrete Traffic Barrier,9999,Not a Motor Vehicle,77,Not a Motor Vehicle
43,Puerto Rico,430202,3,1,12,12 Clock Point,25,Concrete Traffic Barrier,9999,Not a Motor Vehicle,77,Not a Motor Vehicle
43,Puerto Rico,430203,1,1,12,12 Clock Point,8,Pedestrian,9999,Not a Motor Vehicle,77,Not a Motor Vehicle
43,Puerto Rico,430204,1,1,55,Non-Harmful Event,79,Ran off Roadway - Direction Unknown,9999,Not a Motor Vehicle,77,Not a Motor Vehicle
43,Puerto Rico,430204,2,1,12,12 Clock Point,25,Concrete Traffic Barrier,9999,Not a Motor Vehicle,77,Not a Motor Vehicle
43,Puerto Rico,430205,1,1,55,Non-Harmful Event,79,Ran off Roadway - Direction Unknown,9999,Not a Motor Vehicle,77,Not a Motor Vehicle
43,Puerto Rico,430205,2,1,2,2 Clock Point,39,Wall,9999,Not a Motor Vehicle,77,Not a Motor Vehicle
43,Puerto Rico,430206,1,1,3,3 Clock Point,12,Motor Vehicle In-Transport,2,2,9,9 Clock Point
43,Puerto Rico,430206,2,2,2,2 Clock Point,12,Motor Vehicle In-Transport,3,3,11,11 Clock Point
43,Puerto Rico,430207,1,1,12,12 Clock Point,8,Pedestrian,9999,Not a Motor Vehicle,77,Not a Motor Vehicle
43,Puerto Rico,430208,1,1,55,Non-Harmful Event,79,Ran off Roadway - Direction Unknown,9999,Not a Motor Vehicle,77,Not a Motor Vehicle
43,Puerto Rico,430208,2,1,2,2 Clock Point,42,Tree (Standing Only),9999,Not a Motor Vehicle,77,Not a Motor Vehicle
43,Puerto Rico,430208,3,1,0,Non-Collision,1,Rollover/Overturn,9999,Not a Motor Vehicle,77,Not a Motor Vehicle
43,Puerto Rico,430209,1,1,12,12 Clock Point,8,Pedestrian,9999,Not a Motor Vehicle,77,Not a Motor Vehicle
43,Puerto Rico,430210,1,1,3,3 Clock Point,12,Motor Vehicle In-Transport,2,2,12,12 Clock Point
43,Puerto Rico,430211,1,1,12,12 Clock Point,12,Motor Vehicle In-Transport,2,2,9,9 Clock Point
43,Puerto Rico,430212,1,1,12,12 Clock Point,8,Pedestrian,9999,Not a Motor Vehicle,77,Not a Motor Vehicle
43,Puerto Rico,430213,1,1,12,12 Clock Point,9,Pedalcyclist,9999,Not a Motor Vehicle,77,Not a Motor Vehicle
43,Puerto Rico,430214,1,1,12,12 Clock Point,12,Motor Vehicle In-Transport,2,2,12,12 Clock Point
43,Puerto Rico,430215,1,1,2,2 Clock Point,8,Pedestrian,9999,Not a Motor Vehicle,77,Not a Motor Vehicle
43,Puerto Rico,430216,1,1,12,12 Clock Point,12,Motor Vehicle In-Transport,2,2,12,12 Clock Point
43,Puerto Rico,430217,1,1,55,Non-Harmful Event,79,Ran off Roadway - Direction Unknown,9999,Not a Motor Vehicle,77,Not a Motor Vehicle
43,Puerto Rico,430217,2,1,12,12 Clock Point,25,Concrete Traffic Barrier,9999,Not a Motor Vehicle,77,Not a Motor Vehicle
43,Puerto Rico,430218,1,1,55,Non-Harmful Event,79,Ran off Roadway - Direction Unknown,9999,Not a Motor Vehicle,77,Not a Motor Vehicle
43,Puerto Rico,430218,2,1,12,12 Clock Point,43,Other Fixed Object,9999,Not a Motor Vehicle,77,Not a Motor Vehicle
43,Puerto Rico,430219,1,1,12,12 Clock Point,12,Motor Vehicle In-Transport,2,2,12,12 Clock Point
43,Puerto Rico,430220,1,1,2,2 Clock Point,12,Motor Vehicle In-Transport,2,2,3,3 Clock Point
43,Puerto Rico,430221,1,1,11,11 Clock Point,8,Pedestrian,9999,Not a Motor Vehicle,77,Not a Motor Vehicle
43,Puerto Rico,430222,1,1,55,Non-Harmful Event,79,Ran off Roadway - Direction Unknown,9999,Not a Motor Vehicle,77,Not a Motor Vehicle
43,Puerto Rico,430222,2,1,11,11 Clock Point,42,Tree (Standing Only),9999,Not a Motor Vehicle,77,Not a Motor Vehicle
43,Puerto Rico,430223,1,1,2,2 Clock Point,8,Pedestrian,9999,Not a Motor Vehicle,77,Not a Motor Vehicle
43,Puerto Rico,430224,1,1,12,12 Clock Point,12,Motor Vehicle In-Transport,2,2,12,12 Clock Point
43,Puerto Rico,430225,1,1,55,Non-Harmful Event,79,Ran off Roadway - Direction Unknown,9999,Not a Motor Vehicle,77,Not a Motor Vehicle
43,Puerto Rico,430225,2,1,3,3 Clock Point,30,Utility Pole/Light Support,9999,Not a Motor Vehicle,77,Not a Motor Vehicle
43,Puerto Rico,430226,1,1,12,12 Clock Point,8,Pedestrian,9999,Not a Motor Vehicle,77,Not a Motor Vehicle
43,Puerto Rico,430227,1,1,55,Non-Harmful Event,79,Ran off Roadway - Direction Unknown,9999,Not a Motor Vehicle,77,Not a Motor Vehicle
43,Puerto Rico,430227,2,1,12,12 Clock Point,30,Utility Pole/Light Support,9999,Not a Motor Vehicle,77,Not a Motor Vehicle
43,Puerto Rico,430228,1,1,12,12 Clock Point,8,Pedestrian,9999,Not a Motor Vehicle,77,Not a Motor Vehicle
43,Puerto Rico,430228,2,1,12,12 Clock Point,8,Pedestrian,9999,Not a Motor Vehicle,77,Not a Motor Vehicle
43,Puerto Rico,430229,1,1,55,Non-Harmful Event,79,Ran off Roadway - Direction Unknown,9999,Not a Motor Vehicle,77,Not a Motor Vehicle
43,Puerto Rico,430229,2,1,2,2 Clock Point,30,Utility Pole/Light Support,9999,Not a Motor Vehicle,77,Not a Motor Vehicle
43,Puerto Rico,430229,3,1,0,Non-Collision,1,Rollover/Overturn,9999,Not a Motor Vehicle,77,Not a Motor Vehicle
43,Puerto Rico,430230,1,1,12,12 Clock Point,12,Motor Vehicle In-Transport,2,2,12,12 Clock Point
43,Puerto Rico,430231,1,1,12,12 Clock Point,8,Pedestrian,9999,Not a Motor Vehicle,77,Not a Motor Vehicle
43,Puerto Rico,430232,1,1,2,2 Clock Point,8,Pedestrian,9999,Not a Motor Vehicle,77,Not a Motor Vehicle
43,Puerto Rico,430233,1,1,12,12 Clock Point,8,Pedestrian,9999,Not a Motor Vehicle,77,Not a Motor Vehicle
43,Puerto Rico,430234,1,1,12,12 Clock Point,8,Pedestrian,9999,Not a Motor Vehicle,77,Not a Motor Vehicle
43,Puerto Rico,430235,1,1,12,12 Clock Point,8,Pedestrian,9999,Not a Motor Vehicle,77,Not a Motor Vehicle
43,Puerto Rico,430236,1,1,11,11 Clock Point,8,Pedestrian,9999,Not a Motor Vehicle,77,Not a Motor Vehicle
43,Puerto Rico,430237,1,1,12,12 Clock Point,8,Pedestrian,9999,Not a Motor Vehicle,77,Not a Motor Vehicle
43,Puerto Rico,430238,1,1,12,12 Clock Point,12,Motor Vehicle In-Transport,2,2,12,12 Clock Point
43,Puerto Rico,430239,1,1,12,12 Clock Point,12,Motor Vehicle In-Transport,2,2,12,12 Clock Point
43,Puerto Rico,430240,1,1,12,12 Clock Point,8,Pedestrian,9999,Not a Motor Vehicle,77,Not a Motor Vehicle
43,Puerto Rico,430241,1,1,12,12 Clock Point,8,Pedestrian,9999,Not a Motor Vehicle,77,Not a Motor Vehicle
43,Puerto Rico,430242,1,1,12,12 Clock Point,12,Motor Vehicle In-Transport,2,2,12,12 Clock Point
43,Puerto Rico,430243,1,1,55,Non-Harmful Event,79,Ran off Roadway - Direction Unknown,9999,Not a Motor Vehicle,77,Not a Motor Vehicle
43,Puerto Rico,430243,2,1,12,12 Clock Point,25,Concrete Traffic Barrier,9999,Not a Motor Vehicle,77,Not a Motor Vehicle
43,Puerto Rico,430244,1,1,12,12 Clock Point,12,Motor Vehicle In-Transport,2,2,12,12 Clock Point
43,Puerto Rico,430245,1,1,55,Non-Harmful Event,79,Ran off Roadway - Direction Unknown,9999,Not a Motor Vehicle,77,Not a Motor Vehicle
43,Puerto Rico,430245,2,1,12,12 Clock Point,42,Tree (Standing Only),9999,Not a Motor Vehicle,77,Not a Motor Vehicle
43,Puerto Rico,430246,1,1,55,Non-Harmful Event,79,Ran off Roadway - Direction Unknown,9999,Not a Motor Vehicle,77,Not a Motor Vehicle
43,Puerto Rico,430246,2,1,2,2 Clock Point,42,Tree (Standing Only),9999,Not a Motor Vehicle,77,Not a Motor Vehicle
43,Puerto Rico,430246,3,1,0,Non-Collision,1,Rollover/Overturn,9999,Not a Motor Vehicle,77,Not a Motor Vehicle
43,Puerto Rico,430247,1,1,12,12 Clock Point,8,Pedestrian,9999,Not a Motor Vehicle,77,Not a Motor Vehicle
43,Puerto Rico,430247,2,1,12,12 Clock Point,8,Pedestrian,9999,Not a Motor Vehicle,77,Not a Motor Vehicle
43,Puerto Rico,430248,1,1,12,12 Clock Point,8,Pedestrian,9999,Not a Motor Vehicle,77,Not a Motor Vehicle
43,Puerto Rico,430249,1,1,12,12 Clock Point,8,Pedestrian,9999,Not a Motor Vehicle,77,Not a Motor Vehicle
43,Puerto Rico,430250,1,1,12,12 Clock Point,8,Pedestrian,9999,Not a Motor Vehicle,77,Not a Motor Vehicle
43,Puerto Rico,430251,1,1,0,Non-Collision,1,Rollover/Overturn,9999,Not a Motor Vehicle,77,Not a Motor Vehicle
43,Puerto Rico,430251,2,1,0,Non-Collision,7,Other Non-Collision,9999,Not a Motor Vehicle,77,Not a Motor Vehicle
43,Puerto Rico,430252,1,1,3,3 Clock Point,12,Motor Vehicle In-Transport,2,2,9,9 Clock Point
43,Puerto Rico,430252,2,1,12,12 Clock Point,39,Wall,9999,Not a Motor Vehicle,77,Not a Motor Vehicle
43,Puerto Rico,430253,1,1,55,Non-Harmful Event,79,Ran off Roadway - Direction Unknown,9999,Not a Motor Vehicle,77,Not a Motor Vehicle
43,Puerto Rico,430253,2,1,12,12 Clock Point,30,Utility Pole/Light Support,9999,Not a Motor Vehicle,77,Not a Motor Vehicle
43,Puerto Rico,430254,1,1,12,12 Clock Point,8,Pedestrian,9999,Not a Motor Vehicle,77,Not a Motor Vehicle
43,Puerto Rico,430254,2,1,12,12 Clock Point,8,Pedestrian,9999,Not a Motor Vehicle,77,Not a Motor Vehicle
43,Puerto Rico,430255,1,1,0,Non-Collision,7,Other Non-Collision,9999,Not a Motor Vehicle,77,Not a Motor Vehicle
43,Puerto Rico,430256,1,1,12,12 Clock Point,12,Motor Vehicle In-Transport,2,2,12,12 Clock Point
43,Puerto Rico,430257,1,1,11,11 Clock Point,8,Pedestrian,9999,Not a Motor Vehicle,77,Not a Motor Vehicle
43,Puerto Rico,430258,1,1,12,12 Clock Point,9,Pedalcyclist,9999,Not a Motor Vehicle,77,Not a Motor Vehicle
43,Puerto Rico,430259,1,1,12,12 Clock Point,12,Motor Vehicle In-Transport,2,2,6,6 Clock Point
43,Puerto Rico,430260,1,1,3,3 Clock Point,12,Motor Vehicle In-Transport,2,2,12,12 Clock Point
43,Puerto Rico,430261,1,1,11,11 Clock Point,8,Pedestrian,9999,Not a Motor Vehicle,77,Not a Motor Vehicle
43,Puerto Rico,430262,1,1,12,12 Clock Point,8,Pedestrian,9999,Not a Motor Vehicle,77,Not a Motor Vehicle
43,Puerto Rico,430263,1,1,12,12 Clock Point,8,Pedestrian,9999,Not a Motor Vehicle,77,Not a Motor Vehicle
43,Puerto Rico,430264,1,1,11,11 Clock Point,8,Pedestrian,9999,Not a Motor Vehicle,77,Not a Motor Vehicle
43,Puerto Rico,430265,1,1,0,Non-Collision,3,Immersion or Partial Immersion,9999,Not a Motor Vehicle,77,Not a Motor Vehicle
43,Puerto Rico,430266,1,1,12,12 Clock Point,12,Motor Vehicle In-Transport,2,2,12,12 Clock Point
43,Puerto Rico,430267,1,1,12,12 Clock Point,9,Pedalcyclist,9999,Not a Motor Vehicle,77,Not a Motor Vehicle
43,Puerto Rico,430268,1,1,2,2 Clock Point,8,Pedestrian,9999,Not a Motor Vehicle,77,Not a Motor Vehicle
43,Puerto Rico,430269,1,1,55,Non-Harmful Event,79,Ran off Roadway - Direction Unknown,9999,Not a Motor Vehicle,77,Not a Motor Vehicle
43,Puerto Rico,430269,2,1,12,12 Clock Point,25,Concrete Traffic Barrier,9999,Not a Motor Vehicle,77,Not a Motor Vehicle
43,Puerto Rico,430270,1,1,0,Non-Collision,1,Rollover/Overturn,9999,Not a Motor Vehicle,77,Not a Motor Vehicle
43,Puerto Rico,430271,1,1,12,12 Clock Point,9,Pedalcyclist,9999,Not a Motor Vehicle,77,Not a Motor Vehicle
43,Puerto Rico,430272,1,1,12,12 Clock Point,8,Pedestrian,9999,Not a Motor Vehicle,77,Not a Motor Vehicle
43,Puerto Rico,430273,1,1,12,12 Clock Point,8,Pedestrian,9999,Not a Motor Vehicle,77,Not a Motor Vehicle
43,Puerto Rico,430274,1,1,12,12 Clock Point,8,Pedestrian,9999,Not a Motor Vehicle,77,Not a Motor Vehicle
43,Puerto Rico,430275,1,1,12,12 Clock Point,15,Non-Motorist on Personal Conveyance,9999,Not a Motor Vehicle,77,Not a Motor Vehicle
43,Puerto Rico,430276,1,1,55,Non-Harmful Event,79,Ran off Roadway - Direction Unknown,9999,Not a Motor Vehicle,77,Not a Motor Vehicle
43,Puerto Rico,430276,2,1,12,12 Clock Point,42,Tree (Standing Only),9999,Not a Motor Vehicle,77,Not a Motor Vehicle
43,Puerto Rico,430276,3,1,9,9 Clock Point,42,Tree (Standing Only),9999,Not a Motor Vehicle,77,Not a Motor Vehicle
43,Puerto Rico,430277,1,1,12,12 Clock Point,8,Pedestrian,9999,Not a Motor Vehicle,77,Not a Motor Vehicle
43,Puerto Rico,430278,1,1,12,12 Clock Point,12,Motor Vehicle In-Transport,2,2,12,12 Clock Point
43,Puerto Rico,430279,1,1,55,Non-Harmful Event,79,Ran off Roadway - Direction Unknown,9999,Not a Motor Vehicle,77,Not a Motor Vehicle
43,Puerto Rico,430279,2,1,12,12 Clock Point,30,Utility Pole/Light Support,9999,Not a Motor Vehicle,77,Not a Motor Vehicle
43,Puerto Rico,430280,1,1,12,12 Clock Point,8,Pedestrian,9999,Not a Motor Vehicle,77,Not a Motor Vehicle
43,Puerto Rico,430280,2,1,12,12 Clock Point,8,Pedestrian,9999,Not a Motor Vehicle,77,Not a Motor Vehicle
43,Puerto Rico,430281,1,1,55,Non-Harmful Event,79,Ran off Roadway - Direction Unknown,9999,Not a Motor Vehicle,77,Not a Motor Vehicle
43,Puerto Rico,430281,2,1,3,3 Clock Point,42,Tree (Standing Only),9999,Not a Motor Vehicle,77,Not a Motor Vehicle
43,Puerto Rico,430282,1,1,55,Non-Harmful Event,79,Ran off Roadway - Direction Unknown,9999,Not a Motor Vehicle,77,Not a Motor Vehicle
43,Puerto Rico,430282,2,1,12,12 Clock Point,39,Wall,9999,Not a Motor Vehicle,77,Not a Motor Vehicle
43,Puerto Rico,430283,1,1,2,2 Clock Point,8,Pedestrian,9999,Not a Motor Vehicle,77,Not a Motor Vehicle
43,Puerto Rico,430284,1,1,55,Non-Harmful Event,79,Ran off Roadway - Direction Unknown,9999,Not a Motor Vehicle,77,Not a Motor Vehicle
43,Puerto Rico,430284,2,1,12,12 Clock Point,25,Concrete Traffic Barrier,9999,Not a Motor Vehicle,77,Not a Motor Vehicle
43,Puerto Rico,430284,3,1,0,Non-Collision,1,Rollover/Overturn,9999,Not a Motor Vehicle,77,Not a Motor Vehicle
43,Puerto Rico,430285,1,1,11,11 Clock Point,8,Pedestrian,9999,Not a Motor Vehicle,77,Not a Motor Vehicle
43,Puerto Rico,430286,1,1,55,Non-Harmful Event,79,Ran off Roadway - Direction Unknown,9999,Not a Motor Vehicle,77,Not a Motor Vehicle
43,Puerto Rico,430286,2,1,5,5 Clock Point,42,Tree (Standing Only),9999,Not a Motor Vehicle,77,Not a Motor Vehicle
43,Puerto Rico,430286,3,1,11,11 Clock Point,42,Tree (Standing Only),9999,Not a Motor Vehicle,77,Not a Motor Vehicle
43,Puerto Rico,430287,1,1,12,12 Clock Point,12,Motor Vehicle In-Transport,2,2,12,12 Clock Point
43,Puerto Rico,430288,1,1,12,12 Clock Point,12,Motor Vehicle In-Transport,2,2,12,12 Clock Point
43,Puerto Rico,430288,2,1,6,6 Clock Point,43,Other Fixed Object,9999,Not a Motor Vehicle,77,Not a Motor Vehicle
43,Puerto Rico,430289,1,1,12,12 Clock Point,8,Pedestrian,9999,Not a Motor Vehicle,77,Not a Motor Vehicle
43,Puerto Rico,430290,1,1,12,12 Clock Point,12,Motor Vehicle In-Transport,2,2,3,3 Clock Point
43,Puerto Rico,430290,2,1,9,9 Clock Point,12,Motor Vehicle In-Transport,3,3,2,2 Clock Point
43,Puerto Rico,430291,1,1,55,Non-Harmful Event,79,Ran off Roadway - Direction Unknown,9999,Not a Motor Vehicle,77,Not a Motor Vehicle
43,Puerto Rico,430291,2,1,12,12 Clock Point,25,Concrete Traffic Barrier,9999,Not a Motor Vehicle,77,Not a Motor Vehicle
43,Puerto Rico,430292,1,1,12,12 Clock Point,8,Pedestrian,9999,Not a Motor Vehicle,77,Not a Motor Vehicle
43,Puerto Rico,430293,1,1,55,Non-Harmful Event,79,Ran off Roadway - Direction Unknown,9999,Not a Motor Vehicle,77,Not a Motor Vehicle
43,Puerto Rico,430293,2,1,12,12 Clock Point,25,Concrete Traffic Barrier,9999,Not a Motor Vehicle,77,Not a Motor Vehicle
43,Puerto Rico,430294,1,1,12,12 Clock Point,8,Pedestrian,9999,Not a Motor Vehicle,77,Not a Motor Vehicle
43,Puerto Rico,430294,2,1,3,3 Clock Point,30,Utility Pole/Light Support,9999,Not a Motor Vehicle,77,Not a Motor Vehicle
43,Puerto Rico,430294,3,1,12,12 Clock Point,8,Pedestrian,9999,Not a Motor Vehicle,77,Not a Motor Vehicle
43,Puerto Rico,430294,4,1,12,12 Clock Point,8,Pedestrian,9999,Not a Motor Vehicle,77,Not a Motor Vehicle
43,Puerto Rico,430295,1,1,12,12 Clock Point,8,Pedestrian,9999,Not a Motor Vehicle,77,Not a Motor Vehicle
43,Puerto Rico,430296,1,1,12,12 Clock Point,12,Motor Vehicle In-Transport,2,2,6,6 Clock Point
43,Puerto Rico,430297,1,1,12,12 Clock Point,8,Pedestrian,9999,Not a Motor Vehicle,77,Not a Motor Vehicle
43,Puerto Rico,430298,1,1,12,12 Clock Point,12,Motor Vehicle In-Transport,2,2,12,12 Clock Point
