STATE,STATENAME,ST_CASE,VEH_NO,PER_NO,NMIMPAIR,NMIMPAIRNAME
43,Puerto Rico,430001,0,1,0,None/Apparently Normal
43,Puerto Rico,430002,0,1,0,None/Apparently Normal
43,Puerto Rico,430004,0,1,0,None/Apparently Normal
43,Puerto Rico,430005,0,1,0,None/Apparently Normal
43,Puerto Rico,430006,0,1,0,None/Apparently Normal
43,Puerto Rico,430008,0,1,0,None/Apparently Normal
43,Puerto Rico,430009,0,1,0,None/Apparently Normal
43,Puerto Rico,430010,0,1,0,None/Apparently Normal
43,Puerto Rico,430011,0,1,0,None/Apparently Normal
43,Puerto Rico,430014,0,1,0,None/Apparently Normal
43,Puerto Rico,430019,0,1,0,None/Apparently Normal
43,Puerto Rico,430020,0,1,0,None/Apparently Normal
43,Puerto Rico,430022,0,1,0,None/Apparently Normal
43,Puerto Rico,430024,0,1,0,None/Apparently Normal
43,Puerto Rico,430025,0,1,0,None/Apparently Normal
43,Puerto Rico,430027,0,1,0,None/Apparently Normal
43,Puerto Rico,430031,0,1,0,None/Apparently Normal
43,Puerto Rico,430032,0,1,0,None/Apparently Normal
43,Puerto Rico,430032,0,2,0,None/Apparently Normal
43,Puerto Rico,430033,0,1,0,None/Apparently Normal
43,Puerto Rico,430035,0,1,0,None/Apparently Normal
43,Puerto Rico,430037,0,1,0,None/Apparently Normal
43,Puerto Rico,430037,0,2,0,None/Apparently Normal
43,Puerto Rico,430045,0,1,0,None/Apparently Normal
43,Puerto Rico,430047,0,1,0,None/Apparently Normal
43,Puerto Rico,430050,0,1,0,None/Apparently Normal
43,Puerto Rico,430055,0,1,0,None/Apparently Normal
43,Puerto Rico,430060,0,1,0,None/Apparently Normal
43,Puerto Rico,430060,0,2,0,None/Apparently Normal
43,Puerto Rico,430061,0,1,0,None/Apparently Normal
43,Puerto Rico,430061,0,2,0,None/Apparently Normal
43,Puerto Rico,430063,0,1,0,None/Apparently Normal
43,Puerto Rico,430064,0,1,0,None/Apparently Normal
43,Puerto Rico,430064,0,2,0,None/Apparently Normal
43,Puerto Rico,430067,0,1,0,None/Apparently Normal
43,Puerto Rico,430068,0,1,0,None/Apparently Normal
43,Puerto Rico,430069,0,1,0,None/Apparently Normal
43,Puerto Rico,430073,0,1,0,None/Apparently Normal
43,Puerto Rico,430075,0,1,0,None/Apparently Normal
43,Puerto Rico,430076,0,1,0,None/Apparently Normal
43,Puerto Rico,430080,0,1,0,None/Apparently Normal
43,Puerto Rico,430082,0,1,0,None/Apparently Normal
43,Puerto Rico,430089,0,1,0,None/Apparently Normal
43,Puerto Rico,430090,0,1,0,None/Apparently Normal
43,Puerto Rico,430093,0,1,0,None/Apparently Normal
43,Puerto Rico,430094,0,1,0,None/Apparently Normal
43,Puerto Rico,430094,0,2,0,None/Apparently Normal
43,Puerto Rico,430094,0,3,0,None/Apparently Normal
43,Puerto Rico,430096,0,1,0,None/Apparently Normal
43,Puerto Rico,430098,0,1,0,None/Apparently Normal
43,Puerto Rico,430100,0,1,0,None/Apparently Normal
43,Puerto Rico,430102,0,1,0,None/Apparently Normal
43,Puerto Rico,430103,0,1,0,None/Apparently Normal
43,Puerto Rico,430108,0,1,0,None/Apparently Normal
43,Puerto Rico,430110,0,1,0,None/Apparently Normal
43,Puerto Rico,430111,0,1,0,None/Apparently Normal
43,Puerto Rico,430113,0,1,0,None/Apparently Normal
43,Puerto Rico,430115,0,1,0,None/Apparently Normal
43,Puerto Rico,430118,0,1,0,None/Apparently Normal
43,Puerto Rico,430119,0,1,0,None/Apparently Normal
43,Puerto Rico,430123,0,1,0,None/Apparently Normal
43,Puerto Rico,430125,0,1,0,None/Apparently Normal
43,Puerto Rico,430133,0,1,0,None/Apparently Normal
43,Puerto Rico,430135,0,1,0,None/Apparently Normal
43,Puerto Rico,430138,0,1,0,None/Apparently Normal
43,Puerto Rico,430140,0,1,0,None/Apparently Normal
43,Puerto Rico,430147,0,1,0,None/Apparently Normal
43,Puerto Rico,430150,0,1,0,None/Apparently Normal
43,Puerto Rico,430152,0,1,0,None/Apparently Normal
43,Puerto Rico,430158,0,1,0,None/Apparently Normal
43,Puerto Rico,430164,0,1,0,None/Apparently Normal
43,Puerto Rico,430166,0,1,0,None/Apparently Normal
43,Puerto Rico,430167,0,1,0,None/Apparently Normal
43,Puerto Rico,430169,0,1,0,None/Apparently Normal
43,Puerto Rico,430170,0,1,0,None/Apparently Normal
43,Puerto Rico,430177,0,1,0,None/Apparently Normal
43,Puerto Rico,430178,0,1,0,None/Apparently Normal
43,Puerto Rico,430179,0,1,0,None/Apparently Normal
43,Puerto Rico,430183,0,1,0,None/Apparently Normal
43,Puerto Rico,430193,0,1,0,None/Apparently Normal
43,Puerto Rico,430195,0,1,0,None/Apparently Normal
43,Puerto Rico,430198,0,1,0,None/Apparently Normal
43,Puerto Rico,430199,0,1,0,None/Apparently Normal
43,Puerto Rico,430200,0,1,0,None/Apparently Normal
43,Puerto Rico,430203,0,1,0,None/Apparently Normal
43,Puerto Rico,430207,0,1,0,None/Apparently Normal
43,Puerto Rico,430209,0,1,0,None/Apparently Normal
43,Puerto Rico,430212,0,1,0,None/Apparently Normal
43,Puerto Rico,430213,0,1,0,None/Apparently Normal
43,Puerto Rico,430215,0,1,0,None/Apparently Normal
43,Puerto Rico,430221,0,1,0,None/Apparently Normal
43,Puerto Rico,430223,0,1,0,None/Apparently Normal
43,Puerto Rico,430226,0,1,0,None/Apparently Normal
43,Puerto Rico,430228,0,1,0,None/Apparently Normal
43,Puerto Rico,430228,0,2,0,None/Apparently Normal
43,Puerto Rico,430231,0,1,0,None/Apparently Normal
43,Puerto Rico,430232,0,1,0,None/Apparently Normal
43,Puerto Rico,430233,0,1,0,None/Apparently Normal
43,Puerto Rico,430234,0,1,0,None/Apparently Normal
43,Puerto Rico,430235,0,1,0,None/Apparently Normal
43,Puerto Rico,430236,0,1,0,None/Apparently Normal
43,Puerto Rico,430237,0,1,0,None/Apparently Normal
43,Puerto Rico,430240,0,1,0,None/Apparently Normal
43,Puerto Rico,430241,0,1,0,None/Apparently Normal
43,Puerto Rico,430247,0,1,0,None/Apparently Normal
43,Puerto Rico,430247,0,2,0,None/Apparently Normal
43,Puerto Rico,430248,0,1,0,None/Apparently Normal
43,Puerto Rico,430249,0,1,0,None/Apparently Normal
43,Puerto Rico,430250,0,1,0,None/Apparently Normal
43,Puerto Rico,430254,0,1,0,None/Apparently Normal
43,Puerto Rico,430254,0,2,0,None/Apparently Normal
43,Puerto Rico,430257,0,1,0,None/Apparently Normal
43,Puerto Rico,430258,0,1,0,None/Apparently Normal
43,Puerto Rico,430261,0,1,0,None/Apparently Normal
43,Puerto Rico,430262,0,1,0,None/Apparently Normal
43,Puerto Rico,430263,0,1,0,None/Apparently Normal
43,Puerto Rico,430264,0,1,0,None/Apparently Normal
43,Puerto Rico,430267,0,1,0,None/Apparently Normal
43,Puerto Rico,430268,0,1,0,None/Apparently Normal
43,Puerto Rico,430271,0,1,0,None/Apparently Normal
43,Puerto Rico,430272,0,1,0,None/Apparently Normal
43,Puerto Rico,430273,0,1,0,None/Apparently Normal
43,Puerto Rico,430274,0,1,0,None/Apparently Normal
43,Puerto Rico,430275,0,1,0,None/Apparently Normal
43,Puerto Rico,430277,0,1,0,None/Apparently Normal
43,Puerto Rico,430280,0,1,0,None/Apparently Normal
43,Puerto Rico,430280,0,2,0,None/Apparently Normal
43,Puerto Rico,430283,0,1,0,None/Apparently Normal
43,Puerto Rico,430285,0,1,0,None/Apparently Normal
43,Puerto Rico,430289,0,1,0,None/Apparently Normal
43,Puerto Rico,430292,0,1,0,None/Apparently Normal
43,Puerto Rico,430294,0,1,0,None/Apparently Normal
43,Puerto Rico,430294,0,2,0,None/Apparently Normal
43,Puerto Rico,430294,0,3,0,None/Apparently Normal
43,Puerto Rico,430295,0,1,0,None/Apparently Normal
43,Puerto Rico,430297,0,1,0,None/Apparently Normal
