STATE,STATENAME,ST_CASE,VEH_NO,PVE_FORMS,PNUMOCCS,PNUMOCCSNAME,PDAY,PDAYNAME,PMONTH,PMONTHNAME,PHOUR,PHOURNAME,PMINUTE,PMINUTENAME,PHARM_EV,PHARM_EVNAME,PMAN_COLL,PMAN_COLLNAME,PTYPE,PTYPENAME,PHIT_RUN,PHIT_RUNNAME,PREG_STAT,PREG_STATNAME,POWNER,POWNERNAME,PMAKE,PMAKENAME,PMODEL,PMAK_MOD,PMAK_MODNAME,PBODYTYP,PBODYTYPNAME,PMODYEAR,PMODYEARNAME,PVIN,PVINNAME,PVIN_1,PVIN_2,PVIN_3,PVIN_4,PVIN_5,PVIN_6,PVIN_7,PVIN_8,PVIN_9,PVIN_10,PVIN_11,PVIN_12,PTRAILER,PTRAILERNAME,PMCARR_I1,PMCARR_I1NAME,PMCARR_I2,PMCARR_I2NAME,PMCARR_ID,PMCARR_IDNAME,PGVWR,PGVWRNAME,PV_CONFIG,PV_CONFIGNAME,PCARGTYP,PCARGTYPNAME,PHAZ_INV,PHAZ_INVNAME,PHAZPLAC,PHAZPLACNAME,PHAZ_ID,PHAZ_IDNAME,PHAZ_CNO,PHAZ_CNONAME,PHAZ_REL,PHAZ_RELNAME,PBUS_USE,PBUS_USENAME,PSP_USE,PSP_USENAME,PEM_USE,PEM_USENAME,PUNDERIDE,PUNDERIDENAME,PIMPACT1,PIMPACT1NAME,PVEH_SEV,PVEH_SEVNAME,PTOWED,PTOWEDNAME,PM_HARM,PM_HARMNAME,PVEH_SC1,PVEH_SC1NAME,PVEH_SC2,PVEH_SC2NAME,PFIRE,PFIRENAME,PDEATHS,PTRLR1VIN,PTRLR1VINNAME,PTRLR2VIN,PTRLR2VINNAME,PTRLR3VIN,PTRLR3VINNAME
43,Puerto Rico,430058,2,3,1,01,6,6,5,May,7,7:00am-7:59am,0,0,14,Parked Motor Vehicle,0,Not a Collision with Motor Vehicle In-Transport,2,Motor Vehicle Not In-Transport Within the Trafficway,0,No,43,Puerto Rico,6,Driverless/Motor Vehicle Parked/Stopped Off Roadway,49,Toyota,51,49051,Toyota Yaris,5,5-door/4-door hatchback,2015,2015,VNKKTUD33FA0,VNKKTUD33FA0,V,N,K,K,T,U,D,3,3,F,A,0,0,No Trailing Units,0,Not Applicable,000000000,Not Applicable,00000000000,Not Applicable,0,Not Applicable,0,Not Applicable,0,Not Applicable (N/A),1,No,0,Not Applicable,0,Not Applicable,0,Not Applicable,0,Not Applicable,0,Not a Bus,0,No Special Use,0,Not Applicable,0,No Underride or Override Noted,5,5 Clock Point,2,Minor Damage,5,Not Towed,12,Motor Vehicle In-Transport,0,None,0,None,0,No or Not Reported,0,777777777777,No Trailing Units,777777777777,No Trailing Units,777777777777,No Trailing Units
43,Puerto Rico,430076,2,1,1,01,24,24,4,April,21,9:00pm-9:59pm,40,40,14,Parked Motor Vehicle,0,Not a Collision with Motor Vehicle In-Transport,2,Motor Vehicle Not In-Transport Within the Trafficway,0,No,43,Puerto Rico,6,Driverless/Motor Vehicle Parked/Stopped Off Roadway,84,International Harvester/Navistar,881,84881,International Harvester/Navistar Medium/Heavy - CBE,62,"Single-unit straight truck or Cab-Chassis (GVWR range 19,501 to 26,000 lbs.)",1995,1995,1HTSCABMXSH6,1HTSCABMXSH6,1,H,T,S,C,A,B,M,X,S,H,6,0,No Trailing Units,88,None,888888888,None,88888888888,None,2,"10,001 lbs - 26,000 lbs",2,Single-Unit Truck (3 or more axles),98,Unknown Cargo Body Type,1,No,0,Not Applicable,0,Not Applicable,0,Not Applicable,0,Not Applicable,0,Not a Bus,0,No Special Use,0,Not Applicable,0,No Underride or Override Noted,9,9 Clock Point,4,Functional Damage,3,Towed Not Due to Disabling Damage,12,Motor Vehicle In-Transport,0,None,0,None,0,No or Not Reported,0,777777777777,No Trailing Units,777777777777,No Trailing Units,777777777777,No Trailing Units
43,Puerto Rico,430160,2,2,1,01,19,19,7,July,12,12:00pm-12:59pm,20,20,14,Parked Motor Vehicle,0,Not a Collision with Motor Vehicle In-Transport,3,Motor Vehicle Not In-Transport Outside the Trafficway,0,No,43,Puerto Rico,6,Driverless/Motor Vehicle Parked/Stopped Off Roadway,20,Chevrolet,481,20481,"Chevrolet C, K, R, V-series pickup/Silverado",34,Light Pickup,2012,2012,1GCRCPE01CZ1,1GCRCPE01CZ1,1,G,C,R,C,P,E,0,1,C,Z,1,0,No Trailing Units,0,Not Applicable,000000000,Not Applicable,00000000000,Not Applicable,0,Not Applicable,0,Not Applicable,0,Not Applicable (N/A),1,No,0,Not Applicable,0,Not Applicable,0,Not Applicable,0,Not Applicable,0,Not a Bus,0,No Special Use,0,Not Applicable,0,No Underride or Override Noted,6,6 Clock Point,2,Minor Damage,5,Not Towed,12,Motor Vehicle In-Transport,0,None,0,None,0,No or Not Reported,0,777777777777,No Trailing Units,777777777777,No Trailing Units,777777777777,No Trailing Units
43,Puerto Rico,430184,3,2,0,None,5,5,9,September,14,2:00pm-2:59pm,39,39,12,Motor Vehicle In-Transport,6,Angle,3,Motor Vehicle Not In-Transport Outside the Trafficway,0,No,43,Puerto Rico,6,Driverless/Motor Vehicle Parked/Stopped Off Roadway,7,Dodge,27,7027,"Dodge Journey (For 2009-2018 only.  For model years 2019 on, see 07-404.)",6,Station Wagon (excluding van and truck based),2012,2012,3C4PDCAB4CT3,3C4PDCAB4CT3,3,C,4,P,D,C,A,B,4,C,T,3,0,No Trailing Units,0,Not Applicable,000000000,Not Applicable,00000000000,Not Applicable,0,Not Applicable,0,Not Applicable,0,Not Applicable (N/A),1,No,0,Not Applicable,0,Not Applicable,0,Not Applicable,0,Not Applicable,0,Not a Bus,0,No Special Use,0,Not Applicable,0,No Underride or Override Noted,6,6 Clock Point,2,Minor Damage,5,Not Towed,12,Motor Vehicle In-Transport,0,None,0,None,0,No or Not Reported,0,777777777777,No Trailing Units,777777777777,No Trailing Units,777777777777,No Trailing Units
43,Puerto Rico,430184,4,2,0,None,5,5,9,September,14,2:00pm-2:59pm,39,39,12,Motor Vehicle In-Transport,6,Angle,3,Motor Vehicle Not In-Transport Outside the Trafficway,0,No,43,Puerto Rico,6,Driverless/Motor Vehicle Parked/Stopped Off Roadway,49,Toyota,32,49032,Toyota Corolla,4,"4-door sedan, hardtop",2016,2016,5YFBURHE4GP5,5YFBURHE4GP5,5,Y,F,B,U,R,H,E,4,G,P,5,0,No Trailing Units,0,Not Applicable,000000000,Not Applicable,00000000000,Not Applicable,0,Not Applicable,0,Not Applicable,0,Not Applicable (N/A),1,No,0,Not Applicable,0,Not Applicable,0,Not Applicable,0,Not Applicable,0,Not a Bus,0,No Special Use,0,Not Applicable,0,No Underride or Override Noted,9,9 Clock Point,2,Minor Damage,5,Not Towed,12,Motor Vehicle In-Transport,0,None,0,None,0,No or Not Reported,0,777777777777,No Trailing Units,777777777777,No Trailing Units,777777777777,No Trailing Units
43,Puerto Rico,430184,5,2,0,None,5,5,9,September,14,2:00pm-2:59pm,39,39,12,Motor Vehicle In-Transport,6,Angle,3,Motor Vehicle Not In-Transport Outside the Trafficway,0,No,43,Puerto Rico,6,Driverless/Motor Vehicle Parked/Stopped Off Roadway,37,Honda,402,37402,Honda CR-V,14,"Compact Utility (Utility Vehicle Categories ""Small"" and ""Midsize"")",2010,2010,JHLRE3H36AC0,JHLRE3H36AC0,J,H,L,R,E,3,H,3,6,A,C,0,0,No Trailing Units,0,Not Applicable,000000000,Not Applicable,00000000000,Not Applicable,0,Not Applicable,0,Not Applicable,0,Not Applicable (N/A),1,No,0,Not Applicable,0,Not Applicable,0,Not Applicable,0,Not Applicable,0,Not a Bus,0,No Special Use,0,Not Applicable,0,No Underride or Override Noted,3,3 Clock Point,2,Minor Damage,5,Not Towed,12,Motor Vehicle In-Transport,0,None,0,None,0,No or Not Reported,0,777777777777,No Trailing Units,777777777777,No Trailing Units,777777777777,No Trailing Units
43,Puerto Rico,430184,6,2,0,None,5,5,9,September,14,2:00pm-2:59pm,39,39,12,Motor Vehicle In-Transport,6,Angle,3,Motor Vehicle Not In-Transport Outside the Trafficway,0,No,43,Puerto Rico,6,Driverless/Motor Vehicle Parked/Stopped Off Roadway,55,Hyundai,41,55041,"Hyundai Genesis (For 2009-2016 only. For model years 2017 on, see 55-043, 55-044 and 55-046)",2,"2-door sedan,hardtop,coupe",2010,2010,KMHHU6KH6AU0,KMHHU6KH6AU0,K,M,H,H,U,6,K,H,6,A,U,0,0,No Trailing Units,0,Not Applicable,000000000,Not Applicable,00000000000,Not Applicable,0,Not Applicable,0,Not Applicable,0,Not Applicable (N/A),1,No,0,Not Applicable,0,Not Applicable,0,Not Applicable,0,Not Applicable,0,Not a Bus,0,No Special Use,0,Not Applicable,0,No Underride or Override Noted,12,12 Clock Point,2,Minor Damage,5,Not Towed,12,Motor Vehicle In-Transport,0,None,0,None,0,No or Not Reported,0,777777777777,No Trailing Units,777777777777,No Trailing Units,777777777777,No Trailing Units
