STATE,STATENAME,ST_CASE,VEH_NO,PER_NO,PBPTYPE,PBPTYPENAME,PBAGE,PBAGENAME,PBSEX,PBSEXNAME,PBCWALK,PBCWALKNAME,PBSWALK,PBSWALKNAME,PBSZONE,PBSZONENAME,PEDCTYPE,PEDCTYPENAME,BIKECTYPE,BIKECTYPENAME,PEDLOC,PEDLOCNAME,BIKELOC,BIKELOCNAME,PEDPOS,PEDPOSNAME,BIKEPOS,BIKEPOSNAME,PEDDIR,PEDDIRNAME,BIKEDIR,BIKEDIRNAME,MOTDIR,MOTDIRNAME,MOTMAN,MOTMANNAME,PEDLEG,PEDLEGNAME,PEDSNR,PEDSNRNAME,PEDCGP,PEDCGPNAME,BIKECGP,BIKECGPNAME
43,Puerto Rico,430001,0,1,5,Pedestrian,69,69 Years,1,Male,0,None Noted,0,None Noted,0,None Noted,760,Pedestrian Failed to Yield,0,Not a Cyclist,3,Not At Intersection,7,Not a Cyclist,3,Travel Lane,7,Not a Cyclist,8,Not Applicable,7,Not a Cyclist,8,Not Applicable,8,Not Applicable,8,Not Applicable,8,Not Applicable,750,Crossing Roadway - Vehicle Not Turning,0,Not a Cyclist
43,Puerto Rico,430002,0,1,5,Pedestrian,18,18 Years,2,Female,0,None Noted,0,None Noted,0,None Noted,770,Motorist Failed to Yield,0,Not a Cyclist,3,Not At Intersection,7,Not a Cyclist,3,Travel Lane,7,Not a Cyclist,8,Not Applicable,7,Not a Cyclist,8,Not Applicable,8,Not Applicable,8,Not Applicable,8,Not Applicable,750,Crossing Roadway - Vehicle Not Turning,0,Not a Cyclist
43,Puerto Rico,430004,0,1,5,Pedestrian,2,2 Years,1,Male,0,None Noted,0,None Noted,0,None Noted,770,Motorist Failed to Yield,0,Not a Cyclist,3,Not At Intersection,7,Not a Cyclist,3,Travel Lane,7,Not a Cyclist,8,Not Applicable,7,Not a Cyclist,8,Not Applicable,8,Not Applicable,8,Not Applicable,8,Not Applicable,750,Crossing Roadway - Vehicle Not Turning,0,Not a Cyclist
43,Puerto Rico,430005,0,1,5,Pedestrian,49,49 Years,1,Male,0,None Noted,0,None Noted,0,None Noted,760,Pedestrian Failed to Yield,0,Not a Cyclist,3,Not At Intersection,7,Not a Cyclist,3,Travel Lane,7,Not a Cyclist,8,Not Applicable,7,Not a Cyclist,8,Not Applicable,8,Not Applicable,8,Not Applicable,8,Not Applicable,750,Crossing Roadway - Vehicle Not Turning,0,Not a Cyclist
43,Puerto Rico,430006,0,1,5,Pedestrian,87,87 Years,1,Male,0,None Noted,0,None Noted,0,None Noted,420,Walking/Running Along Roadway With Traffic - From Front,0,Not a Cyclist,3,Not At Intersection,7,Not a Cyclist,3,Travel Lane,7,Not a Cyclist,8,Not Applicable,7,Not a Cyclist,8,Not Applicable,8,Not Applicable,8,Not Applicable,8,Not Applicable,400,Walking/Running Along Roadway,0,Not a Cyclist
43,Puerto Rico,430008,0,1,5,Pedestrian,51,51 Years,1,Male,0,None Noted,0,None Noted,0,None Noted,312,Playing in Roadway,0,Not a Cyclist,3,Not At Intersection,7,Not a Cyclist,3,Travel Lane,7,Not a Cyclist,8,Not Applicable,7,Not a Cyclist,8,Not Applicable,8,Not Applicable,8,Not Applicable,8,Not Applicable,310,Working or Playing in Roadway,0,Not a Cyclist
43,Puerto Rico,430009,0,1,5,Pedestrian,39,39 Years,2,Female,0,None Noted,0,None Noted,0,None Noted,760,Pedestrian Failed to Yield,0,Not a Cyclist,1,At Intersection,7,Not a Cyclist,1,Intersection Area,7,Not a Cyclist,2,Eastbound,7,Not a Cyclist,1,Northbound,3,Straight through,2,Farside,4a,"Motorist traveling straight through - Crash Occurred on Far Side of Intersection / Pedestrian outside crosswalk area, traveled from motorist`s left",750,Crossing Roadway - Vehicle Not Turning,0,Not a Cyclist
43,Puerto Rico,430010,0,1,5,Pedestrian,79,79 Years,1,Male,0,None Noted,0,None Noted,0,None Noted,760,Pedestrian Failed to Yield,0,Not a Cyclist,3,Not At Intersection,7,Not a Cyclist,3,Travel Lane,7,Not a Cyclist,8,Not Applicable,7,Not a Cyclist,8,Not Applicable,8,Not Applicable,8,Not Applicable,8,Not Applicable,750,Crossing Roadway - Vehicle Not Turning,0,Not a Cyclist
43,Puerto Rico,430011,0,1,5,Pedestrian,43,43 Years,1,Male,0,None Noted,0,None Noted,0,None Noted,520,Waiting to Cross - Vehicle Not Turning,0,Not a Cyclist,3,Not At Intersection,7,Not a Cyclist,4,Paved Shoulder / Bicycle Lane / Parking Lane,7,Not a Cyclist,8,Not Applicable,7,Not a Cyclist,8,Not Applicable,8,Not Applicable,8,Not Applicable,8,Not Applicable,500,Waiting to Cross,0,Not a Cyclist
43,Puerto Rico,430014,0,1,5,Pedestrian,998,Not Reported,2,Female,0,None Noted,0,None Noted,0,None Noted,770,Motorist Failed to Yield,0,Not a Cyclist,3,Not At Intersection,7,Not a Cyclist,3,Travel Lane,7,Not a Cyclist,8,Not Applicable,7,Not a Cyclist,8,Not Applicable,8,Not Applicable,8,Not Applicable,8,Not Applicable,750,Crossing Roadway - Vehicle Not Turning,0,Not a Cyclist
43,Puerto Rico,430019,0,1,5,Pedestrian,53,53 Years,1,Male,0,None Noted,0,None Noted,0,None Noted,770,Motorist Failed to Yield,0,Not a Cyclist,3,Not At Intersection,7,Not a Cyclist,3,Travel Lane,7,Not a Cyclist,8,Not Applicable,7,Not a Cyclist,8,Not Applicable,8,Not Applicable,8,Not Applicable,8,Not Applicable,750,Crossing Roadway - Vehicle Not Turning,0,Not a Cyclist
43,Puerto Rico,430020,0,1,5,Pedestrian,61,61 Years,1,Male,0,None Noted,0,None Noted,0,None Noted,760,Pedestrian Failed to Yield,0,Not a Cyclist,3,Not At Intersection,7,Not a Cyclist,3,Travel Lane,7,Not a Cyclist,8,Not Applicable,7,Not a Cyclist,8,Not Applicable,8,Not Applicable,8,Not Applicable,8,Not Applicable,750,Crossing Roadway - Vehicle Not Turning,0,Not a Cyclist
43,Puerto Rico,430022,0,1,5,Pedestrian,84,84 Years,1,Male,0,None Noted,0,None Noted,0,None Noted,220,Driverless Vehicle,0,Not a Cyclist,3,Not At Intersection,7,Not a Cyclist,3,Travel Lane,7,Not a Cyclist,8,Not Applicable,7,Not a Cyclist,8,Not Applicable,8,Not Applicable,8,Not Applicable,8,Not Applicable,100,Unusual Circumstances,0,Not a Cyclist
43,Puerto Rico,430024,0,1,5,Pedestrian,58,58 Years,2,Female,0,None Noted,0,None Noted,0,None Noted,770,Motorist Failed to Yield,0,Not a Cyclist,3,Not At Intersection,7,Not a Cyclist,3,Travel Lane,7,Not a Cyclist,8,Not Applicable,7,Not a Cyclist,8,Not Applicable,8,Not Applicable,8,Not Applicable,8,Not Applicable,750,Crossing Roadway - Vehicle Not Turning,0,Not a Cyclist
43,Puerto Rico,430025,0,1,6,Bicyclist,40,40 Years,1,Male,0,None Noted,0,None Noted,0,None Noted,0,Not a Pedestrian,280,Parallel Paths - Other / Unknown,7,Not a Pedestrian,3,Not At Intersection,77,Not a Pedestrian,1,Travel Lane,7,Not a Pedestrian,1,With Traffic,7,Not a Pedestrian,7,Not a Pedestrian,7,Not a Pedestrian,7,Not a Pedestrian,0,Not a Pedestrian,290,Parallel Paths - Other Circumstances
43,Puerto Rico,430027,0,1,6,Bicyclist,58,58 Years,1,Male,0,None Noted,0,None Noted,0,None Noted,0,Not a Pedestrian,970,Unknown Approach Paths,7,Not a Pedestrian,3,Not At Intersection,77,Not a Pedestrian,1,Travel Lane,7,Not a Pedestrian,1,With Traffic,7,Not a Pedestrian,7,Not a Pedestrian,7,Not a Pedestrian,7,Not a Pedestrian,0,Not a Pedestrian,990,Other / Unknown - Insufficient Details
43,Puerto Rico,430031,0,1,5,Pedestrian,60,60 Years,1,Male,0,None Noted,0,None Noted,0,None Noted,760,Pedestrian Failed to Yield,0,Not a Cyclist,3,Not At Intersection,7,Not a Cyclist,3,Travel Lane,7,Not a Cyclist,8,Not Applicable,7,Not a Cyclist,8,Not Applicable,8,Not Applicable,8,Not Applicable,8,Not Applicable,750,Crossing Roadway - Vehicle Not Turning,0,Not a Cyclist
43,Puerto Rico,430032,0,1,5,Pedestrian,18,18 Years,1,Male,0,None Noted,0,None Noted,0,None Noted,770,Motorist Failed to Yield,0,Not a Cyclist,3,Not At Intersection,7,Not a Cyclist,3,Travel Lane,7,Not a Cyclist,8,Not Applicable,7,Not a Cyclist,8,Not Applicable,8,Not Applicable,8,Not Applicable,8,Not Applicable,750,Crossing Roadway - Vehicle Not Turning,0,Not a Cyclist
43,Puerto Rico,430032,0,2,5,Pedestrian,14,14 Years,2,Female,0,None Noted,0,None Noted,0,None Noted,770,Motorist Failed to Yield,0,Not a Cyclist,3,Not At Intersection,7,Not a Cyclist,3,Travel Lane,7,Not a Cyclist,8,Not Applicable,7,Not a Cyclist,8,Not Applicable,8,Not Applicable,8,Not Applicable,8,Not Applicable,750,Crossing Roadway - Vehicle Not Turning,0,Not a Cyclist
43,Puerto Rico,430033,0,1,5,Pedestrian,998,Not Reported,1,Male,0,None Noted,0,None Noted,0,None Noted,770,Motorist Failed to Yield,0,Not a Cyclist,3,Not At Intersection,7,Not a Cyclist,3,Travel Lane,7,Not a Cyclist,8,Not Applicable,7,Not a Cyclist,8,Not Applicable,8,Not Applicable,8,Not Applicable,8,Not Applicable,750,Crossing Roadway - Vehicle Not Turning,0,Not a Cyclist
43,Puerto Rico,430035,0,1,5,Pedestrian,34,34 Years,2,Female,0,None Noted,0,None Noted,0,None Noted,760,Pedestrian Failed to Yield,0,Not a Cyclist,3,Not At Intersection,7,Not a Cyclist,3,Travel Lane,7,Not a Cyclist,8,Not Applicable,7,Not a Cyclist,8,Not Applicable,8,Not Applicable,8,Not Applicable,8,Not Applicable,750,Crossing Roadway - Vehicle Not Turning,0,Not a Cyclist
43,Puerto Rico,430037,0,1,5,Pedestrian,57,57 Years,1,Male,0,None Noted,0,None Noted,0,None Noted,770,Motorist Failed to Yield,0,Not a Cyclist,3,Not At Intersection,7,Not a Cyclist,3,Travel Lane,7,Not a Cyclist,8,Not Applicable,7,Not a Cyclist,8,Not Applicable,8,Not Applicable,8,Not Applicable,8,Not Applicable,750,Crossing Roadway - Vehicle Not Turning,0,Not a Cyclist
43,Puerto Rico,430037,0,2,5,Pedestrian,46,46 Years,1,Male,0,None Noted,0,None Noted,0,None Noted,770,Motorist Failed to Yield,0,Not a Cyclist,3,Not At Intersection,7,Not a Cyclist,3,Travel Lane,7,Not a Cyclist,8,Not Applicable,7,Not a Cyclist,8,Not Applicable,8,Not Applicable,8,Not Applicable,8,Not Applicable,750,Crossing Roadway - Vehicle Not Turning,0,Not a Cyclist
43,Puerto Rico,430045,0,1,5,Pedestrian,71,71 Years,1,Male,0,None Noted,0,None Noted,0,None Noted,760,Pedestrian Failed to Yield,0,Not a Cyclist,3,Not At Intersection,7,Not a Cyclist,3,Travel Lane,7,Not a Cyclist,8,Not Applicable,7,Not a Cyclist,8,Not Applicable,8,Not Applicable,8,Not Applicable,8,Not Applicable,750,Crossing Roadway - Vehicle Not Turning,0,Not a Cyclist
43,Puerto Rico,430047,0,1,5,Pedestrian,78,78 Years,1,Male,0,None Noted,0,None Noted,0,None Noted,770,Motorist Failed to Yield,0,Not a Cyclist,3,Not At Intersection,7,Not a Cyclist,3,Travel Lane,7,Not a Cyclist,8,Not Applicable,7,Not a Cyclist,8,Not Applicable,8,Not Applicable,8,Not Applicable,8,Not Applicable,750,Crossing Roadway - Vehicle Not Turning,0,Not a Cyclist
43,Puerto Rico,430050,0,1,5,Pedestrian,60,60 Years,1,Male,0,None Noted,0,None Noted,0,None Noted,760,Pedestrian Failed to Yield,0,Not a Cyclist,3,Not At Intersection,7,Not a Cyclist,3,Travel Lane,7,Not a Cyclist,8,Not Applicable,7,Not a Cyclist,8,Not Applicable,8,Not Applicable,8,Not Applicable,8,Not Applicable,750,Crossing Roadway - Vehicle Not Turning,0,Not a Cyclist
43,Puerto Rico,430055,0,1,5,Pedestrian,34,34 Years,2,Female,0,None Noted,0,None Noted,0,None Noted,770,Motorist Failed to Yield,0,Not a Cyclist,3,Not At Intersection,7,Not a Cyclist,3,Travel Lane,7,Not a Cyclist,8,Not Applicable,7,Not a Cyclist,8,Not Applicable,8,Not Applicable,8,Not Applicable,8,Not Applicable,750,Crossing Roadway - Vehicle Not Turning,0,Not a Cyclist
43,Puerto Rico,430060,0,1,5,Pedestrian,70,70 Years,1,Male,0,None Noted,0,None Noted,0,None Noted,770,Motorist Failed to Yield,0,Not a Cyclist,3,Not At Intersection,7,Not a Cyclist,3,Travel Lane,7,Not a Cyclist,8,Not Applicable,7,Not a Cyclist,8,Not Applicable,8,Not Applicable,8,Not Applicable,8,Not Applicable,750,Crossing Roadway - Vehicle Not Turning,0,Not a Cyclist
43,Puerto Rico,430060,0,2,5,Pedestrian,998,Not Reported,2,Female,0,None Noted,0,None Noted,0,None Noted,770,Motorist Failed to Yield,0,Not a Cyclist,3,Not At Intersection,7,Not a Cyclist,3,Travel Lane,7,Not a Cyclist,8,Not Applicable,7,Not a Cyclist,8,Not Applicable,8,Not Applicable,8,Not Applicable,8,Not Applicable,750,Crossing Roadway - Vehicle Not Turning,0,Not a Cyclist
43,Puerto Rico,430061,0,1,5,Pedestrian,38,38 Years,1,Male,0,None Noted,0,None Noted,0,None Noted,420,Walking/Running Along Roadway With Traffic - From Front,0,Not a Cyclist,3,Not At Intersection,7,Not a Cyclist,3,Travel Lane,7,Not a Cyclist,8,Not Applicable,7,Not a Cyclist,8,Not Applicable,8,Not Applicable,8,Not Applicable,8,Not Applicable,400,Walking/Running Along Roadway,0,Not a Cyclist
43,Puerto Rico,430061,0,2,5,Pedestrian,11,11 Years,1,Male,0,None Noted,0,None Noted,0,None Noted,420,Walking/Running Along Roadway With Traffic - From Front,0,Not a Cyclist,3,Not At Intersection,7,Not a Cyclist,3,Travel Lane,7,Not a Cyclist,8,Not Applicable,7,Not a Cyclist,8,Not Applicable,8,Not Applicable,8,Not Applicable,8,Not Applicable,400,Walking/Running Along Roadway,0,Not a Cyclist
43,Puerto Rico,430063,0,1,5,Pedestrian,998,Not Reported,1,Male,0,None Noted,0,None Noted,0,None Noted,760,Pedestrian Failed to Yield,0,Not a Cyclist,3,Not At Intersection,7,Not a Cyclist,3,Travel Lane,7,Not a Cyclist,8,Not Applicable,7,Not a Cyclist,8,Not Applicable,8,Not Applicable,8,Not Applicable,8,Not Applicable,750,Crossing Roadway - Vehicle Not Turning,0,Not a Cyclist
43,Puerto Rico,430064,0,1,5,Pedestrian,47,47 Years,2,Female,0,None Noted,0,None Noted,0,None Noted,770,Motorist Failed to Yield,0,Not a Cyclist,3,Not At Intersection,7,Not a Cyclist,3,Travel Lane,7,Not a Cyclist,8,Not Applicable,7,Not a Cyclist,8,Not Applicable,8,Not Applicable,8,Not Applicable,8,Not Applicable,750,Crossing Roadway - Vehicle Not Turning,0,Not a Cyclist
43,Puerto Rico,430064,0,2,5,Pedestrian,16,16 Years,2,Female,0,None Noted,0,None Noted,0,None Noted,770,Motorist Failed to Yield,0,Not a Cyclist,3,Not At Intersection,7,Not a Cyclist,3,Travel Lane,7,Not a Cyclist,8,Not Applicable,7,Not a Cyclist,8,Not Applicable,8,Not Applicable,8,Not Applicable,8,Not Applicable,750,Crossing Roadway - Vehicle Not Turning,0,Not a Cyclist
43,Puerto Rico,430067,0,1,5,Pedestrian,64,64 Years,1,Male,0,None Noted,0,None Noted,0,None Noted,420,Walking/Running Along Roadway With Traffic - From Front,0,Not a Cyclist,3,Not At Intersection,7,Not a Cyclist,3,Travel Lane,7,Not a Cyclist,8,Not Applicable,7,Not a Cyclist,8,Not Applicable,8,Not Applicable,8,Not Applicable,8,Not Applicable,400,Walking/Running Along Roadway,0,Not a Cyclist
43,Puerto Rico,430068,0,1,5,Pedestrian,69,69 Years,2,Female,0,None Noted,0,None Noted,0,None Noted,770,Motorist Failed to Yield,0,Not a Cyclist,3,Not At Intersection,7,Not a Cyclist,3,Travel Lane,7,Not a Cyclist,8,Not Applicable,7,Not a Cyclist,8,Not Applicable,8,Not Applicable,8,Not Applicable,8,Not Applicable,750,Crossing Roadway - Vehicle Not Turning,0,Not a Cyclist
43,Puerto Rico,430069,0,1,5,Pedestrian,57,57 Years,1,Male,0,None Noted,0,None Noted,0,None Noted,770,Motorist Failed to Yield,0,Not a Cyclist,3,Not At Intersection,7,Not a Cyclist,3,Travel Lane,7,Not a Cyclist,8,Not Applicable,7,Not a Cyclist,8,Not Applicable,8,Not Applicable,8,Not Applicable,8,Not Applicable,750,Crossing Roadway - Vehicle Not Turning,0,Not a Cyclist
43,Puerto Rico,430073,0,1,5,Pedestrian,998,Not Reported,1,Male,0,None Noted,0,None Noted,0,None Noted,770,Motorist Failed to Yield,0,Not a Cyclist,3,Not At Intersection,7,Not a Cyclist,3,Travel Lane,7,Not a Cyclist,8,Not Applicable,7,Not a Cyclist,8,Not Applicable,8,Not Applicable,8,Not Applicable,8,Not Applicable,750,Crossing Roadway - Vehicle Not Turning,0,Not a Cyclist
43,Puerto Rico,430075,0,1,5,Pedestrian,78,78 Years,1,Male,0,None Noted,0,None Noted,0,None Noted,420,Walking/Running Along Roadway With Traffic - From Front,0,Not a Cyclist,3,Not At Intersection,7,Not a Cyclist,3,Travel Lane,7,Not a Cyclist,8,Not Applicable,7,Not a Cyclist,8,Not Applicable,8,Not Applicable,8,Not Applicable,8,Not Applicable,400,Walking/Running Along Roadway,0,Not a Cyclist
43,Puerto Rico,430076,0,1,5,Pedestrian,37,37 Years,1,Male,0,None Noted,0,None Noted,0,None Noted,230,Disabled Vehicle-Related,0,Not a Cyclist,3,Not At Intersection,7,Not a Cyclist,4,Paved Shoulder / Bicycle Lane / Parking Lane,7,Not a Cyclist,8,Not Applicable,7,Not a Cyclist,8,Not Applicable,8,Not Applicable,8,Not Applicable,8,Not Applicable,100,Unusual Circumstances,0,Not a Cyclist
43,Puerto Rico,430080,0,1,5,Pedestrian,55,55 Years,1,Male,0,None Noted,0,None Noted,0,None Noted,313,Lying in Roadway,0,Not a Cyclist,3,Not At Intersection,7,Not a Cyclist,3,Travel Lane,7,Not a Cyclist,8,Not Applicable,7,Not a Cyclist,8,Not Applicable,8,Not Applicable,8,Not Applicable,8,Not Applicable,600,Pedestrian in Roadway - Circumstances Unknown,0,Not a Cyclist
43,Puerto Rico,430082,0,1,5,Pedestrian,42,42 Years,1,Male,0,None Noted,0,None Noted,0,None Noted,770,Motorist Failed to Yield,0,Not a Cyclist,3,Not At Intersection,7,Not a Cyclist,3,Travel Lane,7,Not a Cyclist,8,Not Applicable,7,Not a Cyclist,8,Not Applicable,8,Not Applicable,8,Not Applicable,8,Not Applicable,750,Crossing Roadway - Vehicle Not Turning,0,Not a Cyclist
43,Puerto Rico,430089,0,1,5,Pedestrian,66,66 Years,1,Male,0,None Noted,0,None Noted,0,None Noted,770,Motorist Failed to Yield,0,Not a Cyclist,3,Not At Intersection,7,Not a Cyclist,3,Travel Lane,7,Not a Cyclist,8,Not Applicable,7,Not a Cyclist,8,Not Applicable,8,Not Applicable,8,Not Applicable,8,Not Applicable,750,Crossing Roadway - Vehicle Not Turning,0,Not a Cyclist
43,Puerto Rico,430090,0,1,5,Pedestrian,58,58 Years,1,Male,0,None Noted,0,None Noted,0,None Noted,760,Pedestrian Failed to Yield,0,Not a Cyclist,3,Not At Intersection,7,Not a Cyclist,3,Travel Lane,7,Not a Cyclist,8,Not Applicable,7,Not a Cyclist,8,Not Applicable,8,Not Applicable,8,Not Applicable,8,Not Applicable,750,Crossing Roadway - Vehicle Not Turning,0,Not a Cyclist
43,Puerto Rico,430093,0,1,5,Pedestrian,63,63 Years,1,Male,0,None Noted,0,None Noted,0,None Noted,420,Walking/Running Along Roadway With Traffic - From Front,0,Not a Cyclist,3,Not At Intersection,7,Not a Cyclist,3,Travel Lane,7,Not a Cyclist,8,Not Applicable,7,Not a Cyclist,8,Not Applicable,8,Not Applicable,8,Not Applicable,8,Not Applicable,400,Walking/Running Along Roadway,0,Not a Cyclist
43,Puerto Rico,430094,0,1,6,Bicyclist,64,64 Years,1,Male,0,None Noted,0,None Noted,0,None Noted,0,Not a Pedestrian,970,Unknown Approach Paths,7,Not a Pedestrian,3,Not At Intersection,77,Not a Pedestrian,2,Bicycle Lane / Paved Shoulder / Parking Lane,7,Not a Pedestrian,2,Facing Traffic,7,Not a Pedestrian,7,Not a Pedestrian,7,Not a Pedestrian,7,Not a Pedestrian,0,Not a Pedestrian,990,Other / Unknown - Insufficient Details
43,Puerto Rico,430094,0,2,6,Bicyclist,10,10 Years,1,Male,0,None Noted,0,None Noted,0,None Noted,0,Not a Pedestrian,970,Unknown Approach Paths,7,Not a Pedestrian,3,Not At Intersection,77,Not a Pedestrian,2,Bicycle Lane / Paved Shoulder / Parking Lane,7,Not a Pedestrian,2,Facing Traffic,7,Not a Pedestrian,7,Not a Pedestrian,7,Not a Pedestrian,7,Not a Pedestrian,0,Not a Pedestrian,990,Other / Unknown - Insufficient Details
43,Puerto Rico,430094,0,3,6,Bicyclist,12,12 Years,1,Male,0,None Noted,0,None Noted,0,None Noted,0,Not a Pedestrian,970,Unknown Approach Paths,7,Not a Pedestrian,3,Not At Intersection,77,Not a Pedestrian,2,Bicycle Lane / Paved Shoulder / Parking Lane,7,Not a Pedestrian,2,Facing Traffic,7,Not a Pedestrian,7,Not a Pedestrian,7,Not a Pedestrian,7,Not a Pedestrian,0,Not a Pedestrian,990,Other / Unknown - Insufficient Details
43,Puerto Rico,430096,0,1,5,Pedestrian,49,49 Years,1,Male,0,None Noted,0,None Noted,0,None Noted,770,Motorist Failed to Yield,0,Not a Cyclist,3,Not At Intersection,7,Not a Cyclist,3,Travel Lane,7,Not a Cyclist,8,Not Applicable,7,Not a Cyclist,8,Not Applicable,8,Not Applicable,8,Not Applicable,8,Not Applicable,750,Crossing Roadway - Vehicle Not Turning,0,Not a Cyclist
43,Puerto Rico,430098,0,1,5,Pedestrian,59,59 Years,1,Male,0,None Noted,0,None Noted,0,None Noted,770,Motorist Failed to Yield,0,Not a Cyclist,3,Not At Intersection,7,Not a Cyclist,3,Travel Lane,7,Not a Cyclist,8,Not Applicable,7,Not a Cyclist,8,Not Applicable,8,Not Applicable,8,Not Applicable,8,Not Applicable,750,Crossing Roadway - Vehicle Not Turning,0,Not a Cyclist
43,Puerto Rico,430100,0,1,5,Pedestrian,56,56 Years,1,Male,0,None Noted,0,None Noted,0,None Noted,760,Pedestrian Failed to Yield,0,Not a Cyclist,3,Not At Intersection,7,Not a Cyclist,3,Travel Lane,7,Not a Cyclist,8,Not Applicable,7,Not a Cyclist,8,Not Applicable,8,Not Applicable,8,Not Applicable,8,Not Applicable,750,Crossing Roadway - Vehicle Not Turning,0,Not a Cyclist
43,Puerto Rico,430102,0,1,5,Pedestrian,61,61 Years,1,Male,0,None Noted,0,None Noted,0,None Noted,770,Motorist Failed to Yield,0,Not a Cyclist,3,Not At Intersection,7,Not a Cyclist,3,Travel Lane,7,Not a Cyclist,8,Not Applicable,7,Not a Cyclist,8,Not Applicable,8,Not Applicable,8,Not Applicable,8,Not Applicable,750,Crossing Roadway - Vehicle Not Turning,0,Not a Cyclist
43,Puerto Rico,430103,0,1,5,Pedestrian,52,52 Years,1,Male,0,None Noted,0,None Noted,0,None Noted,770,Motorist Failed to Yield,0,Not a Cyclist,3,Not At Intersection,7,Not a Cyclist,3,Travel Lane,7,Not a Cyclist,8,Not Applicable,7,Not a Cyclist,8,Not Applicable,8,Not Applicable,8,Not Applicable,8,Not Applicable,750,Crossing Roadway - Vehicle Not Turning,0,Not a Cyclist
43,Puerto Rico,430108,0,1,5,Pedestrian,70,70 Years,2,Female,0,None Noted,0,None Noted,0,None Noted,760,Pedestrian Failed to Yield,0,Not a Cyclist,3,Not At Intersection,7,Not a Cyclist,3,Travel Lane,7,Not a Cyclist,8,Not Applicable,7,Not a Cyclist,8,Not Applicable,8,Not Applicable,8,Not Applicable,8,Not Applicable,750,Crossing Roadway - Vehicle Not Turning,0,Not a Cyclist
43,Puerto Rico,430110,0,1,5,Pedestrian,68,68 Years,1,Male,0,None Noted,0,None Noted,0,None Noted,760,Pedestrian Failed to Yield,0,Not a Cyclist,3,Not At Intersection,7,Not a Cyclist,3,Travel Lane,7,Not a Cyclist,8,Not Applicable,7,Not a Cyclist,8,Not Applicable,8,Not Applicable,8,Not Applicable,8,Not Applicable,750,Crossing Roadway - Vehicle Not Turning,0,Not a Cyclist
43,Puerto Rico,430111,0,1,5,Pedestrian,71,71 Years,1,Male,0,None Noted,0,None Noted,0,None Noted,770,Motorist Failed to Yield,0,Not a Cyclist,3,Not At Intersection,7,Not a Cyclist,3,Travel Lane,7,Not a Cyclist,8,Not Applicable,7,Not a Cyclist,8,Not Applicable,8,Not Applicable,8,Not Applicable,8,Not Applicable,750,Crossing Roadway - Vehicle Not Turning,0,Not a Cyclist
43,Puerto Rico,430113,0,1,5,Pedestrian,998,Not Reported,1,Male,0,None Noted,0,None Noted,0,None Noted,760,Pedestrian Failed to Yield,0,Not a Cyclist,3,Not At Intersection,7,Not a Cyclist,3,Travel Lane,7,Not a Cyclist,8,Not Applicable,7,Not a Cyclist,8,Not Applicable,8,Not Applicable,8,Not Applicable,8,Not Applicable,750,Crossing Roadway - Vehicle Not Turning,0,Not a Cyclist
43,Puerto Rico,430115,0,1,5,Pedestrian,84,84 Years,1,Male,0,None Noted,0,None Noted,0,None Noted,760,Pedestrian Failed to Yield,0,Not a Cyclist,3,Not At Intersection,7,Not a Cyclist,3,Travel Lane,7,Not a Cyclist,8,Not Applicable,7,Not a Cyclist,8,Not Applicable,8,Not Applicable,8,Not Applicable,8,Not Applicable,750,Crossing Roadway - Vehicle Not Turning,0,Not a Cyclist
43,Puerto Rico,430118,0,1,5,Pedestrian,55,55 Years,1,Male,0,None Noted,0,None Noted,0,None Noted,760,Pedestrian Failed to Yield,0,Not a Cyclist,3,Not At Intersection,7,Not a Cyclist,3,Travel Lane,7,Not a Cyclist,8,Not Applicable,7,Not a Cyclist,8,Not Applicable,8,Not Applicable,8,Not Applicable,8,Not Applicable,750,Crossing Roadway - Vehicle Not Turning,0,Not a Cyclist
43,Puerto Rico,430119,0,1,5,Pedestrian,64,64 Years,1,Male,1,Yes,0,None Noted,0,None Noted,760,Pedestrian Failed to Yield,0,Not a Cyclist,3,Not At Intersection,7,Not a Cyclist,3,Travel Lane,7,Not a Cyclist,8,Not Applicable,7,Not a Cyclist,8,Not Applicable,8,Not Applicable,8,Not Applicable,8,Not Applicable,750,Crossing Roadway - Vehicle Not Turning,0,Not a Cyclist
43,Puerto Rico,430123,0,1,5,Pedestrian,93,93 Years,1,Male,0,None Noted,0,None Noted,0,None Noted,770,Motorist Failed to Yield,0,Not a Cyclist,3,Not At Intersection,7,Not a Cyclist,3,Travel Lane,7,Not a Cyclist,8,Not Applicable,7,Not a Cyclist,8,Not Applicable,8,Not Applicable,8,Not Applicable,8,Not Applicable,750,Crossing Roadway - Vehicle Not Turning,0,Not a Cyclist
43,Puerto Rico,430125,0,1,6,Bicyclist,53,53 Years,1,Male,0,None Noted,0,None Noted,0,None Noted,0,Not a Pedestrian,970,Unknown Approach Paths,7,Not a Pedestrian,3,Not At Intersection,77,Not a Pedestrian,1,Travel Lane,7,Not a Pedestrian,1,With Traffic,7,Not a Pedestrian,7,Not a Pedestrian,7,Not a Pedestrian,7,Not a Pedestrian,0,Not a Pedestrian,990,Other / Unknown - Insufficient Details
43,Puerto Rico,430133,0,1,5,Pedestrian,998,Not Reported,1,Male,0,None Noted,0,None Noted,0,None Noted,710,Multiple Threat,0,Not a Cyclist,3,Not At Intersection,7,Not a Cyclist,3,Travel Lane,7,Not a Cyclist,8,Not Applicable,7,Not a Cyclist,8,Not Applicable,8,Not Applicable,8,Not Applicable,8,Not Applicable,720,Multiple Threat / Trapped,0,Not a Cyclist
43,Puerto Rico,430135,0,1,5,Pedestrian,50,50 Years,1,Male,0,None Noted,0,None Noted,0,None Noted,520,Waiting to Cross - Vehicle Not Turning,0,Not a Cyclist,3,Not At Intersection,7,Not a Cyclist,4,Paved Shoulder / Bicycle Lane / Parking Lane,7,Not a Cyclist,8,Not Applicable,7,Not a Cyclist,8,Not Applicable,8,Not Applicable,8,Not Applicable,8,Not Applicable,500,Waiting to Cross,0,Not a Cyclist
43,Puerto Rico,430138,0,1,5,Pedestrian,34,34 Years,1,Male,0,None Noted,0,None Noted,0,None Noted,770,Motorist Failed to Yield,0,Not a Cyclist,3,Not At Intersection,7,Not a Cyclist,3,Travel Lane,7,Not a Cyclist,8,Not Applicable,7,Not a Cyclist,8,Not Applicable,8,Not Applicable,8,Not Applicable,8,Not Applicable,750,Crossing Roadway - Vehicle Not Turning,0,Not a Cyclist
43,Puerto Rico,430140,0,1,6,Bicyclist,998,Not Reported,1,Male,0,None Noted,0,None Noted,0,None Noted,0,Not a Pedestrian,280,Parallel Paths - Other / Unknown,7,Not a Pedestrian,3,Not At Intersection,77,Not a Pedestrian,1,Travel Lane,7,Not a Pedestrian,1,With Traffic,7,Not a Pedestrian,7,Not a Pedestrian,7,Not a Pedestrian,7,Not a Pedestrian,0,Not a Pedestrian,290,Parallel Paths - Other Circumstances
43,Puerto Rico,430147,0,1,5,Pedestrian,83,83 Years,1,Male,0,None Noted,0,None Noted,0,None Noted,770,Motorist Failed to Yield,0,Not a Cyclist,3,Not At Intersection,7,Not a Cyclist,3,Travel Lane,7,Not a Cyclist,8,Not Applicable,7,Not a Cyclist,8,Not Applicable,8,Not Applicable,8,Not Applicable,8,Not Applicable,750,Crossing Roadway - Vehicle Not Turning,0,Not a Cyclist
43,Puerto Rico,430150,0,1,5,Pedestrian,48,48 Years,1,Male,0,None Noted,0,None Noted,0,None Noted,311,Working in Roadway,0,Not a Cyclist,3,Not At Intersection,7,Not a Cyclist,3,Travel Lane,7,Not a Cyclist,8,Not Applicable,7,Not a Cyclist,8,Not Applicable,8,Not Applicable,8,Not Applicable,8,Not Applicable,310,Working or Playing in Roadway,0,Not a Cyclist
43,Puerto Rico,430152,0,1,5,Pedestrian,998,Not Reported,1,Male,0,None Noted,0,None Noted,0,None Noted,770,Motorist Failed to Yield,0,Not a Cyclist,3,Not At Intersection,7,Not a Cyclist,3,Travel Lane,7,Not a Cyclist,8,Not Applicable,7,Not a Cyclist,8,Not Applicable,8,Not Applicable,8,Not Applicable,8,Not Applicable,750,Crossing Roadway - Vehicle Not Turning,0,Not a Cyclist
43,Puerto Rico,430158,0,1,5,Pedestrian,28,28 Years,1,Male,0,None Noted,0,None Noted,0,None Noted,520,Waiting to Cross - Vehicle Not Turning,0,Not a Cyclist,3,Not At Intersection,7,Not a Cyclist,4,Paved Shoulder / Bicycle Lane / Parking Lane,7,Not a Cyclist,8,Not Applicable,7,Not a Cyclist,8,Not Applicable,8,Not Applicable,8,Not Applicable,8,Not Applicable,500,Waiting to Cross,0,Not a Cyclist
43,Puerto Rico,430164,0,1,5,Pedestrian,71,71 Years,1,Male,0,None Noted,0,None Noted,0,None Noted,760,Pedestrian Failed to Yield,0,Not a Cyclist,3,Not At Intersection,7,Not a Cyclist,3,Travel Lane,7,Not a Cyclist,8,Not Applicable,7,Not a Cyclist,8,Not Applicable,8,Not Applicable,8,Not Applicable,8,Not Applicable,750,Crossing Roadway - Vehicle Not Turning,0,Not a Cyclist
43,Puerto Rico,430166,0,1,5,Pedestrian,35,35 Years,1,Male,0,None Noted,0,None Noted,0,None Noted,770,Motorist Failed to Yield,0,Not a Cyclist,3,Not At Intersection,7,Not a Cyclist,3,Travel Lane,7,Not a Cyclist,8,Not Applicable,7,Not a Cyclist,8,Not Applicable,8,Not Applicable,8,Not Applicable,8,Not Applicable,750,Crossing Roadway - Vehicle Not Turning,0,Not a Cyclist
43,Puerto Rico,430167,0,1,5,Pedestrian,998,Not Reported,1,Male,0,None Noted,0,None Noted,0,None Noted,760,Pedestrian Failed to Yield,0,Not a Cyclist,3,Not At Intersection,7,Not a Cyclist,3,Travel Lane,7,Not a Cyclist,8,Not Applicable,7,Not a Cyclist,8,Not Applicable,8,Not Applicable,8,Not Applicable,8,Not Applicable,750,Crossing Roadway - Vehicle Not Turning,0,Not a Cyclist
43,Puerto Rico,430169,0,1,5,Pedestrian,55,55 Years,2,Female,0,None Noted,0,None Noted,0,None Noted,590,Waiting to Cross - Vehicle Action Unknown,0,Not a Cyclist,3,Not At Intersection,7,Not a Cyclist,4,Paved Shoulder / Bicycle Lane / Parking Lane,7,Not a Cyclist,8,Not Applicable,7,Not a Cyclist,8,Not Applicable,8,Not Applicable,8,Not Applicable,8,Not Applicable,500,Waiting to Cross,0,Not a Cyclist
43,Puerto Rico,430170,0,1,5,Pedestrian,29,29 Years,1,Male,0,None Noted,0,None Noted,0,None Noted,430,Walking/Running Along Roadway Against Traffic - From Behind,0,Not a Cyclist,3,Not At Intersection,7,Not a Cyclist,4,Paved Shoulder / Bicycle Lane / Parking Lane,7,Not a Cyclist,8,Not Applicable,7,Not a Cyclist,8,Not Applicable,8,Not Applicable,8,Not Applicable,8,Not Applicable,400,Walking/Running Along Roadway,0,Not a Cyclist
43,Puerto Rico,430177,0,1,5,Pedestrian,53,53 Years,1,Male,0,None Noted,0,None Noted,0,None Noted,760,Pedestrian Failed to Yield,0,Not a Cyclist,3,Not At Intersection,7,Not a Cyclist,3,Travel Lane,7,Not a Cyclist,8,Not Applicable,7,Not a Cyclist,8,Not Applicable,8,Not Applicable,8,Not Applicable,8,Not Applicable,750,Crossing Roadway - Vehicle Not Turning,0,Not a Cyclist
43,Puerto Rico,430178,0,1,5,Pedestrian,16,16 Years,1,Male,0,None Noted,0,None Noted,0,None Noted,420,Walking/Running Along Roadway With Traffic - From Front,0,Not a Cyclist,3,Not At Intersection,7,Not a Cyclist,3,Travel Lane,7,Not a Cyclist,8,Not Applicable,7,Not a Cyclist,8,Not Applicable,8,Not Applicable,8,Not Applicable,8,Not Applicable,400,Walking/Running Along Roadway,0,Not a Cyclist
43,Puerto Rico,430179,0,1,5,Pedestrian,20,20 Years,1,Male,0,None Noted,0,None Noted,0,None Noted,770,Motorist Failed to Yield,0,Not a Cyclist,3,Not At Intersection,7,Not a Cyclist,3,Travel Lane,7,Not a Cyclist,8,Not Applicable,7,Not a Cyclist,8,Not Applicable,8,Not Applicable,8,Not Applicable,8,Not Applicable,750,Crossing Roadway - Vehicle Not Turning,0,Not a Cyclist
43,Puerto Rico,430183,0,1,5,Pedestrian,41,41 Years,1,Male,0,None Noted,0,None Noted,0,None Noted,770,Motorist Failed to Yield,0,Not a Cyclist,3,Not At Intersection,7,Not a Cyclist,3,Travel Lane,7,Not a Cyclist,8,Not Applicable,7,Not a Cyclist,8,Not Applicable,8,Not Applicable,8,Not Applicable,8,Not Applicable,750,Crossing Roadway - Vehicle Not Turning,0,Not a Cyclist
43,Puerto Rico,430193,0,1,5,Pedestrian,998,Not Reported,1,Male,0,None Noted,0,None Noted,0,None Noted,770,Motorist Failed to Yield,0,Not a Cyclist,3,Not At Intersection,7,Not a Cyclist,3,Travel Lane,7,Not a Cyclist,8,Not Applicable,7,Not a Cyclist,8,Not Applicable,8,Not Applicable,8,Not Applicable,8,Not Applicable,750,Crossing Roadway - Vehicle Not Turning,0,Not a Cyclist
43,Puerto Rico,430195,0,1,5,Pedestrian,54,54 Years,1,Male,0,None Noted,0,None Noted,0,None Noted,770,Motorist Failed to Yield,0,Not a Cyclist,3,Not At Intersection,7,Not a Cyclist,3,Travel Lane,7,Not a Cyclist,8,Not Applicable,7,Not a Cyclist,8,Not Applicable,8,Not Applicable,8,Not Applicable,8,Not Applicable,750,Crossing Roadway - Vehicle Not Turning,0,Not a Cyclist
43,Puerto Rico,430198,0,1,5,Pedestrian,54,54 Years,1,Male,0,None Noted,0,None Noted,0,None Noted,770,Motorist Failed to Yield,0,Not a Cyclist,3,Not At Intersection,7,Not a Cyclist,3,Travel Lane,7,Not a Cyclist,8,Not Applicable,7,Not a Cyclist,8,Not Applicable,8,Not Applicable,8,Not Applicable,8,Not Applicable,750,Crossing Roadway - Vehicle Not Turning,0,Not a Cyclist
43,Puerto Rico,430199,0,1,5,Pedestrian,998,Not Reported,1,Male,0,None Noted,0,None Noted,0,None Noted,760,Pedestrian Failed to Yield,0,Not a Cyclist,3,Not At Intersection,7,Not a Cyclist,3,Travel Lane,7,Not a Cyclist,8,Not Applicable,7,Not a Cyclist,8,Not Applicable,8,Not Applicable,8,Not Applicable,8,Not Applicable,750,Crossing Roadway - Vehicle Not Turning,0,Not a Cyclist
43,Puerto Rico,430200,0,1,5,Pedestrian,71,71 Years,1,Male,0,None Noted,0,None Noted,0,None Noted,770,Motorist Failed to Yield,0,Not a Cyclist,3,Not At Intersection,7,Not a Cyclist,3,Travel Lane,7,Not a Cyclist,8,Not Applicable,7,Not a Cyclist,8,Not Applicable,8,Not Applicable,8,Not Applicable,8,Not Applicable,750,Crossing Roadway - Vehicle Not Turning,0,Not a Cyclist
43,Puerto Rico,430203,0,1,5,Pedestrian,60,60 Years,2,Female,0,None Noted,0,None Noted,0,None Noted,770,Motorist Failed to Yield,0,Not a Cyclist,3,Not At Intersection,7,Not a Cyclist,3,Travel Lane,7,Not a Cyclist,8,Not Applicable,7,Not a Cyclist,8,Not Applicable,8,Not Applicable,8,Not Applicable,8,Not Applicable,750,Crossing Roadway - Vehicle Not Turning,0,Not a Cyclist
43,Puerto Rico,430207,0,1,5,Pedestrian,59,59 Years,1,Male,0,None Noted,0,None Noted,0,None Noted,770,Motorist Failed to Yield,0,Not a Cyclist,3,Not At Intersection,7,Not a Cyclist,3,Travel Lane,7,Not a Cyclist,8,Not Applicable,7,Not a Cyclist,8,Not Applicable,8,Not Applicable,8,Not Applicable,8,Not Applicable,750,Crossing Roadway - Vehicle Not Turning,0,Not a Cyclist
43,Puerto Rico,430209,0,1,5,Pedestrian,88,88 Years,1,Male,0,None Noted,0,None Noted,0,None Noted,770,Motorist Failed to Yield,0,Not a Cyclist,3,Not At Intersection,7,Not a Cyclist,3,Travel Lane,7,Not a Cyclist,8,Not Applicable,7,Not a Cyclist,8,Not Applicable,8,Not Applicable,8,Not Applicable,8,Not Applicable,750,Crossing Roadway - Vehicle Not Turning,0,Not a Cyclist
43,Puerto Rico,430212,0,1,5,Pedestrian,60,60 Years,1,Male,0,None Noted,0,None Noted,0,None Noted,311,Working in Roadway,0,Not a Cyclist,3,Not At Intersection,7,Not a Cyclist,3,Travel Lane,7,Not a Cyclist,8,Not Applicable,7,Not a Cyclist,8,Not Applicable,8,Not Applicable,8,Not Applicable,8,Not Applicable,310,Working or Playing in Roadway,0,Not a Cyclist
43,Puerto Rico,430213,0,1,6,Bicyclist,998,Not Reported,1,Male,0,None Noted,0,None Noted,0,None Noted,0,Not a Pedestrian,280,Parallel Paths - Other / Unknown,7,Not a Pedestrian,3,Not At Intersection,77,Not a Pedestrian,1,Travel Lane,7,Not a Pedestrian,1,With Traffic,7,Not a Pedestrian,7,Not a Pedestrian,7,Not a Pedestrian,7,Not a Pedestrian,0,Not a Pedestrian,290,Parallel Paths - Other Circumstances
43,Puerto Rico,430215,0,1,5,Pedestrian,51,51 Years,2,Female,0,None Noted,0,None Noted,0,None Noted,420,Walking/Running Along Roadway With Traffic - From Front,0,Not a Cyclist,3,Not At Intersection,7,Not a Cyclist,3,Travel Lane,7,Not a Cyclist,8,Not Applicable,7,Not a Cyclist,8,Not Applicable,8,Not Applicable,8,Not Applicable,8,Not Applicable,400,Walking/Running Along Roadway,0,Not a Cyclist
43,Puerto Rico,430221,0,1,5,Pedestrian,52,52 Years,1,Male,0,None Noted,0,None Noted,0,None Noted,770,Motorist Failed to Yield,0,Not a Cyclist,3,Not At Intersection,7,Not a Cyclist,3,Travel Lane,7,Not a Cyclist,8,Not Applicable,7,Not a Cyclist,8,Not Applicable,8,Not Applicable,8,Not Applicable,8,Not Applicable,750,Crossing Roadway - Vehicle Not Turning,0,Not a Cyclist
43,Puerto Rico,430223,0,1,5,Pedestrian,59,59 Years,1,Male,0,None Noted,0,None Noted,0,None Noted,760,Pedestrian Failed to Yield,0,Not a Cyclist,3,Not At Intersection,7,Not a Cyclist,3,Travel Lane,7,Not a Cyclist,8,Not Applicable,7,Not a Cyclist,8,Not Applicable,8,Not Applicable,8,Not Applicable,8,Not Applicable,750,Crossing Roadway - Vehicle Not Turning,0,Not a Cyclist
43,Puerto Rico,430226,0,1,5,Pedestrian,998,Not Reported,1,Male,0,None Noted,0,None Noted,0,None Noted,760,Pedestrian Failed to Yield,0,Not a Cyclist,3,Not At Intersection,7,Not a Cyclist,3,Travel Lane,7,Not a Cyclist,8,Not Applicable,7,Not a Cyclist,8,Not Applicable,8,Not Applicable,8,Not Applicable,8,Not Applicable,750,Crossing Roadway - Vehicle Not Turning,0,Not a Cyclist
43,Puerto Rico,430228,0,1,5,Pedestrian,28,28 Years,1,Male,0,None Noted,0,None Noted,0,None Noted,420,Walking/Running Along Roadway With Traffic - From Front,0,Not a Cyclist,3,Not At Intersection,7,Not a Cyclist,3,Travel Lane,7,Not a Cyclist,8,Not Applicable,7,Not a Cyclist,8,Not Applicable,8,Not Applicable,8,Not Applicable,8,Not Applicable,400,Walking/Running Along Roadway,0,Not a Cyclist
43,Puerto Rico,430228,0,2,5,Pedestrian,19,19 Years,2,Female,0,None Noted,0,None Noted,0,None Noted,420,Walking/Running Along Roadway With Traffic - From Front,0,Not a Cyclist,3,Not At Intersection,7,Not a Cyclist,3,Travel Lane,7,Not a Cyclist,8,Not Applicable,7,Not a Cyclist,8,Not Applicable,8,Not Applicable,8,Not Applicable,8,Not Applicable,400,Walking/Running Along Roadway,0,Not a Cyclist
43,Puerto Rico,430231,0,1,5,Pedestrian,41,41 Years,2,Female,0,None Noted,0,None Noted,0,None Noted,770,Motorist Failed to Yield,0,Not a Cyclist,3,Not At Intersection,7,Not a Cyclist,3,Travel Lane,7,Not a Cyclist,8,Not Applicable,7,Not a Cyclist,8,Not Applicable,8,Not Applicable,8,Not Applicable,8,Not Applicable,750,Crossing Roadway - Vehicle Not Turning,0,Not a Cyclist
43,Puerto Rico,430232,0,1,5,Pedestrian,76,76 Years,2,Female,0,None Noted,0,None Noted,0,None Noted,770,Motorist Failed to Yield,0,Not a Cyclist,3,Not At Intersection,7,Not a Cyclist,3,Travel Lane,7,Not a Cyclist,8,Not Applicable,7,Not a Cyclist,8,Not Applicable,8,Not Applicable,8,Not Applicable,8,Not Applicable,750,Crossing Roadway - Vehicle Not Turning,0,Not a Cyclist
43,Puerto Rico,430233,0,1,5,Pedestrian,67,67 Years,1,Male,0,None Noted,0,None Noted,0,None Noted,430,Walking/Running Along Roadway Against Traffic - From Behind,0,Not a Cyclist,3,Not At Intersection,7,Not a Cyclist,4,Paved Shoulder / Bicycle Lane / Parking Lane,7,Not a Cyclist,8,Not Applicable,7,Not a Cyclist,8,Not Applicable,8,Not Applicable,8,Not Applicable,8,Not Applicable,400,Walking/Running Along Roadway,0,Not a Cyclist
43,Puerto Rico,430234,0,1,5,Pedestrian,70,70 Years,1,Male,0,None Noted,0,None Noted,0,None Noted,770,Motorist Failed to Yield,0,Not a Cyclist,1,At Intersection,7,Not a Cyclist,1,Intersection Area,7,Not a Cyclist,4,Westbound,7,Not a Cyclist,1,Northbound,3,Straight through,1,Nearside,2b,"Motorist traveling straight through - Crash Occurred on Near (Approach) Side of Intersection / Pedestrian outside crosswalk area, traveled from motorist`s right",750,Crossing Roadway - Vehicle Not Turning,0,Not a Cyclist
43,Puerto Rico,430235,0,1,5,Pedestrian,998,Not Reported,1,Male,0,None Noted,0,None Noted,0,None Noted,313,Lying in Roadway,0,Not a Cyclist,3,Not At Intersection,7,Not a Cyclist,3,Travel Lane,7,Not a Cyclist,8,Not Applicable,7,Not a Cyclist,8,Not Applicable,8,Not Applicable,8,Not Applicable,8,Not Applicable,600,Pedestrian in Roadway - Circumstances Unknown,0,Not a Cyclist
43,Puerto Rico,430236,0,1,5,Pedestrian,70,70 Years,2,Female,0,None Noted,0,None Noted,0,None Noted,760,Pedestrian Failed to Yield,0,Not a Cyclist,3,Not At Intersection,7,Not a Cyclist,3,Travel Lane,7,Not a Cyclist,8,Not Applicable,7,Not a Cyclist,8,Not Applicable,8,Not Applicable,8,Not Applicable,8,Not Applicable,750,Crossing Roadway - Vehicle Not Turning,0,Not a Cyclist
43,Puerto Rico,430237,0,1,5,Pedestrian,74,74 Years,1,Male,0,None Noted,0,None Noted,0,None Noted,760,Pedestrian Failed to Yield,0,Not a Cyclist,3,Not At Intersection,7,Not a Cyclist,3,Travel Lane,7,Not a Cyclist,8,Not Applicable,7,Not a Cyclist,8,Not Applicable,8,Not Applicable,8,Not Applicable,8,Not Applicable,750,Crossing Roadway - Vehicle Not Turning,0,Not a Cyclist
43,Puerto Rico,430240,0,1,5,Pedestrian,66,66 Years,1,Male,0,None Noted,0,None Noted,0,None Noted,313,Lying in Roadway,0,Not a Cyclist,3,Not At Intersection,7,Not a Cyclist,3,Travel Lane,7,Not a Cyclist,8,Not Applicable,7,Not a Cyclist,8,Not Applicable,8,Not Applicable,8,Not Applicable,8,Not Applicable,600,Pedestrian in Roadway - Circumstances Unknown,0,Not a Cyclist
43,Puerto Rico,430241,0,1,5,Pedestrian,64,64 Years,1,Male,0,None Noted,0,None Noted,0,None Noted,770,Motorist Failed to Yield,0,Not a Cyclist,3,Not At Intersection,7,Not a Cyclist,3,Travel Lane,7,Not a Cyclist,8,Not Applicable,7,Not a Cyclist,8,Not Applicable,8,Not Applicable,8,Not Applicable,8,Not Applicable,750,Crossing Roadway - Vehicle Not Turning,0,Not a Cyclist
43,Puerto Rico,430247,0,1,5,Pedestrian,74,74 Years,1,Male,0,None Noted,0,None Noted,0,None Noted,760,Pedestrian Failed to Yield,0,Not a Cyclist,3,Not At Intersection,7,Not a Cyclist,3,Travel Lane,7,Not a Cyclist,8,Not Applicable,7,Not a Cyclist,8,Not Applicable,8,Not Applicable,8,Not Applicable,8,Not Applicable,750,Crossing Roadway - Vehicle Not Turning,0,Not a Cyclist
43,Puerto Rico,430247,0,2,5,Pedestrian,73,73 Years,2,Female,0,None Noted,0,None Noted,0,None Noted,760,Pedestrian Failed to Yield,0,Not a Cyclist,3,Not At Intersection,7,Not a Cyclist,3,Travel Lane,7,Not a Cyclist,8,Not Applicable,7,Not a Cyclist,8,Not Applicable,8,Not Applicable,8,Not Applicable,8,Not Applicable,750,Crossing Roadway - Vehicle Not Turning,0,Not a Cyclist
43,Puerto Rico,430248,0,1,5,Pedestrian,49,49 Years,1,Male,0,None Noted,0,None Noted,0,None Noted,311,Working in Roadway,0,Not a Cyclist,3,Not At Intersection,7,Not a Cyclist,3,Travel Lane,7,Not a Cyclist,8,Not Applicable,7,Not a Cyclist,8,Not Applicable,8,Not Applicable,8,Not Applicable,8,Not Applicable,310,Working or Playing in Roadway,0,Not a Cyclist
43,Puerto Rico,430249,0,1,5,Pedestrian,82,82 Years,2,Female,0,None Noted,0,None Noted,0,None Noted,760,Pedestrian Failed to Yield,0,Not a Cyclist,3,Not At Intersection,7,Not a Cyclist,3,Travel Lane,7,Not a Cyclist,8,Not Applicable,7,Not a Cyclist,8,Not Applicable,8,Not Applicable,8,Not Applicable,8,Not Applicable,750,Crossing Roadway - Vehicle Not Turning,0,Not a Cyclist
43,Puerto Rico,430250,0,1,5,Pedestrian,75,75 Years,1,Male,0,None Noted,0,None Noted,0,None Noted,760,Pedestrian Failed to Yield,0,Not a Cyclist,3,Not At Intersection,7,Not a Cyclist,3,Travel Lane,7,Not a Cyclist,8,Not Applicable,7,Not a Cyclist,8,Not Applicable,8,Not Applicable,8,Not Applicable,8,Not Applicable,750,Crossing Roadway - Vehicle Not Turning,0,Not a Cyclist
43,Puerto Rico,430254,0,1,5,Pedestrian,61,61 Years,1,Male,0,None Noted,0,None Noted,0,None Noted,520,Waiting to Cross - Vehicle Not Turning,0,Not a Cyclist,3,Not At Intersection,7,Not a Cyclist,4,Paved Shoulder / Bicycle Lane / Parking Lane,7,Not a Cyclist,8,Not Applicable,7,Not a Cyclist,8,Not Applicable,8,Not Applicable,8,Not Applicable,8,Not Applicable,500,Waiting to Cross,0,Not a Cyclist
43,Puerto Rico,430254,0,2,5,Pedestrian,57,57 Years,1,Male,0,None Noted,0,None Noted,0,None Noted,520,Waiting to Cross - Vehicle Not Turning,0,Not a Cyclist,3,Not At Intersection,7,Not a Cyclist,4,Paved Shoulder / Bicycle Lane / Parking Lane,7,Not a Cyclist,8,Not Applicable,7,Not a Cyclist,8,Not Applicable,8,Not Applicable,8,Not Applicable,8,Not Applicable,500,Waiting to Cross,0,Not a Cyclist
43,Puerto Rico,430257,0,1,5,Pedestrian,54,54 Years,1,Male,0,None Noted,0,None Noted,0,None Noted,760,Pedestrian Failed to Yield,0,Not a Cyclist,3,Not At Intersection,7,Not a Cyclist,3,Travel Lane,7,Not a Cyclist,8,Not Applicable,7,Not a Cyclist,8,Not Applicable,8,Not Applicable,8,Not Applicable,8,Not Applicable,750,Crossing Roadway - Vehicle Not Turning,0,Not a Cyclist
43,Puerto Rico,430258,0,1,6,Bicyclist,38,38 Years,1,Male,0,None Noted,0,None Noted,0,None Noted,0,Not a Pedestrian,221,Bicyclist Left Turn - Same Direction,7,Not a Pedestrian,3,Not At Intersection,77,Not a Pedestrian,1,Travel Lane,7,Not a Pedestrian,1,With Traffic,7,Not a Pedestrian,7,Not a Pedestrian,7,Not a Pedestrian,7,Not a Pedestrian,0,Not a Pedestrian,220,Bicyclist Left Turn / Merge
43,Puerto Rico,430261,0,1,5,Pedestrian,998,Not Reported,2,Female,0,None Noted,0,None Noted,0,None Noted,420,Walking/Running Along Roadway With Traffic - From Front,0,Not a Cyclist,3,Not At Intersection,7,Not a Cyclist,3,Travel Lane,7,Not a Cyclist,8,Not Applicable,7,Not a Cyclist,8,Not Applicable,8,Not Applicable,8,Not Applicable,8,Not Applicable,400,Walking/Running Along Roadway,0,Not a Cyclist
43,Puerto Rico,430262,0,1,5,Pedestrian,87,87 Years,1,Male,0,None Noted,0,None Noted,0,None Noted,760,Pedestrian Failed to Yield,0,Not a Cyclist,3,Not At Intersection,7,Not a Cyclist,3,Travel Lane,7,Not a Cyclist,8,Not Applicable,7,Not a Cyclist,8,Not Applicable,8,Not Applicable,8,Not Applicable,8,Not Applicable,750,Crossing Roadway - Vehicle Not Turning,0,Not a Cyclist
43,Puerto Rico,430263,0,1,5,Pedestrian,29,29 Years,1,Male,0,None Noted,0,None Noted,0,None Noted,420,Walking/Running Along Roadway With Traffic - From Front,0,Not a Cyclist,3,Not At Intersection,7,Not a Cyclist,3,Travel Lane,7,Not a Cyclist,8,Not Applicable,7,Not a Cyclist,8,Not Applicable,8,Not Applicable,8,Not Applicable,8,Not Applicable,400,Walking/Running Along Roadway,0,Not a Cyclist
43,Puerto Rico,430264,0,1,5,Pedestrian,73,73 Years,1,Male,0,None Noted,0,None Noted,0,None Noted,313,Lying in Roadway,0,Not a Cyclist,3,Not At Intersection,7,Not a Cyclist,3,Travel Lane,7,Not a Cyclist,8,Not Applicable,7,Not a Cyclist,8,Not Applicable,8,Not Applicable,8,Not Applicable,8,Not Applicable,600,Pedestrian in Roadway - Circumstances Unknown,0,Not a Cyclist
43,Puerto Rico,430267,0,1,6,Bicyclist,58,58 Years,1,Male,1,Yes,0,None Noted,0,None Noted,0,Not a Pedestrian,280,Parallel Paths - Other / Unknown,7,Not a Pedestrian,1,At Intersection,77,Not a Pedestrian,3,Sidewalk  / Crosswalk / Driveway Access,7,Not a Pedestrian,1,With Traffic,7,Not a Pedestrian,7,Not a Pedestrian,7,Not a Pedestrian,7,Not a Pedestrian,0,Not a Pedestrian,290,Parallel Paths - Other Circumstances
43,Puerto Rico,430268,0,1,5,Pedestrian,63,63 Years,1,Male,0,None Noted,0,None Noted,0,None Noted,770,Motorist Failed to Yield,0,Not a Cyclist,3,Not At Intersection,7,Not a Cyclist,3,Travel Lane,7,Not a Cyclist,8,Not Applicable,7,Not a Cyclist,8,Not Applicable,8,Not Applicable,8,Not Applicable,8,Not Applicable,750,Crossing Roadway - Vehicle Not Turning,0,Not a Cyclist
43,Puerto Rico,430271,0,1,6,Bicyclist,54,54 Years,1,Male,0,None Noted,0,None Noted,0,None Noted,0,Not a Pedestrian,280,Parallel Paths - Other / Unknown,7,Not a Pedestrian,3,Not At Intersection,77,Not a Pedestrian,1,Travel Lane,7,Not a Pedestrian,1,With Traffic,7,Not a Pedestrian,7,Not a Pedestrian,7,Not a Pedestrian,7,Not a Pedestrian,0,Not a Pedestrian,290,Parallel Paths - Other Circumstances
43,Puerto Rico,430272,0,1,5,Pedestrian,77,77 Years,1,Male,0,None Noted,0,None Noted,0,None Noted,770,Motorist Failed to Yield,0,Not a Cyclist,3,Not At Intersection,7,Not a Cyclist,3,Travel Lane,7,Not a Cyclist,8,Not Applicable,7,Not a Cyclist,8,Not Applicable,8,Not Applicable,8,Not Applicable,8,Not Applicable,750,Crossing Roadway - Vehicle Not Turning,0,Not a Cyclist
43,Puerto Rico,430273,0,1,5,Pedestrian,35,35 Years,1,Male,0,None Noted,0,None Noted,0,None Noted,770,Motorist Failed to Yield,0,Not a Cyclist,3,Not At Intersection,7,Not a Cyclist,3,Travel Lane,7,Not a Cyclist,8,Not Applicable,7,Not a Cyclist,8,Not Applicable,8,Not Applicable,8,Not Applicable,8,Not Applicable,750,Crossing Roadway - Vehicle Not Turning,0,Not a Cyclist
43,Puerto Rico,430274,0,1,5,Pedestrian,47,47 Years,1,Male,0,None Noted,0,None Noted,0,None Noted,420,Walking/Running Along Roadway With Traffic - From Front,0,Not a Cyclist,3,Not At Intersection,7,Not a Cyclist,3,Travel Lane,7,Not a Cyclist,8,Not Applicable,7,Not a Cyclist,8,Not Applicable,8,Not Applicable,8,Not Applicable,8,Not Applicable,400,Walking/Running Along Roadway,0,Not a Cyclist
43,Puerto Rico,430275,0,1,8,Person on Personal Conveyances,22,22 Years,1,Male,0,None Noted,0,None Noted,0,None Noted,760,Pedestrian Failed to Yield,0,Not a Cyclist,3,Not At Intersection,7,Not a Cyclist,3,Travel Lane,7,Not a Cyclist,8,Not Applicable,7,Not a Cyclist,8,Not Applicable,8,Not Applicable,8,Not Applicable,8,Not Applicable,750,Crossing Roadway - Vehicle Not Turning,0,Not a Cyclist
43,Puerto Rico,430277,0,1,5,Pedestrian,34,34 Years,1,Male,0,None Noted,0,None Noted,0,None Noted,770,Motorist Failed to Yield,0,Not a Cyclist,3,Not At Intersection,7,Not a Cyclist,3,Travel Lane,7,Not a Cyclist,8,Not Applicable,7,Not a Cyclist,8,Not Applicable,8,Not Applicable,8,Not Applicable,8,Not Applicable,750,Crossing Roadway - Vehicle Not Turning,0,Not a Cyclist
43,Puerto Rico,430280,0,1,5,Pedestrian,55,55 Years,1,Male,0,None Noted,0,None Noted,0,None Noted,230,Disabled Vehicle-Related,0,Not a Cyclist,3,Not At Intersection,7,Not a Cyclist,3,Travel Lane,7,Not a Cyclist,8,Not Applicable,7,Not a Cyclist,8,Not Applicable,8,Not Applicable,8,Not Applicable,8,Not Applicable,100,Unusual Circumstances,0,Not a Cyclist
43,Puerto Rico,430280,0,2,5,Pedestrian,57,57 Years,2,Female,0,None Noted,0,None Noted,0,None Noted,230,Disabled Vehicle-Related,0,Not a Cyclist,3,Not At Intersection,7,Not a Cyclist,3,Travel Lane,7,Not a Cyclist,8,Not Applicable,7,Not a Cyclist,8,Not Applicable,8,Not Applicable,8,Not Applicable,8,Not Applicable,100,Unusual Circumstances,0,Not a Cyclist
43,Puerto Rico,430283,0,1,5,Pedestrian,31,31 Years,1,Male,0,None Noted,0,None Noted,0,None Noted,770,Motorist Failed to Yield,0,Not a Cyclist,3,Not At Intersection,7,Not a Cyclist,3,Travel Lane,7,Not a Cyclist,8,Not Applicable,7,Not a Cyclist,8,Not Applicable,8,Not Applicable,8,Not Applicable,8,Not Applicable,750,Crossing Roadway - Vehicle Not Turning,0,Not a Cyclist
43,Puerto Rico,430285,0,1,5,Pedestrian,59,59 Years,1,Male,0,None Noted,0,None Noted,0,None Noted,760,Pedestrian Failed to Yield,0,Not a Cyclist,3,Not At Intersection,7,Not a Cyclist,3,Travel Lane,7,Not a Cyclist,8,Not Applicable,7,Not a Cyclist,8,Not Applicable,8,Not Applicable,8,Not Applicable,8,Not Applicable,750,Crossing Roadway - Vehicle Not Turning,0,Not a Cyclist
43,Puerto Rico,430289,0,1,5,Pedestrian,998,Not Reported,1,Male,0,None Noted,0,None Noted,0,None Noted,760,Pedestrian Failed to Yield,0,Not a Cyclist,3,Not At Intersection,7,Not a Cyclist,3,Travel Lane,7,Not a Cyclist,8,Not Applicable,7,Not a Cyclist,8,Not Applicable,8,Not Applicable,8,Not Applicable,8,Not Applicable,750,Crossing Roadway - Vehicle Not Turning,0,Not a Cyclist
43,Puerto Rico,430292,0,1,5,Pedestrian,37,37 Years,1,Male,0,None Noted,0,None Noted,0,None Noted,770,Motorist Failed to Yield,0,Not a Cyclist,3,Not At Intersection,7,Not a Cyclist,3,Travel Lane,7,Not a Cyclist,8,Not Applicable,7,Not a Cyclist,8,Not Applicable,8,Not Applicable,8,Not Applicable,8,Not Applicable,750,Crossing Roadway - Vehicle Not Turning,0,Not a Cyclist
43,Puerto Rico,430294,0,1,5,Pedestrian,61,61 Years,1,Male,0,None Noted,0,None Noted,0,None Noted,770,Motorist Failed to Yield,0,Not a Cyclist,3,Not At Intersection,7,Not a Cyclist,3,Travel Lane,7,Not a Cyclist,8,Not Applicable,7,Not a Cyclist,8,Not Applicable,8,Not Applicable,8,Not Applicable,8,Not Applicable,750,Crossing Roadway - Vehicle Not Turning,0,Not a Cyclist
43,Puerto Rico,430294,0,2,5,Pedestrian,68,68 Years,2,Female,0,None Noted,0,None Noted,0,None Noted,770,Motorist Failed to Yield,0,Not a Cyclist,3,Not At Intersection,7,Not a Cyclist,3,Travel Lane,7,Not a Cyclist,8,Not Applicable,7,Not a Cyclist,8,Not Applicable,8,Not Applicable,8,Not Applicable,8,Not Applicable,750,Crossing Roadway - Vehicle Not Turning,0,Not a Cyclist
43,Puerto Rico,430294,0,3,5,Pedestrian,57,57 Years,1,Male,0,None Noted,0,None Noted,0,None Noted,770,Motorist Failed to Yield,0,Not a Cyclist,3,Not At Intersection,7,Not a Cyclist,3,Travel Lane,7,Not a Cyclist,8,Not Applicable,7,Not a Cyclist,8,Not Applicable,8,Not Applicable,8,Not Applicable,8,Not Applicable,750,Crossing Roadway - Vehicle Not Turning,0,Not a Cyclist
43,Puerto Rico,430295,0,1,5,Pedestrian,65,65 Years,2,Female,0,None Noted,0,None Noted,0,None Noted,760,Pedestrian Failed to Yield,0,Not a Cyclist,3,Not At Intersection,7,Not a Cyclist,3,Travel Lane,7,Not a Cyclist,8,Not Applicable,7,Not a Cyclist,8,Not Applicable,8,Not Applicable,8,Not Applicable,8,Not Applicable,750,Crossing Roadway - Vehicle Not Turning,0,Not a Cyclist
43,Puerto Rico,430297,0,1,5,Pedestrian,998,Not Reported,1,Male,0,None Noted,0,None Noted,0,None Noted,420,Walking/Running Along Roadway With Traffic - From Front,0,Not a Cyclist,3,Not At Intersection,7,Not a Cyclist,3,Travel Lane,7,Not a Cyclist,8,Not Applicable,7,Not a Cyclist,8,Not Applicable,8,Not Applicable,8,Not Applicable,8,Not Applicable,400,Walking/Running Along Roadway,0,Not a Cyclist
