STATE,ST_CASE,VEH_NO,PVE_Forms,PNUMOCCS,PDAY,PMONTH,PHOUR,PMINUTE,PHARM_EV,PMAN_COLL,PTYPE,PHIT_RUN,PREG_STAT,POWNER,PMAKE,PMODEL,PMAK_MOD,PBODYTYP,PMODYEAR,PVIN,PVIN_1,PVIN_2,PVIN_3,PVIN_4,PVIN_5,PVIN_6,PVIN_7,PVIN_8,PVIN_9,PVIN_10,PVIN_11,PVIN_12,PVINTYPE,PVINMAKE,PVINA_MOD,PVIN_BT,PVINMODYR,PVIN_LNGT,PVIN_WGT,PWGTCD_TR,PWHLBS_LG,PWHLBS_SH,PSER_TR,PFUECODE,PMCYCL_DS,PCARBUR,PCYLINDER,PDISPLACE,PMCYCL_CY,PMCYCL_WT,PTIRE_SZE,PTON_RAT,PTRK_WT,PTRKWTVAR,PVIN_REST,PWHLDRWHL,PTRAILER,PMCARR_I1,PMCARR_I2,PMCARR_ID,PGVWR,PV_CONFIG,PCARGTYP,PHAZ_INV,PHAZPLAC,PHAZ_ID,PHAZ_CNO,PHAZ_REL,PBUS_USE,PSP_USE,PEM_USE,PUNDERIDE,PIMPACT1,PVEH_SEV,PTOWED,PM_HARM,PVEH_SC1,PVEH_SC2,PFIRE,PDEATHS
43,430064,2,1,0,10,3,8,31,14,0,2,0,43,6,38,882,38882,60,1998,JALC4B1K4W70,J,A,L,C,4,B,1,K,4,W,7,0,T,ISU,NPR,TB,98,17,,4,0,0,NPR,D,,,4,236,,,,,00000,00,,42,0,88,888888888,88888888888,2,1,1,1,0,0,0,0,0,0,0,0,6,4,3,14,0,0,0,0
43,430067,2,1,0,14,3,11,45,14,0,3,0,43,6,41,471,41471,30,1990,JM2UF1134L08,J,M,2,U,F,1,1,3,4,L,0,8,T,MAZD,22S,PK,90,17,,1,0,1087,B22,G,,,4,133,,,,,00000,00,A,42,0,0,000000000,00000000000,0,0,0,1,0,0,0,0,0,0,0,0,2,2,3,14,0,0,0,0
43,430203,2,1,0,26,8,13,45,14,0,3,0,43,6,2,404,2404,14,1996,1J4EZ58S1TC1,1,J,4,E,Z,5,8,S,1,T,C,1,T,JEEP,LRO,4W,96,17,,1,0,1059,GCK,G,,,6,242,,,,,3686,00,E,44,0,0,000000000,00000000000,0,0,0,1,0,0,0,0,0,0,0,0,6,4,3,14,0,0,0,0
43,430250,2,1,1,28,10,0,15,14,0,3,0,43,6,49,32,49032,2,1987,JT2AE82E8H34,J,T,2,A,E,8,2,E,8,H,3,4,P,TOYT,CDF,4D,87,17,2134,,0,957,,G,,2,4,097,,,13R155,,,,,,0,0,000000000,00000000000,0,0,0,1,0,0,0,0,0,0,0,0,9,2,3,14,0,0,0,0
43,430351,2,1,0,15,11,11,45,14,0,3,0,43,6,12,442,12442,20,1999,2FMZA5141XBB,2,F,M,Z,A,5,1,4,1,X,B,B,T,FORD,WLX,ES,99,17,,1,0,1207,WIN,G,,,6,232,,,,B,3890,00,E,42,0,0,000000000,00000000000,0,0,0,1,0,0,0,0,0,0,0,0,6,4,3,14,0,0,0,0
