STATE,ST_CASE,VEH_NO,PVE_FORMS,PNUMOCCS,PDAY,PMONTH,PHOUR,PMINUTE,PHARM_EV,PMAN_COLL,PTYPE,PHIT_RUN,PREG_STAT,POWNER,PMAKE,PMODEL,PMAK_MOD,PBODYTYP,PMODYEAR,PVIN,PVIN_1,PVIN_2,PVIN_3,PVIN_4,PVIN_5,PVIN_6,PVIN_7,PVIN_8,PVIN_9,PVIN_10,PVIN_11,PVIN_12,PTRAILER,PMCARR_I1,PMCARR_I2,PMCARR_ID,PGVWR,PV_CONFIG,PCARGTYP,PHAZ_INV,PHAZPLAC,PHAZ_ID,PHAZ_CNO,PHAZ_REL,PBUS_USE,PSP_USE,PEM_USE,PUNDERIDE,PIMPACT1,PVEH_SEV,PTOWED,PM_HARM,PVEH_SC1,PVEH_SC2,PFIRE,PDEATHS
43,430055,2,1,0,30,4,4,55,14,0,3,0,43,6,12,880,12880,67,1999,1FDAF56F4XED,1,F,D,A,F,5,6,F,4,X,E,D,0,88,888888888,88888888888,2,1,97,1,0,0,0,0,0,0,0,0,5,4,3,12,0,0,0,0
43,430058,2,1,0,7,5,15,15,14,0,3,0,43,6,49,32,49032,2,1992,JT2AE94K6N34,J,T,2,A,E,9,4,K,6,N,3,4,0,0,000000000,00000000000,0,0,0,1,0,0,0,0,0,0,0,0,6,6,2,3,0,0,0,0
43,430084,2,1,0,22,2,14,50,14,0,3,0,43,6,53,40,53040,4,2008,JS2YC4157851,J,S,2,Y,C,4,1,5,7,8,5,1,0,0,000000000,00000000000,0,0,0,1,0,0,0,0,0,0,0,0,6,4,3,12,0,0,0,0
43,430110,2,1,0,21,7,5,20,14,0,4,0,43,3,49,472,49472,30,2007,5TEJU62N57Z4,5,T,E,J,U,6,2,N,5,7,Z,4,0,0,000000000,00000000000,0,0,0,1,0,0,0,0,0,0,0,0,5,4,3,14,0,0,0,0
43,430259,2,1,0,20,12,20,30,14,0,3,0,43,6,20,8,20008,2,1976,1X27D6T12823,1,X,2,7,D,6,T,1,2,8,2,3,0,0,000000000,00000000000,0,0,0,1,0,0,0,0,0,0,0,0,6,2,5,12,0,0,0,0
