STATE,STATENAME,ST_CASE,VEH_NO,PER_NO,MTM_CRSH,MTM_CRSHNAME
43,Puerto Rico,430002,0,1,4,"In Roadway Improperly (Standing, Lying, Working, Playing, etc.)"
43,Puerto Rico,430003,0,1,0,None Noted
43,Puerto Rico,430007,0,1,12,Improper Crossing of Roadway or Intersection (Jaywalking)
43,Puerto Rico,430008,0,1,0,None Noted
43,Puerto Rico,430013,0,1,0,None Noted
43,Puerto Rico,430014,0,1,12,Improper Crossing of Roadway or Intersection (Jaywalking)
43,Puerto Rico,430023,0,1,12,Improper Crossing of Roadway or Intersection (Jaywalking)
43,Puerto Rico,430024,0,1,13,Failing to Have Lights on When Required
43,Puerto Rico,430024,0,1,19,"Not Visible (Dark clothing, No Lighting, etc.)"
43,Puerto Rico,430026,0,1,0,None Noted
43,Puerto Rico,430027,0,1,0,None Noted
43,Puerto Rico,430029,0,1,0,None Noted
43,Puerto Rico,430036,0,1,0,None Noted
43,Puerto Rico,430038,0,1,12,Improper Crossing of Roadway or Intersection (Jaywalking)
43,Puerto Rico,430041,0,1,0,None Noted
43,Puerto Rico,430050,0,1,12,Improper Crossing of Roadway or Intersection (Jaywalking)
43,Puerto Rico,430051,0,1,0,None Noted
43,Puerto Rico,430053,0,1,12,Improper Crossing of Roadway or Intersection (Jaywalking)
43,Puerto Rico,430055,0,1,4,"In Roadway Improperly (Standing, Lying, Working, Playing, etc.)"
43,Puerto Rico,430055,0,1,10,Riding on Wrong Side of Road
43,Puerto Rico,430056,0,1,0,None Noted
43,Puerto Rico,430061,0,1,12,Improper Crossing of Roadway or Intersection (Jaywalking)
43,Puerto Rico,430062,0,1,12,Improper Crossing of Roadway or Intersection (Jaywalking)
43,Puerto Rico,430069,0,1,12,Improper Crossing of Roadway or Intersection (Jaywalking)
43,Puerto Rico,430073,0,1,12,Improper Crossing of Roadway or Intersection (Jaywalking)
43,Puerto Rico,430074,0,1,12,Improper Crossing of Roadway or Intersection (Jaywalking)
43,Puerto Rico,430078,0,1,12,Improper Crossing of Roadway or Intersection (Jaywalking)
43,Puerto Rico,430080,0,1,12,Improper Crossing of Roadway or Intersection (Jaywalking)
43,Puerto Rico,430084,0,1,12,Improper Crossing of Roadway or Intersection (Jaywalking)
43,Puerto Rico,430087,0,1,0,None Noted
43,Puerto Rico,430090,0,1,0,None Noted
43,Puerto Rico,430093,0,1,0,None Noted
43,Puerto Rico,430096,0,1,0,None Noted
43,Puerto Rico,430098,0,1,4,"In Roadway Improperly (Standing, Lying, Working, Playing, etc.)"
43,Puerto Rico,430098,0,1,19,"Not Visible (Dark clothing, No Lighting, etc.)"
43,Puerto Rico,430102,0,1,16,Failure to Keep in Proper Lane or Running Off Road
43,Puerto Rico,430104,0,1,12,Improper Crossing of Roadway or Intersection (Jaywalking)
43,Puerto Rico,430105,0,1,0,None Noted
43,Puerto Rico,430108,0,1,0,None Noted
43,Puerto Rico,430109,0,1,0,None Noted
43,Puerto Rico,430110,0,1,0,None Noted
43,Puerto Rico,430114,0,1,0,None Noted
43,Puerto Rico,430117,0,1,0,None Noted
43,Puerto Rico,430120,0,1,12,Improper Crossing of Roadway or Intersection (Jaywalking)
43,Puerto Rico,430120,0,2,12,Improper Crossing of Roadway or Intersection (Jaywalking)
43,Puerto Rico,430121,0,1,12,Improper Crossing of Roadway or Intersection (Jaywalking)
43,Puerto Rico,430126,0,1,0,None Noted
43,Puerto Rico,430127,0,1,16,Failure to Keep in Proper Lane or Running Off Road
43,Puerto Rico,430131,0,1,12,Improper Crossing of Roadway or Intersection (Jaywalking)
43,Puerto Rico,430134,0,1,8,Improper Passing
43,Puerto Rico,430140,0,1,4,"In Roadway Improperly (Standing, Lying, Working, Playing, etc.)"
43,Puerto Rico,430146,0,1,0,None Noted
43,Puerto Rico,430148,0,1,0,None Noted
43,Puerto Rico,430149,0,1,19,"Not Visible (Dark clothing, No Lighting, etc.)"
43,Puerto Rico,430151,0,1,12,Improper Crossing of Roadway or Intersection (Jaywalking)
43,Puerto Rico,430151,0,1,19,"Not Visible (Dark clothing, No Lighting, etc.)"
43,Puerto Rico,430152,0,1,12,Improper Crossing of Roadway or Intersection (Jaywalking)
43,Puerto Rico,430152,0,1,19,"Not Visible (Dark clothing, No Lighting, etc.)"
43,Puerto Rico,430154,0,1,12,Improper Crossing of Roadway or Intersection (Jaywalking)
43,Puerto Rico,430154,0,1,19,"Not Visible (Dark clothing, No Lighting, etc.)"
43,Puerto Rico,430156,0,1,12,Improper Crossing of Roadway or Intersection (Jaywalking)
43,Puerto Rico,430158,0,1,4,"In Roadway Improperly (Standing, Lying, Working, Playing, etc.)"
43,Puerto Rico,430159,0,1,0,None Noted
43,Puerto Rico,430161,0,1,0,None Noted
43,Puerto Rico,430161,0,2,0,None Noted
43,Puerto Rico,430161,0,3,0,None Noted
43,Puerto Rico,430161,0,4,0,None Noted
43,Puerto Rico,430166,0,1,19,"Not Visible (Dark clothing, No Lighting, etc.)"
43,Puerto Rico,430167,0,1,0,None Noted
43,Puerto Rico,430170,0,1,0,None Noted
43,Puerto Rico,430171,0,1,0,None Noted
43,Puerto Rico,430171,0,2,0,None Noted
43,Puerto Rico,430174,0,1,12,Improper Crossing of Roadway or Intersection (Jaywalking)
43,Puerto Rico,430175,0,1,0,None Noted
43,Puerto Rico,430180,0,1,12,Improper Crossing of Roadway or Intersection (Jaywalking)
43,Puerto Rico,430183,0,1,0,None Noted
43,Puerto Rico,430184,0,1,12,Improper Crossing of Roadway or Intersection (Jaywalking)
43,Puerto Rico,430185,0,1,0,None Noted
43,Puerto Rico,430187,0,1,0,None Noted
43,Puerto Rico,430188,0,1,12,Improper Crossing of Roadway or Intersection (Jaywalking)
43,Puerto Rico,430188,0,1,19,"Not Visible (Dark clothing, No Lighting, etc.)"
43,Puerto Rico,430190,0,1,12,Improper Crossing of Roadway or Intersection (Jaywalking)
43,Puerto Rico,430190,0,1,19,"Not Visible (Dark clothing, No Lighting, etc.)"
43,Puerto Rico,430191,0,1,0,None Noted
43,Puerto Rico,430192,0,1,0,None Noted
43,Puerto Rico,430196,0,1,0,None Noted
43,Puerto Rico,430196,0,2,0,None Noted
43,Puerto Rico,430198,0,1,12,Improper Crossing of Roadway or Intersection (Jaywalking)
43,Puerto Rico,430202,0,1,0,None Noted
43,Puerto Rico,430203,0,1,0,None Noted
43,Puerto Rico,430207,0,1,0,None Noted
43,Puerto Rico,430208,0,1,0,None Noted
43,Puerto Rico,430210,0,1,0,None Noted
43,Puerto Rico,430215,0,1,0,None Noted
43,Puerto Rico,430215,0,2,0,None Noted
43,Puerto Rico,430219,0,1,12,Improper Crossing of Roadway or Intersection (Jaywalking)
43,Puerto Rico,430220,0,1,0,None Noted
43,Puerto Rico,430223,0,1,0,None Noted
43,Puerto Rico,430224,0,1,0,None Noted
43,Puerto Rico,430227,0,1,0,None Noted
43,Puerto Rico,430229,0,1,4,"In Roadway Improperly (Standing, Lying, Working, Playing, etc.)"
43,Puerto Rico,430232,0,1,4,"In Roadway Improperly (Standing, Lying, Working, Playing, etc.)"
43,Puerto Rico,430235,0,1,12,Improper Crossing of Roadway or Intersection (Jaywalking)
43,Puerto Rico,430236,0,1,0,None Noted
43,Puerto Rico,430236,0,2,0,None Noted
43,Puerto Rico,430236,0,3,0,None Noted
43,Puerto Rico,430238,0,1,0,None Noted
43,Puerto Rico,430239,0,1,0,None Noted
43,Puerto Rico,430240,0,1,9,Wrong-Way Riding or Walking
43,Puerto Rico,430240,0,1,12,Improper Crossing of Roadway or Intersection (Jaywalking)
43,Puerto Rico,430241,0,1,12,Improper Crossing of Roadway or Intersection (Jaywalking)
43,Puerto Rico,430241,0,2,12,Improper Crossing of Roadway or Intersection (Jaywalking)
43,Puerto Rico,430243,0,1,0,None Noted
43,Puerto Rico,430243,0,2,0,None Noted
43,Puerto Rico,430243,0,3,0,None Noted
43,Puerto Rico,430244,0,1,0,None Noted
43,Puerto Rico,430244,0,2,0,None Noted
43,Puerto Rico,430246,0,1,4,"In Roadway Improperly (Standing, Lying, Working, Playing, etc.)"
43,Puerto Rico,430250,0,1,12,Improper Crossing of Roadway or Intersection (Jaywalking)
43,Puerto Rico,430250,0,1,19,"Not Visible (Dark clothing, No Lighting, etc.)"
43,Puerto Rico,430251,0,1,0,None Noted
43,Puerto Rico,430257,0,1,0,None Noted
43,Puerto Rico,430262,0,1,0,None Noted
43,Puerto Rico,430262,0,2,0,None Noted
43,Puerto Rico,430263,0,1,0,None Noted
43,Puerto Rico,430264,0,1,0,None Noted
43,Puerto Rico,430265,0,1,12,Improper Crossing of Roadway or Intersection (Jaywalking)
43,Puerto Rico,430265,0,1,19,"Not Visible (Dark clothing, No Lighting, etc.)"
43,Puerto Rico,430270,0,1,12,Improper Crossing of Roadway or Intersection (Jaywalking)
43,Puerto Rico,430270,0,1,19,"Not Visible (Dark clothing, No Lighting, etc.)"
43,Puerto Rico,430273,0,1,0,None Noted
43,Puerto Rico,430277,0,1,0,None Noted
43,Puerto Rico,430278,0,1,9,Wrong-Way Riding or Walking
43,Puerto Rico,430279,0,1,0,None Noted
43,Puerto Rico,430279,0,2,0,None Noted
43,Puerto Rico,430279,0,3,0,None Noted
43,Puerto Rico,430279,0,4,0,None Noted
43,Puerto Rico,430279,0,5,0,None Noted
43,Puerto Rico,430279,0,6,0,None Noted
43,Puerto Rico,430280,0,1,12,Improper Crossing of Roadway or Intersection (Jaywalking)
43,Puerto Rico,430280,0,1,19,"Not Visible (Dark clothing, No Lighting, etc.)"
43,Puerto Rico,430281,0,1,0,None Noted
43,Puerto Rico,430282,0,1,12,Improper Crossing of Roadway or Intersection (Jaywalking)
43,Puerto Rico,430284,0,1,12,Improper Crossing of Roadway or Intersection (Jaywalking)
43,Puerto Rico,430288,0,1,12,Improper Crossing of Roadway or Intersection (Jaywalking)
43,Puerto Rico,430292,0,1,0,None Noted
43,Puerto Rico,430295,0,1,12,Improper Crossing of Roadway or Intersection (Jaywalking)
43,Puerto Rico,430296,0,1,0,None Noted
43,Puerto Rico,430298,0,1,0,None Noted
