STATE,STATENAME,ST_CASE,VEH_NO,PVE_FORMS,PNUMOCCS,PNUMOCCSNAME,PDAY,PDAYNAME,PMONTH,PMONTHNAME,PHOUR,PHOURNAME,PMINUTE,PMINUTENAME,PHARM_EV,PHARM_EVNAME,PMAN_COLL,PMAN_COLLNAME,PTYPE,PTYPENAME,PHIT_RUN,PHIT_RUNNAME,PREG_STAT,PREG_STATNAME,POWNER,POWNERNAME,PMAKE,PMAKENAME,PMODEL,PMAK_MOD,PBODYTYP,PBODYTYPNAME,PMODYEAR,PMODYEARNAME,PVIN,PVINNAME,PVIN_1,PVIN_2,PVIN_3,PVIN_4,PVIN_5,PVIN_6,PVIN_7,PVIN_8,PVIN_9,PVIN_10,PVIN_11,PVIN_12,PTRAILER,PTRAILERNAME,PMCARR_I1,PMCARR_I1NAME,PMCARR_I2,PMCARR_I2NAME,PMCARR_ID,PMCARR_IDNAME,PGVWR,PGVWRNAME,PV_CONFIG,PV_CONFIGNAME,PCARGTYP,PCARGTYPNAME,PHAZ_INV,PHAZ_INVNAME,PHAZPLAC,PHAZPLACNAME,PHAZ_ID,PHAZ_IDNAME,PHAZ_CNO,PHAZ_CNONAME,PHAZ_REL,PHAZ_RELNAME,PBUS_USE,PBUS_USENAME,PSP_USE,PSP_USENAME,PEM_USE,PEM_USENAME,PUNDERIDE,PUNDERIDENAME,PIMPACT1,PIMPACT1NAME,PVEH_SEV,PVEH_SEVNAME,PTOWED,PTOWEDNAME,PM_HARM,PM_HARMNAME,PVEH_SC1,PVEH_SC1NAME,PVEH_SC2,PVEH_SC2NAME,PFIRE,PFIRENAME,PDEATHS
43,Puerto Rico,430088,2,1,0,None,14,14,1,January,9,9:00am-9:59am,35,35,14,Parked Motor Vehicle,0,Not a Collision with Motor Vehicle In-Transport,2,Motor Vehicle Not In-Transport Within the Trafficway,0,No,43,Puerto Rico,6,Driverless/Motor Vehicle Parked/Stopped Off Roadway,38,Isuzu,898,Isuzu Other (medium/heavy truck),78,Unknown medium/heavy truck type,2007,2007,JALE5B163779,JALE5B163779,J,A,L,E,5,B,1,6,3,7,7,9,0,No Trailing Units,88,None,888888888,None,88888888888,None,2,"10,001 lbs - 26,000 lbs",19,"Truck More Than 10,000 lbs, Cannot Classify",98,Unknown Cargo Body Type,1,No,0,Not Applicable,0,Not Applicable,0,Not Applicable,0,Not Applicable,0,Not a Bus,0,No Special Use,0,Not Applicable,0,No Underride or Override Noted,5,5 Clock Point,2,Minor Damage,5,Not Towed,12,Motor Vehicle In-Transport,0,None,0,None,0,No or Not Reported,0
43,Puerto Rico,430116,2,1,0,None,19,19,5,May,17,5:00pm-5:59pm,30,30,14,Parked Motor Vehicle,0,Not a Collision with Motor Vehicle In-Transport,3,Motor Vehicle Not In-Transport Outside the Trafficway,0,No,43,Puerto Rico,6,Driverless/Motor Vehicle Parked/Stopped Off Roadway,37,Honda,32,Honda Accord,4,"4-door sedan, hardtop",2012,2012,1HGCP2F80CA0,1HGCP2F80CA0,1,H,G,C,P,2,F,8,0,C,A,0,0,No Trailing Units,0,Not Applicable,000000000,Not Applicable,00000000000,Not Applicable,0,Not Applicable,0,Not Applicable,0,Not Applicable (N/A),1,No,0,Not Applicable,0,Not Applicable,0,Not Applicable,0,Not Applicable,0,Not a Bus,0,No Special Use,0,Not Applicable,0,No Underride or Override Noted,7,7 Clock Point,2,Minor Damage,3,Towed Not Due to Disabling Damage,12,Motor Vehicle In-Transport,0,None,0,None,0,No or Not Reported,0
43,Puerto Rico,430122,2,1,0,None,5,5,7,July,12,12:00pm-12:59pm,30,30,14,Parked Motor Vehicle,0,Not a Collision with Motor Vehicle In-Transport,3,Motor Vehicle Not In-Transport Outside the Trafficway,0,No,43,Puerto Rico,6,Driverless/Motor Vehicle Parked/Stopped Off Roadway,12,Ford,471,Ford Ranger,30,"Compact pickup (GVWR <4,500 lbs.) (D50,Colt P/U, Ram 50, Dakota, Arrow Pickup [foreign], Ranger, ..)",1992,1992,1FTCR10A6NUB,1FTCR10A6NUB,1,F,T,C,R,1,0,A,6,N,U,B,0,No Trailing Units,0,Not Applicable,000000000,Not Applicable,00000000000,Not Applicable,0,Not Applicable,0,Not Applicable,0,Not Applicable (N/A),1,No,0,Not Applicable,0,Not Applicable,0,Not Applicable,0,Not Applicable,0,Not a Bus,0,No Special Use,0,Not Applicable,0,No Underride or Override Noted,7,7 Clock Point,2,Minor Damage,5,Not Towed,12,Motor Vehicle In-Transport,0,None,0,None,0,No or Not Reported,0
43,Puerto Rico,430143,2,1,0,None,3,3,9,September,13,1:00pm-1:59pm,20,20,14,Parked Motor Vehicle,0,Not a Collision with Motor Vehicle In-Transport,3,Motor Vehicle Not In-Transport Outside the Trafficway,0,No,43,Puerto Rico,6,Driverless/Motor Vehicle Parked/Stopped Off Roadway,85,Kenworth,898,Kenworth Other (medium/heavy truck),78,Unknown medium/heavy truck type,1988,1988,1XKAD29X2JJ5,1XKAD29X2JJ5,1,X,K,A,D,2,9,X,2,J,J,5,0,No Trailing Units,88,None,888888888,None,88888888888,None,3,"26,001 lbs. or more",19,"Truck More Than 10,000 lbs, Cannot Classify",98,Unknown Cargo Body Type,1,No,0,Not Applicable,0,Not Applicable,0,Not Applicable,0,Not Applicable,0,Not a Bus,0,No Special Use,0,Not Applicable,0,No Underride or Override Noted,12,12 Clock Point,2,Minor Damage,5,Not Towed,12,Motor Vehicle In-Transport,0,None,0,None,0,No or Not Reported,0
43,Puerto Rico,430165,2,1,1,01,21,21,9,September,4,4:00am-4:59am,10,10,14,Parked Motor Vehicle,0,Not a Collision with Motor Vehicle In-Transport,2,Motor Vehicle Not In-Transport Within the Trafficway,0,No,43,Puerto Rico,6,Driverless/Motor Vehicle Parked/Stopped Off Roadway,12,Ford,461,Ford E-Series Van/Econoline,21,"Large Van-Includes van-based buses (B150-B350, Sportsman, Royal Maxiwagon, Ram, Tradesman,...)",1995,1995,1FDKE37H1SHA,1FDKE37H1SHA,1,F,D,K,E,3,7,H,1,S,H,A,0,No Trailing Units,0,Not Applicable,000000000,Not Applicable,00000000000,Not Applicable,0,Not Applicable,0,Not Applicable,0,Not Applicable (N/A),1,No,0,Not Applicable,0,Not Applicable,0,Not Applicable,0,Not Applicable,0,Not a Bus,0,No Special Use,0,Not Applicable,0,No Underride or Override Noted,6,6 Clock Point,6,Disabling Damage,2,Towed Due to Disabling Damage,12,Motor Vehicle In-Transport,0,None,0,None,0,No or Not Reported,1
43,Puerto Rico,430200,2,1,0,None,20,20,9,September,16,4:00pm-4:59pm,45,45,39,Wall,0,Not a Collision with Motor Vehicle In-Transport,3,Motor Vehicle Not In-Transport Outside the Trafficway,0,No,43,Puerto Rico,6,Driverless/Motor Vehicle Parked/Stopped Off Roadway,49,Toyota,51,Toyota Yaris,4,"4-door sedan, hardtop",2007,2007,JTDBT9237710,JTDBT9237710,J,T,D,B,T,9,2,3,7,7,1,0,0,No Trailing Units,0,Not Applicable,000000000,Not Applicable,00000000000,Not Applicable,0,Not Applicable,0,Not Applicable,0,Not Applicable (N/A),1,No,0,Not Applicable,0,Not Applicable,0,Not Applicable,0,Not Applicable,0,Not a Bus,0,No Special Use,0,Not Applicable,0,No Underride or Override Noted,12,12 Clock Point,4,Functional Damage,3,Towed Not Due to Disabling Damage,12,Motor Vehicle In-Transport,0,None,0,None,0,No or Not Reported,0
43,Puerto Rico,430244,2,1,0,None,17,17,10,October,9,9:00am-9:59am,32,32,14,Parked Motor Vehicle,0,Not a Collision with Motor Vehicle In-Transport,2,Motor Vehicle Not In-Transport Within the Trafficway,0,No,43,Puerto Rico,6,Driverless/Motor Vehicle Parked/Stopped Off Roadway,49,Toyota,51,Toyota Yaris,4,"4-door sedan, hardtop",2007,2007,JTDBT9234710,JTDBT9234710,J,T,D,B,T,9,2,3,4,7,1,0,0,No Trailing Units,0,Not Applicable,000000000,Not Applicable,00000000000,Not Applicable,0,Not Applicable,0,Not Applicable,0,Not Applicable (N/A),1,No,0,Not Applicable,0,Not Applicable,0,Not Applicable,0,Not Applicable,0,Not a Bus,0,No Special Use,0,Not Applicable,0,No Underride or Override Noted,6,6 Clock Point,2,Minor Damage,5,Not Towed,12,Motor Vehicle In-Transport,0,None,0,None,0,No or Not Reported,0
43,Puerto Rico,430251,2,1,1,01,6,6,11,November,4,4:00am-4:59am,5,5,14,Parked Motor Vehicle,0,Not a Collision with Motor Vehicle In-Transport,2,Motor Vehicle Not In-Transport Within the Trafficway,0,No,43,Puerto Rico,6,Driverless/Motor Vehicle Parked/Stopped Off Roadway,49,Toyota,32,Toyota Corolla,2,"2-door sedan,hardtop,coupe",2003,2003,2T1BR32E43C0,2T1BR32E43C0,2,T,1,B,R,3,2,E,4,3,C,0,0,No Trailing Units,0,Not Applicable,000000000,Not Applicable,00000000000,Not Applicable,0,Not Applicable,0,Not Applicable,0,Not Applicable (N/A),1,No,0,Not Applicable,0,Not Applicable,0,Not Applicable,0,Not Applicable,0,Not a Bus,0,No Special Use,0,Not Applicable,0,No Underride or Override Noted,6,6 Clock Point,2,Minor Damage,5,Not Towed,12,Motor Vehicle In-Transport,0,None,0,None,0,No or Not Reported,0
