STATE,STATENAME,ST_CASE,VEH_NO,PER_NO,PBPTYPE,PBPTYPENAME,PBAGE,PBAGENAME,PBSEX,PBSEXNAME,PBCWALK,PBCWALKNAME,PBSWALK,PBSWALKNAME,PBSZONE,PBSZONENAME,PEDCTYPE,PEDCTYPENAME,BIKECTYPE,BIKECTYPENAME,PEDLOC,PEDLOCNAME,BIKELOC,BIKELOCNAME,PEDPOS,PEDPOSNAME,BIKEPOS,BIKEPOSNAME,PEDDIR,PEDDIRNAME,BIKEDIR,BIKEDIRNAME,MOTDIR,MOTDIRNAME,MOTMAN,MOTMANNAME,PEDLEG,PEDLEGNAME,PEDSNR,PEDSNRNAME,PEDCGP,PEDCGPNAME,BIKECGP,BIKECGPNAME
43,Puerto Rico,430002,0,1,5,Pedestrian,53,53 Years,1,Male,0,None Noted,0,None Noted,0,None Noted,312,Playing in Roadway,0,Not a Cyclist,3,Not At Intersection,7,Not a Cyclist,3,Travel Lane,7,Not a Cyclist,8,Not Applicable,7,Not a Cyclist,8,Not Applicable,8,Not Applicable,8,Not Applicable,8,Not Applicable,310,Working or Playing in Roadway,0,Not a Cyclist
43,Puerto Rico,430003,0,1,5,Pedestrian,20,20 Years,1,Male,0,None Noted,0,None Noted,0,None Noted,140,Vehicle-Vehicle / Object,0,Not a Cyclist,3,Not At Intersection,7,Not a Cyclist,3,Travel Lane,7,Not a Cyclist,8,Not Applicable,7,Not a Cyclist,8,Not Applicable,8,Not Applicable,8,Not Applicable,8,Not Applicable,100,Unusual Circumstances,0,Not a Cyclist
43,Puerto Rico,430007,0,1,5,Pedestrian,75,75 Years,1,Male,0,None Noted,0,None Noted,0,None Noted,760,Pedestrian Failed to Yield,0,Not a Cyclist,3,Not At Intersection,7,Not a Cyclist,3,Travel Lane,7,Not a Cyclist,8,Not Applicable,7,Not a Cyclist,8,Not Applicable,8,Not Applicable,8,Not Applicable,8,Not Applicable,750,Crossing Roadway - Vehicle Not Turning,0,Not a Cyclist
43,Puerto Rico,430008,0,1,5,Pedestrian,88,88 Years,1,Male,0,None Noted,0,None Noted,0,None Noted,770,Motorist Failed to Yield,0,Not a Cyclist,3,Not At Intersection,7,Not a Cyclist,3,Travel Lane,7,Not a Cyclist,8,Not Applicable,7,Not a Cyclist,8,Not Applicable,8,Not Applicable,8,Not Applicable,8,Not Applicable,750,Crossing Roadway - Vehicle Not Turning,0,Not a Cyclist
43,Puerto Rico,430013,0,1,5,Pedestrian,68,68 Years,2,Female,1,Yes,0,None Noted,0,None Noted,770,Motorist Failed to Yield,0,Not a Cyclist,3,Not At Intersection,7,Not a Cyclist,3,Travel Lane,7,Not a Cyclist,8,Not Applicable,7,Not a Cyclist,8,Not Applicable,8,Not Applicable,8,Not Applicable,8,Not Applicable,750,Crossing Roadway - Vehicle Not Turning,0,Not a Cyclist
43,Puerto Rico,430014,0,1,6,Bicyclist,64,64 Years,1,Male,0,None Noted,0,None Noted,0,None Noted,0,Not a Pedestrian,380,Crossing Paths - Midblock - Other / Unknown,7,Not a Pedestrian,3,Not At Intersection,77,Not a Pedestrian,1,Travel Lane,7,Not a Pedestrian,1,With Traffic,7,Not a Pedestrian,7,Not a Pedestrian,7,Not a Pedestrian,7,Not a Pedestrian,0,Not a Pedestrian,190,Crossing Paths - Other Circumstances
43,Puerto Rico,430023,0,1,5,Pedestrian,82,82 Years,1,Male,0,None Noted,0,None Noted,0,None Noted,760,Pedestrian Failed to Yield,0,Not a Cyclist,1,At Intersection,7,Not a Cyclist,1,Intersection Area,7,Not a Cyclist,4,Westbound,7,Not a Cyclist,1,Northbound,3,Straight through,1,Nearside,2b,"Motorist traveling straight through - Crash Occurred on Near (Approach) Side of Intersection / Pedestrian outside crosswalk area, traveled from motorists right",750,Crossing Roadway - Vehicle Not Turning,0,Not a Cyclist
43,Puerto Rico,430024,0,1,8,Persons on Personal Conveyances,17,17 Years,1,Male,0,None Noted,0,None Noted,0,None Noted,760,Pedestrian Failed to Yield,0,Not a Cyclist,3,Not At Intersection,7,Not a Cyclist,3,Travel Lane,7,Not a Cyclist,8,Not Applicable,7,Not a Cyclist,8,Not Applicable,8,Not Applicable,8,Not Applicable,8,Not Applicable,750,Crossing Roadway - Vehicle Not Turning,0,Not a Cyclist
43,Puerto Rico,430026,0,1,5,Pedestrian,26,26 Years,1,Male,0,None Noted,0,None Noted,0,None Noted,420,Walking/Running Along Roadway With Traffic - From Front,0,Not a Cyclist,3,Not At Intersection,7,Not a Cyclist,4,Paved Shoulder / Bicycle Lane / Parking Lane,7,Not a Cyclist,8,Not Applicable,7,Not a Cyclist,8,Not Applicable,8,Not Applicable,8,Not Applicable,8,Not Applicable,400,Walking/Running Along Roadway,0,Not a Cyclist
43,Puerto Rico,430027,0,1,5,Pedestrian,62,62 Years,1,Male,0,None Noted,0,None Noted,0,None Noted,313,Lying in Roadway,0,Not a Cyclist,3,Not At Intersection,7,Not a Cyclist,3,Travel Lane,7,Not a Cyclist,8,Not Applicable,7,Not a Cyclist,8,Not Applicable,8,Not Applicable,8,Not Applicable,8,Not Applicable,600,Pedestrian in Roadway - Circumstances Unknown,0,Not a Cyclist
43,Puerto Rico,430029,0,1,5,Pedestrian,82,82 Years,1,Male,0,None Noted,0,None Noted,0,None Noted,420,Walking/Running Along Roadway With Traffic - From Front,0,Not a Cyclist,3,Not At Intersection,7,Not a Cyclist,3,Travel Lane,7,Not a Cyclist,8,Not Applicable,7,Not a Cyclist,8,Not Applicable,8,Not Applicable,8,Not Applicable,8,Not Applicable,400,Walking/Running Along Roadway,0,Not a Cyclist
43,Puerto Rico,430036,0,1,5,Pedestrian,54,54 Years,1,Male,0,None Noted,0,None Noted,0,None Noted,520,Waiting to Cross - Vehicle Not Turning,0,Not a Cyclist,3,Not At Intersection,7,Not a Cyclist,4,Paved Shoulder / Bicycle Lane / Parking Lane,7,Not a Cyclist,8,Not Applicable,7,Not a Cyclist,8,Not Applicable,8,Not Applicable,8,Not Applicable,8,Not Applicable,500,Waiting to Cross,0,Not a Cyclist
43,Puerto Rico,430038,0,1,5,Pedestrian,72,72 Years,1,Male,0,None Noted,0,None Noted,0,None Noted,760,Pedestrian Failed to Yield,0,Not a Cyclist,3,Not At Intersection,7,Not a Cyclist,3,Travel Lane,7,Not a Cyclist,8,Not Applicable,7,Not a Cyclist,8,Not Applicable,8,Not Applicable,8,Not Applicable,8,Not Applicable,750,Crossing Roadway - Vehicle Not Turning,0,Not a Cyclist
43,Puerto Rico,430041,0,1,5,Pedestrian,65,65 Years,2,Female,0,None Noted,1,Yes,0,None Noted,430,Walking/Running Along Roadway Against Traffic - From Behind,0,Not a Cyclist,3,Not At Intersection,7,Not a Cyclist,5,Sidewalk / Shared-Use Path / Driveway Access,7,Not a Cyclist,8,Not Applicable,7,Not a Cyclist,8,Not Applicable,8,Not Applicable,8,Not Applicable,8,Not Applicable,400,Walking/Running Along Roadway,0,Not a Cyclist
43,Puerto Rico,430050,0,1,5,Pedestrian,47,47 Years,1,Male,0,None Noted,0,None Noted,0,None Noted,760,Pedestrian Failed to Yield,0,Not a Cyclist,3,Not At Intersection,7,Not a Cyclist,3,Travel Lane,7,Not a Cyclist,8,Not Applicable,7,Not a Cyclist,8,Not Applicable,8,Not Applicable,8,Not Applicable,8,Not Applicable,750,Crossing Roadway - Vehicle Not Turning,0,Not a Cyclist
43,Puerto Rico,430051,0,1,5,Pedestrian,33,33 Years,1,Male,0,None Noted,0,None Noted,0,None Noted,213,Backing Vehicle - Trafficway,0,Not a Cyclist,3,Not At Intersection,7,Not a Cyclist,3,Travel Lane,7,Not a Cyclist,8,Not Applicable,7,Not a Cyclist,8,Not Applicable,8,Not Applicable,8,Not Applicable,8,Not Applicable,200,Backing Vehicle,0,Not a Cyclist
43,Puerto Rico,430053,0,1,5,Pedestrian,59,59 Years,1,Male,0,None Noted,0,None Noted,0,None Noted,760,Pedestrian Failed to Yield,0,Not a Cyclist,3,Not At Intersection,7,Not a Cyclist,3,Travel Lane,7,Not a Cyclist,8,Not Applicable,7,Not a Cyclist,8,Not Applicable,8,Not Applicable,8,Not Applicable,8,Not Applicable,750,Crossing Roadway - Vehicle Not Turning,0,Not a Cyclist
43,Puerto Rico,430055,0,1,8,Persons on Personal Conveyances,14,14 Years,1,Male,0,None Noted,0,None Noted,0,None Noted,312,Playing in Roadway,0,Not a Cyclist,3,Not At Intersection,7,Not a Cyclist,3,Travel Lane,7,Not a Cyclist,8,Not Applicable,7,Not a Cyclist,8,Not Applicable,8,Not Applicable,8,Not Applicable,8,Not Applicable,310,Working or Playing in Roadway,0,Not a Cyclist
43,Puerto Rico,430056,0,1,5,Pedestrian,50,50 Years,1,Male,0,None Noted,0,None Noted,0,None Noted,770,Motorist Failed to Yield,0,Not a Cyclist,3,Not At Intersection,7,Not a Cyclist,3,Travel Lane,7,Not a Cyclist,8,Not Applicable,7,Not a Cyclist,8,Not Applicable,8,Not Applicable,8,Not Applicable,8,Not Applicable,750,Crossing Roadway - Vehicle Not Turning,0,Not a Cyclist
43,Puerto Rico,430061,0,1,5,Pedestrian,54,54 Years,1,Male,0,None Noted,0,None Noted,0,None Noted,760,Pedestrian Failed to Yield,0,Not a Cyclist,3,Not At Intersection,7,Not a Cyclist,3,Travel Lane,7,Not a Cyclist,8,Not Applicable,7,Not a Cyclist,8,Not Applicable,8,Not Applicable,8,Not Applicable,8,Not Applicable,750,Crossing Roadway - Vehicle Not Turning,0,Not a Cyclist
43,Puerto Rico,430062,0,1,5,Pedestrian,54,54 Years,1,Male,0,None Noted,0,None Noted,0,None Noted,760,Pedestrian Failed to Yield,0,Not a Cyclist,3,Not At Intersection,7,Not a Cyclist,3,Travel Lane,7,Not a Cyclist,8,Not Applicable,7,Not a Cyclist,8,Not Applicable,8,Not Applicable,8,Not Applicable,8,Not Applicable,750,Crossing Roadway - Vehicle Not Turning,0,Not a Cyclist
43,Puerto Rico,430069,0,1,5,Pedestrian,52,52 Years,1,Male,0,None Noted,0,None Noted,0,None Noted,760,Pedestrian Failed to Yield,0,Not a Cyclist,3,Not At Intersection,7,Not a Cyclist,3,Travel Lane,7,Not a Cyclist,8,Not Applicable,7,Not a Cyclist,8,Not Applicable,8,Not Applicable,8,Not Applicable,8,Not Applicable,750,Crossing Roadway - Vehicle Not Turning,0,Not a Cyclist
43,Puerto Rico,430073,0,1,5,Pedestrian,74,74 Years,1,Male,0,None Noted,0,None Noted,0,None Noted,760,Pedestrian Failed to Yield,0,Not a Cyclist,3,Not At Intersection,7,Not a Cyclist,3,Travel Lane,7,Not a Cyclist,8,Not Applicable,7,Not a Cyclist,8,Not Applicable,8,Not Applicable,8,Not Applicable,8,Not Applicable,750,Crossing Roadway - Vehicle Not Turning,0,Not a Cyclist
43,Puerto Rico,430074,0,1,5,Pedestrian,38,38 Years,2,Female,0,None Noted,0,None Noted,0,None Noted,760,Pedestrian Failed to Yield,0,Not a Cyclist,3,Not At Intersection,7,Not a Cyclist,3,Travel Lane,7,Not a Cyclist,8,Not Applicable,7,Not a Cyclist,8,Not Applicable,8,Not Applicable,8,Not Applicable,8,Not Applicable,750,Crossing Roadway - Vehicle Not Turning,0,Not a Cyclist
43,Puerto Rico,430078,0,1,5,Pedestrian,42,42 Years,1,Male,0,None Noted,0,None Noted,0,None Noted,760,Pedestrian Failed to Yield,0,Not a Cyclist,3,Not At Intersection,7,Not a Cyclist,3,Travel Lane,7,Not a Cyclist,8,Not Applicable,7,Not a Cyclist,8,Not Applicable,8,Not Applicable,8,Not Applicable,8,Not Applicable,750,Crossing Roadway - Vehicle Not Turning,0,Not a Cyclist
43,Puerto Rico,430080,0,1,5,Pedestrian,53,53 Years,2,Female,0,None Noted,0,None Noted,0,None Noted,770,Motorist Failed to Yield,0,Not a Cyclist,3,Not At Intersection,7,Not a Cyclist,3,Travel Lane,7,Not a Cyclist,8,Not Applicable,7,Not a Cyclist,8,Not Applicable,8,Not Applicable,8,Not Applicable,8,Not Applicable,750,Crossing Roadway - Vehicle Not Turning,0,Not a Cyclist
43,Puerto Rico,430084,0,1,5,Pedestrian,51,51 Years,1,Male,0,None Noted,0,None Noted,0,None Noted,770,Motorist Failed to Yield,0,Not a Cyclist,3,Not At Intersection,7,Not a Cyclist,3,Travel Lane,7,Not a Cyclist,8,Not Applicable,7,Not a Cyclist,8,Not Applicable,8,Not Applicable,8,Not Applicable,8,Not Applicable,750,Crossing Roadway - Vehicle Not Turning,0,Not a Cyclist
43,Puerto Rico,430087,0,1,5,Pedestrian,93,93 Years,2,Female,0,None Noted,0,None Noted,0,None Noted,770,Motorist Failed to Yield,0,Not a Cyclist,3,Not At Intersection,7,Not a Cyclist,3,Travel Lane,7,Not a Cyclist,8,Not Applicable,7,Not a Cyclist,8,Not Applicable,8,Not Applicable,8,Not Applicable,8,Not Applicable,750,Crossing Roadway - Vehicle Not Turning,0,Not a Cyclist
43,Puerto Rico,430090,0,1,5,Pedestrian,59,59 Years,1,Male,0,None Noted,0,None Noted,0,None Noted,420,Walking/Running Along Roadway With Traffic - From Front,0,Not a Cyclist,3,Not At Intersection,7,Not a Cyclist,4,Paved Shoulder / Bicycle Lane / Parking Lane,7,Not a Cyclist,8,Not Applicable,7,Not a Cyclist,8,Not Applicable,8,Not Applicable,8,Not Applicable,8,Not Applicable,400,Walking/Running Along Roadway,0,Not a Cyclist
43,Puerto Rico,430093,0,1,6,Bicyclist,17,17 Years,1,Male,0,None Noted,0,None Noted,0,None Noted,0,Not a Pedestrian,800,Unusual Circumstances,7,Not a Pedestrian,3,Not At Intersection,77,Not a Pedestrian,1,Travel Lane,7,Not a Pedestrian,1,With Traffic,7,Not a Pedestrian,7,Not a Pedestrian,7,Not a Pedestrian,7,Not a Pedestrian,0,Not a Pedestrian,850,Other / Unusual Circumstances
43,Puerto Rico,430096,0,1,5,Pedestrian,56,56 Years,1,Male,0,None Noted,0,None Noted,0,None Noted,770,Motorist Failed to Yield,0,Not a Cyclist,3,Not At Intersection,7,Not a Cyclist,3,Travel Lane,7,Not a Cyclist,8,Not Applicable,7,Not a Cyclist,8,Not Applicable,8,Not Applicable,8,Not Applicable,8,Not Applicable,750,Crossing Roadway - Vehicle Not Turning,0,Not a Cyclist
43,Puerto Rico,430098,0,1,5,Pedestrian,46,46 Years,2,Female,0,None Noted,0,None Noted,0,None Noted,610,Standing in Roadway,0,Not a Cyclist,3,Not At Intersection,7,Not a Cyclist,3,Travel Lane,7,Not a Cyclist,8,Not Applicable,7,Not a Cyclist,8,Not Applicable,8,Not Applicable,8,Not Applicable,8,Not Applicable,600,Pedestrian in Roadway - Circumstances Unknown,0,Not a Cyclist
43,Puerto Rico,430102,0,1,8,Persons on Personal Conveyances,38,38 Years,1,Male,0,None Noted,0,None Noted,0,None Noted,430,Walking/Running Along Roadway Against Traffic - From Behind,0,Not a Cyclist,3,Not At Intersection,7,Not a Cyclist,3,Travel Lane,7,Not a Cyclist,8,Not Applicable,7,Not a Cyclist,8,Not Applicable,8,Not Applicable,8,Not Applicable,8,Not Applicable,400,Walking/Running Along Roadway,0,Not a Cyclist
43,Puerto Rico,430104,0,1,5,Pedestrian,24,24 Years,1,Male,0,None Noted,0,None Noted,0,None Noted,760,Pedestrian Failed to Yield,0,Not a Cyclist,3,Not At Intersection,7,Not a Cyclist,3,Travel Lane,7,Not a Cyclist,8,Not Applicable,7,Not a Cyclist,8,Not Applicable,8,Not Applicable,8,Not Applicable,8,Not Applicable,750,Crossing Roadway - Vehicle Not Turning,0,Not a Cyclist
43,Puerto Rico,430105,0,1,5,Pedestrian,61,61 Years,1,Male,0,None Noted,0,None Noted,0,None Noted,770,Motorist Failed to Yield,0,Not a Cyclist,3,Not At Intersection,7,Not a Cyclist,3,Travel Lane,7,Not a Cyclist,8,Not Applicable,7,Not a Cyclist,8,Not Applicable,8,Not Applicable,8,Not Applicable,8,Not Applicable,750,Crossing Roadway - Vehicle Not Turning,0,Not a Cyclist
43,Puerto Rico,430108,0,1,5,Pedestrian,53,53 Years,1,Male,0,None Noted,0,None Noted,0,None Noted,770,Motorist Failed to Yield,0,Not a Cyclist,3,Not At Intersection,7,Not a Cyclist,3,Travel Lane,7,Not a Cyclist,8,Not Applicable,7,Not a Cyclist,8,Not Applicable,8,Not Applicable,8,Not Applicable,8,Not Applicable,750,Crossing Roadway - Vehicle Not Turning,0,Not a Cyclist
43,Puerto Rico,430109,0,1,5,Pedestrian,73,73 Years,1,Male,0,None Noted,0,None Noted,0,None Noted,760,Pedestrian Failed to Yield,0,Not a Cyclist,3,Not At Intersection,7,Not a Cyclist,3,Travel Lane,7,Not a Cyclist,8,Not Applicable,7,Not a Cyclist,8,Not Applicable,8,Not Applicable,8,Not Applicable,8,Not Applicable,750,Crossing Roadway - Vehicle Not Turning,0,Not a Cyclist
43,Puerto Rico,430110,0,1,5,Pedestrian,50,50 Years,1,Male,0,None Noted,0,None Noted,0,None Noted,770,Motorist Failed to Yield,0,Not a Cyclist,3,Not At Intersection,7,Not a Cyclist,3,Travel Lane,7,Not a Cyclist,8,Not Applicable,7,Not a Cyclist,8,Not Applicable,8,Not Applicable,8,Not Applicable,8,Not Applicable,750,Crossing Roadway - Vehicle Not Turning,0,Not a Cyclist
43,Puerto Rico,430114,0,1,5,Pedestrian,66,66 Years,1,Male,0,None Noted,0,None Noted,0,None Noted,770,Motorist Failed to Yield,0,Not a Cyclist,3,Not At Intersection,7,Not a Cyclist,3,Travel Lane,7,Not a Cyclist,8,Not Applicable,7,Not a Cyclist,8,Not Applicable,8,Not Applicable,8,Not Applicable,8,Not Applicable,750,Crossing Roadway - Vehicle Not Turning,0,Not a Cyclist
43,Puerto Rico,430117,0,1,5,Pedestrian,83,83 Years,2,Female,0,None Noted,0,None Noted,0,None Noted,410,Walking/Running Along Roadway With Traffic - From Behind,0,Not a Cyclist,3,Not At Intersection,7,Not a Cyclist,6,Unpaved Right-of-Way,7,Not a Cyclist,8,Not Applicable,7,Not a Cyclist,8,Not Applicable,8,Not Applicable,8,Not Applicable,8,Not Applicable,400,Walking/Running Along Roadway,0,Not a Cyclist
43,Puerto Rico,430120,0,1,5,Pedestrian,47,47 Years,1,Male,0,None Noted,0,None Noted,0,None Noted,760,Pedestrian Failed to Yield,0,Not a Cyclist,3,Not At Intersection,7,Not a Cyclist,3,Travel Lane,7,Not a Cyclist,8,Not Applicable,7,Not a Cyclist,8,Not Applicable,8,Not Applicable,8,Not Applicable,8,Not Applicable,750,Crossing Roadway - Vehicle Not Turning,0,Not a Cyclist
43,Puerto Rico,430120,0,2,5,Pedestrian,49,49 Years,1,Male,0,None Noted,0,None Noted,0,None Noted,760,Pedestrian Failed to Yield,0,Not a Cyclist,3,Not At Intersection,7,Not a Cyclist,3,Travel Lane,7,Not a Cyclist,8,Not Applicable,7,Not a Cyclist,8,Not Applicable,8,Not Applicable,8,Not Applicable,8,Not Applicable,750,Crossing Roadway - Vehicle Not Turning,0,Not a Cyclist
43,Puerto Rico,430121,0,1,5,Pedestrian,63,63 Years,1,Male,0,None Noted,0,None Noted,0,None Noted,760,Pedestrian Failed to Yield,0,Not a Cyclist,3,Not At Intersection,7,Not a Cyclist,3,Travel Lane,7,Not a Cyclist,8,Not Applicable,7,Not a Cyclist,8,Not Applicable,8,Not Applicable,8,Not Applicable,8,Not Applicable,750,Crossing Roadway - Vehicle Not Turning,0,Not a Cyclist
43,Puerto Rico,430126,0,1,5,Pedestrian,72,72 Years,1,Male,0,None Noted,0,None Noted,0,None Noted,770,Motorist Failed to Yield,0,Not a Cyclist,3,Not At Intersection,7,Not a Cyclist,3,Travel Lane,7,Not a Cyclist,8,Not Applicable,7,Not a Cyclist,8,Not Applicable,8,Not Applicable,8,Not Applicable,8,Not Applicable,750,Crossing Roadway - Vehicle Not Turning,0,Not a Cyclist
43,Puerto Rico,430127,0,1,6,Bicyclist,67,67 Years,1,Male,0,None Noted,0,None Noted,0,None Noted,0,Not a Pedestrian,280,Parallel Paths - Other / Unknown,7,Not a Pedestrian,3,Not At Intersection,77,Not a Pedestrian,1,Travel Lane,7,Not a Pedestrian,1,With Traffic,7,Not a Pedestrian,7,Not a Pedestrian,7,Not a Pedestrian,7,Not a Pedestrian,0,Not a Pedestrian,290,Parallel Paths - Other Circumstances
43,Puerto Rico,430131,0,1,5,Pedestrian,49,49 Years,2,Female,0,None Noted,0,None Noted,0,None Noted,760,Pedestrian Failed to Yield,0,Not a Cyclist,3,Not At Intersection,7,Not a Cyclist,3,Travel Lane,7,Not a Cyclist,8,Not Applicable,7,Not a Cyclist,8,Not Applicable,8,Not Applicable,8,Not Applicable,8,Not Applicable,750,Crossing Roadway - Vehicle Not Turning,0,Not a Cyclist
43,Puerto Rico,430134,0,1,6,Bicyclist,22,22 Years,1,Male,0,None Noted,0,None Noted,0,None Noted,0,Not a Pedestrian,241,Bicyclist Overtaking - Passing on Right,7,Not a Pedestrian,3,Not At Intersection,77,Not a Pedestrian,1,Travel Lane,7,Not a Pedestrian,1,With Traffic,7,Not a Pedestrian,7,Not a Pedestrian,7,Not a Pedestrian,7,Not a Pedestrian,0,Not a Pedestrian,240,Bicyclist Overtaking Motorist
43,Puerto Rico,430140,0,1,5,Pedestrian,36,36 Years,2,Female,0,None Noted,0,None Noted,0,None Noted,410,Walking/Running Along Roadway With Traffic - From Behind,0,Not a Cyclist,3,Not At Intersection,7,Not a Cyclist,3,Travel Lane,7,Not a Cyclist,8,Not Applicable,7,Not a Cyclist,8,Not Applicable,8,Not Applicable,8,Not Applicable,8,Not Applicable,400,Walking/Running Along Roadway,0,Not a Cyclist
43,Puerto Rico,430146,0,1,5,Pedestrian,76,76 Years,1,Male,0,None Noted,0,None Noted,0,None Noted,770,Motorist Failed to Yield,0,Not a Cyclist,3,Not At Intersection,7,Not a Cyclist,3,Travel Lane,7,Not a Cyclist,8,Not Applicable,7,Not a Cyclist,8,Not Applicable,8,Not Applicable,8,Not Applicable,8,Not Applicable,750,Crossing Roadway - Vehicle Not Turning,0,Not a Cyclist
43,Puerto Rico,430148,0,1,5,Pedestrian,57,57 Years,1,Male,0,None Noted,0,None Noted,0,None Noted,770,Motorist Failed to Yield,0,Not a Cyclist,3,Not At Intersection,7,Not a Cyclist,3,Travel Lane,7,Not a Cyclist,8,Not Applicable,7,Not a Cyclist,8,Not Applicable,8,Not Applicable,8,Not Applicable,8,Not Applicable,750,Crossing Roadway - Vehicle Not Turning,0,Not a Cyclist
43,Puerto Rico,430149,0,1,5,Pedestrian,59,59 Years,1,Male,0,None Noted,0,None Noted,0,None Noted,770,Motorist Failed to Yield,0,Not a Cyclist,3,Not At Intersection,7,Not a Cyclist,3,Travel Lane,7,Not a Cyclist,8,Not Applicable,7,Not a Cyclist,8,Not Applicable,8,Not Applicable,8,Not Applicable,8,Not Applicable,750,Crossing Roadway - Vehicle Not Turning,0,Not a Cyclist
43,Puerto Rico,430151,0,1,5,Pedestrian,49,49 Years,1,Male,0,None Noted,0,None Noted,0,None Noted,760,Pedestrian Failed to Yield,0,Not a Cyclist,3,Not At Intersection,7,Not a Cyclist,3,Travel Lane,7,Not a Cyclist,8,Not Applicable,7,Not a Cyclist,8,Not Applicable,8,Not Applicable,8,Not Applicable,8,Not Applicable,750,Crossing Roadway - Vehicle Not Turning,0,Not a Cyclist
43,Puerto Rico,430152,0,1,5,Pedestrian,56,56 Years,2,Female,0,None Noted,0,None Noted,0,None Noted,760,Pedestrian Failed to Yield,0,Not a Cyclist,3,Not At Intersection,7,Not a Cyclist,3,Travel Lane,7,Not a Cyclist,8,Not Applicable,7,Not a Cyclist,8,Not Applicable,8,Not Applicable,8,Not Applicable,8,Not Applicable,750,Crossing Roadway - Vehicle Not Turning,0,Not a Cyclist
43,Puerto Rico,430154,0,1,5,Pedestrian,38,38 Years,1,Male,0,None Noted,0,None Noted,0,None Noted,760,Pedestrian Failed to Yield,0,Not a Cyclist,3,Not At Intersection,7,Not a Cyclist,3,Travel Lane,7,Not a Cyclist,8,Not Applicable,7,Not a Cyclist,8,Not Applicable,8,Not Applicable,8,Not Applicable,8,Not Applicable,750,Crossing Roadway - Vehicle Not Turning,0,Not a Cyclist
43,Puerto Rico,430156,0,1,5,Pedestrian,73,73 Years,1,Male,0,None Noted,0,None Noted,0,None Noted,760,Pedestrian Failed to Yield,0,Not a Cyclist,3,Not At Intersection,7,Not a Cyclist,3,Travel Lane,7,Not a Cyclist,8,Not Applicable,7,Not a Cyclist,8,Not Applicable,8,Not Applicable,8,Not Applicable,8,Not Applicable,750,Crossing Roadway - Vehicle Not Turning,0,Not a Cyclist
43,Puerto Rico,430158,0,1,5,Pedestrian,76,76 Years,2,Female,0,None Noted,0,None Noted,0,None Noted,760,Pedestrian Failed to Yield,0,Not a Cyclist,3,Not At Intersection,7,Not a Cyclist,3,Travel Lane,7,Not a Cyclist,8,Not Applicable,7,Not a Cyclist,8,Not Applicable,8,Not Applicable,8,Not Applicable,8,Not Applicable,750,Crossing Roadway - Vehicle Not Turning,0,Not a Cyclist
43,Puerto Rico,430159,0,1,5,Pedestrian,998,Not Reported,1,Male,0,None Noted,0,None Noted,0,None Noted,770,Motorist Failed to Yield,0,Not a Cyclist,3,Not At Intersection,7,Not a Cyclist,3,Travel Lane,7,Not a Cyclist,8,Not Applicable,7,Not a Cyclist,8,Not Applicable,8,Not Applicable,8,Not Applicable,8,Not Applicable,750,Crossing Roadway - Vehicle Not Turning,0,Not a Cyclist
43,Puerto Rico,430161,0,1,5,Pedestrian,24,24 Years,1,Male,0,None Noted,0,None Noted,0,None Noted,311,Working in Roadway,0,Not a Cyclist,3,Not At Intersection,7,Not a Cyclist,3,Travel Lane,7,Not a Cyclist,8,Not Applicable,7,Not a Cyclist,8,Not Applicable,8,Not Applicable,8,Not Applicable,8,Not Applicable,310,Working or Playing in Roadway,0,Not a Cyclist
43,Puerto Rico,430161,0,2,5,Pedestrian,20,20 Years,2,Female,0,None Noted,0,None Noted,0,None Noted,311,Working in Roadway,0,Not a Cyclist,3,Not At Intersection,7,Not a Cyclist,3,Travel Lane,7,Not a Cyclist,8,Not Applicable,7,Not a Cyclist,8,Not Applicable,8,Not Applicable,8,Not Applicable,8,Not Applicable,310,Working or Playing in Roadway,0,Not a Cyclist
43,Puerto Rico,430161,0,3,5,Pedestrian,4,4 Years,2,Female,0,None Noted,0,None Noted,0,None Noted,311,Working in Roadway,0,Not a Cyclist,3,Not At Intersection,7,Not a Cyclist,3,Travel Lane,7,Not a Cyclist,8,Not Applicable,7,Not a Cyclist,8,Not Applicable,8,Not Applicable,8,Not Applicable,8,Not Applicable,310,Working or Playing in Roadway,0,Not a Cyclist
43,Puerto Rico,430161,0,4,5,Pedestrian,3,3 Years,2,Female,0,None Noted,0,None Noted,0,None Noted,311,Working in Roadway,0,Not a Cyclist,3,Not At Intersection,7,Not a Cyclist,3,Travel Lane,7,Not a Cyclist,8,Not Applicable,7,Not a Cyclist,8,Not Applicable,8,Not Applicable,8,Not Applicable,8,Not Applicable,310,Working or Playing in Roadway,0,Not a Cyclist
43,Puerto Rico,430166,0,1,5,Pedestrian,70,70 Years,1,Male,0,None Noted,0,None Noted,0,None Noted,760,Pedestrian Failed to Yield,0,Not a Cyclist,3,Not At Intersection,7,Not a Cyclist,3,Travel Lane,7,Not a Cyclist,8,Not Applicable,7,Not a Cyclist,8,Not Applicable,8,Not Applicable,8,Not Applicable,8,Not Applicable,750,Crossing Roadway - Vehicle Not Turning,0,Not a Cyclist
43,Puerto Rico,430167,0,1,5,Pedestrian,74,74 Years,1,Male,0,None Noted,0,None Noted,0,None Noted,770,Motorist Failed to Yield,0,Not a Cyclist,3,Not At Intersection,7,Not a Cyclist,3,Travel Lane,7,Not a Cyclist,8,Not Applicable,7,Not a Cyclist,8,Not Applicable,8,Not Applicable,8,Not Applicable,8,Not Applicable,750,Crossing Roadway - Vehicle Not Turning,0,Not a Cyclist
43,Puerto Rico,430170,0,1,5,Pedestrian,43,43 Years,1,Male,0,None Noted,0,None Noted,0,None Noted,770,Motorist Failed to Yield,0,Not a Cyclist,3,Not At Intersection,7,Not a Cyclist,3,Travel Lane,7,Not a Cyclist,8,Not Applicable,7,Not a Cyclist,8,Not Applicable,8,Not Applicable,8,Not Applicable,8,Not Applicable,750,Crossing Roadway - Vehicle Not Turning,0,Not a Cyclist
43,Puerto Rico,430171,0,1,6,Bicyclist,43,43 Years,2,Female,0,None Noted,0,None Noted,0,None Noted,0,Not a Pedestrian,280,Parallel Paths - Other / Unknown,7,Not a Pedestrian,3,Not At Intersection,77,Not a Pedestrian,1,Travel Lane,7,Not a Pedestrian,1,With Traffic,7,Not a Pedestrian,7,Not a Pedestrian,7,Not a Pedestrian,7,Not a Pedestrian,0,Not a Pedestrian,290,Parallel Paths - Other Circumstances
43,Puerto Rico,430171,0,2,6,Bicyclist,47,47 Years,1,Male,0,None Noted,0,None Noted,0,None Noted,0,Not a Pedestrian,280,Parallel Paths - Other / Unknown,7,Not a Pedestrian,3,Not At Intersection,77,Not a Pedestrian,1,Travel Lane,7,Not a Pedestrian,1,With Traffic,7,Not a Pedestrian,7,Not a Pedestrian,7,Not a Pedestrian,7,Not a Pedestrian,0,Not a Pedestrian,290,Parallel Paths - Other Circumstances
43,Puerto Rico,430174,0,1,5,Pedestrian,84,84 Years,1,Male,0,None Noted,0,None Noted,0,None Noted,760,Pedestrian Failed to Yield,0,Not a Cyclist,3,Not At Intersection,7,Not a Cyclist,3,Travel Lane,7,Not a Cyclist,8,Not Applicable,7,Not a Cyclist,8,Not Applicable,8,Not Applicable,8,Not Applicable,8,Not Applicable,750,Crossing Roadway - Vehicle Not Turning,0,Not a Cyclist
43,Puerto Rico,430175,0,1,5,Pedestrian,68,68 Years,1,Male,0,None Noted,0,None Noted,0,None Noted,770,Motorist Failed to Yield,0,Not a Cyclist,3,Not At Intersection,7,Not a Cyclist,3,Travel Lane,7,Not a Cyclist,8,Not Applicable,7,Not a Cyclist,8,Not Applicable,8,Not Applicable,8,Not Applicable,8,Not Applicable,750,Crossing Roadway - Vehicle Not Turning,0,Not a Cyclist
43,Puerto Rico,430180,0,1,5,Pedestrian,77,77 Years,1,Male,0,None Noted,0,None Noted,0,None Noted,760,Pedestrian Failed to Yield,0,Not a Cyclist,3,Not At Intersection,7,Not a Cyclist,3,Travel Lane,7,Not a Cyclist,8,Not Applicable,7,Not a Cyclist,8,Not Applicable,8,Not Applicable,8,Not Applicable,8,Not Applicable,750,Crossing Roadway - Vehicle Not Turning,0,Not a Cyclist
43,Puerto Rico,430183,0,1,6,Bicyclist,49,49 Years,1,Male,0,None Noted,0,None Noted,0,None Noted,0,Not a Pedestrian,280,Parallel Paths - Other / Unknown,7,Not a Pedestrian,3,Not At Intersection,77,Not a Pedestrian,1,Travel Lane,7,Not a Pedestrian,1,With Traffic,7,Not a Pedestrian,7,Not a Pedestrian,7,Not a Pedestrian,7,Not a Pedestrian,0,Not a Pedestrian,290,Parallel Paths - Other Circumstances
43,Puerto Rico,430184,0,1,5,Pedestrian,20,20 Years,1,Male,0,None Noted,0,None Noted,0,None Noted,760,Pedestrian Failed to Yield,0,Not a Cyclist,3,Not At Intersection,7,Not a Cyclist,3,Travel Lane,7,Not a Cyclist,8,Not Applicable,7,Not a Cyclist,8,Not Applicable,8,Not Applicable,8,Not Applicable,8,Not Applicable,750,Crossing Roadway - Vehicle Not Turning,0,Not a Cyclist
43,Puerto Rico,430185,0,1,5,Pedestrian,94,94 Years,2,Female,0,None Noted,0,None Noted,0,None Noted,590,Waiting to Cross - Vehicle Action Unknown,0,Not a Cyclist,3,Not At Intersection,7,Not a Cyclist,6,Unpaved Right-of-Way,7,Not a Cyclist,8,Not Applicable,7,Not a Cyclist,8,Not Applicable,8,Not Applicable,8,Not Applicable,8,Not Applicable,500,Waiting to Cross,0,Not a Cyclist
43,Puerto Rico,430187,0,1,5,Pedestrian,998,Not Reported,1,Male,0,None Noted,0,None Noted,0,None Noted,770,Motorist Failed to Yield,0,Not a Cyclist,3,Not At Intersection,7,Not a Cyclist,3,Travel Lane,7,Not a Cyclist,8,Not Applicable,7,Not a Cyclist,8,Not Applicable,8,Not Applicable,8,Not Applicable,8,Not Applicable,750,Crossing Roadway - Vehicle Not Turning,0,Not a Cyclist
43,Puerto Rico,430188,0,1,5,Pedestrian,84,84 Years,1,Male,0,None Noted,0,None Noted,0,None Noted,760,Pedestrian Failed to Yield,0,Not a Cyclist,3,Not At Intersection,7,Not a Cyclist,3,Travel Lane,7,Not a Cyclist,8,Not Applicable,7,Not a Cyclist,8,Not Applicable,8,Not Applicable,8,Not Applicable,8,Not Applicable,750,Crossing Roadway - Vehicle Not Turning,0,Not a Cyclist
43,Puerto Rico,430190,0,1,5,Pedestrian,44,44 Years,1,Male,0,None Noted,0,None Noted,0,None Noted,760,Pedestrian Failed to Yield,0,Not a Cyclist,3,Not At Intersection,7,Not a Cyclist,3,Travel Lane,7,Not a Cyclist,8,Not Applicable,7,Not a Cyclist,8,Not Applicable,8,Not Applicable,8,Not Applicable,8,Not Applicable,750,Crossing Roadway - Vehicle Not Turning,0,Not a Cyclist
43,Puerto Rico,430191,0,1,5,Pedestrian,58,58 Years,2,Female,0,None Noted,0,None Noted,0,None Noted,770,Motorist Failed to Yield,0,Not a Cyclist,3,Not At Intersection,7,Not a Cyclist,3,Travel Lane,7,Not a Cyclist,8,Not Applicable,7,Not a Cyclist,8,Not Applicable,8,Not Applicable,8,Not Applicable,8,Not Applicable,750,Crossing Roadway - Vehicle Not Turning,0,Not a Cyclist
43,Puerto Rico,430192,0,1,5,Pedestrian,32,32 Years,1,Male,0,None Noted,0,None Noted,0,None Noted,770,Motorist Failed to Yield,0,Not a Cyclist,3,Not At Intersection,7,Not a Cyclist,3,Travel Lane,7,Not a Cyclist,8,Not Applicable,7,Not a Cyclist,8,Not Applicable,8,Not Applicable,8,Not Applicable,8,Not Applicable,750,Crossing Roadway - Vehicle Not Turning,0,Not a Cyclist
43,Puerto Rico,430196,0,1,5,Pedestrian,21,21 Years,1,Male,0,None Noted,0,None Noted,0,None Noted,520,Waiting to Cross - Vehicle Not Turning,0,Not a Cyclist,3,Not At Intersection,7,Not a Cyclist,6,Unpaved Right-of-Way,7,Not a Cyclist,8,Not Applicable,7,Not a Cyclist,8,Not Applicable,8,Not Applicable,8,Not Applicable,8,Not Applicable,500,Waiting to Cross,0,Not a Cyclist
43,Puerto Rico,430196,0,2,5,Pedestrian,60,60 Years,1,Male,0,None Noted,0,None Noted,0,None Noted,520,Waiting to Cross - Vehicle Not Turning,0,Not a Cyclist,3,Not At Intersection,7,Not a Cyclist,6,Unpaved Right-of-Way,7,Not a Cyclist,8,Not Applicable,7,Not a Cyclist,8,Not Applicable,8,Not Applicable,8,Not Applicable,8,Not Applicable,500,Waiting to Cross,0,Not a Cyclist
43,Puerto Rico,430198,0,1,5,Pedestrian,60,60 Years,1,Male,0,None Noted,0,None Noted,0,None Noted,760,Pedestrian Failed to Yield,0,Not a Cyclist,3,Not At Intersection,7,Not a Cyclist,3,Travel Lane,7,Not a Cyclist,8,Not Applicable,7,Not a Cyclist,8,Not Applicable,8,Not Applicable,8,Not Applicable,8,Not Applicable,750,Crossing Roadway - Vehicle Not Turning,0,Not a Cyclist
43,Puerto Rico,430202,0,1,5,Pedestrian,44,44 Years,1,Male,0,None Noted,0,None Noted,0,None Noted,770,Motorist Failed to Yield,0,Not a Cyclist,3,Not At Intersection,7,Not a Cyclist,3,Travel Lane,7,Not a Cyclist,8,Not Applicable,7,Not a Cyclist,8,Not Applicable,8,Not Applicable,8,Not Applicable,8,Not Applicable,750,Crossing Roadway - Vehicle Not Turning,0,Not a Cyclist
43,Puerto Rico,430203,0,1,5,Pedestrian,70,70 Years,1,Male,0,None Noted,0,None Noted,0,None Noted,770,Motorist Failed to Yield,0,Not a Cyclist,3,Not At Intersection,7,Not a Cyclist,3,Travel Lane,7,Not a Cyclist,8,Not Applicable,7,Not a Cyclist,8,Not Applicable,8,Not Applicable,8,Not Applicable,8,Not Applicable,750,Crossing Roadway - Vehicle Not Turning,0,Not a Cyclist
43,Puerto Rico,430207,0,1,6,Bicyclist,54,54 Years,1,Male,0,None Noted,0,None Noted,0,None Noted,0,Not a Pedestrian,280,Parallel Paths - Other / Unknown,7,Not a Pedestrian,3,Not At Intersection,77,Not a Pedestrian,1,Travel Lane,7,Not a Pedestrian,1,With Traffic,7,Not a Pedestrian,7,Not a Pedestrian,7,Not a Pedestrian,7,Not a Pedestrian,0,Not a Pedestrian,290,Parallel Paths - Other Circumstances
43,Puerto Rico,430208,0,1,5,Pedestrian,30,30 Years,1,Male,0,None Noted,0,None Noted,0,None Noted,320,Entering / Exiting Parked or Stopped Vehicle,0,Not a Cyclist,3,Not At Intersection,7,Not a Cyclist,4,Paved Shoulder / Bicycle Lane / Parking Lane,7,Not a Cyclist,8,Not Applicable,7,Not a Cyclist,8,Not Applicable,8,Not Applicable,8,Not Applicable,8,Not Applicable,350,Unique Midblock,0,Not a Cyclist
43,Puerto Rico,430210,0,1,5,Pedestrian,83,83 Years,2,Female,0,None Noted,0,None Noted,0,None Noted,760,Pedestrian Failed to Yield,0,Not a Cyclist,3,Not At Intersection,7,Not a Cyclist,3,Travel Lane,7,Not a Cyclist,8,Not Applicable,7,Not a Cyclist,8,Not Applicable,8,Not Applicable,8,Not Applicable,8,Not Applicable,750,Crossing Roadway - Vehicle Not Turning,0,Not a Cyclist
43,Puerto Rico,430215,0,1,5,Pedestrian,25,25 Years,1,Male,0,None Noted,0,None Noted,0,None Noted,770,Motorist Failed to Yield,0,Not a Cyclist,3,Not At Intersection,7,Not a Cyclist,3,Travel Lane,7,Not a Cyclist,8,Not Applicable,7,Not a Cyclist,8,Not Applicable,8,Not Applicable,8,Not Applicable,8,Not Applicable,750,Crossing Roadway - Vehicle Not Turning,0,Not a Cyclist
43,Puerto Rico,430215,0,2,5,Pedestrian,22,22 Years,1,Male,0,None Noted,0,None Noted,0,None Noted,770,Motorist Failed to Yield,0,Not a Cyclist,3,Not At Intersection,7,Not a Cyclist,3,Travel Lane,7,Not a Cyclist,8,Not Applicable,7,Not a Cyclist,8,Not Applicable,8,Not Applicable,8,Not Applicable,8,Not Applicable,750,Crossing Roadway - Vehicle Not Turning,0,Not a Cyclist
43,Puerto Rico,430219,0,1,6,Bicyclist,54,54 Years,1,Male,0,None Noted,0,None Noted,0,None Noted,0,Not a Pedestrian,970,Unknown Approach Paths,7,Not a Pedestrian,3,Not At Intersection,77,Not a Pedestrian,1,Travel Lane,7,Not a Pedestrian,1,With Traffic,7,Not a Pedestrian,7,Not a Pedestrian,7,Not a Pedestrian,7,Not a Pedestrian,0,Not a Pedestrian,990,Other / Unknown - Insufficient Details
43,Puerto Rico,430220,0,1,5,Pedestrian,72,72 Years,1,Male,0,None Noted,0,None Noted,0,None Noted,770,Motorist Failed to Yield,0,Not a Cyclist,3,Not At Intersection,7,Not a Cyclist,3,Travel Lane,7,Not a Cyclist,8,Not Applicable,7,Not a Cyclist,8,Not Applicable,8,Not Applicable,8,Not Applicable,8,Not Applicable,750,Crossing Roadway - Vehicle Not Turning,0,Not a Cyclist
43,Puerto Rico,430223,0,1,5,Pedestrian,50,50 Years,1,Male,0,None Noted,0,None Noted,0,None Noted,770,Motorist Failed to Yield,0,Not a Cyclist,3,Not At Intersection,7,Not a Cyclist,3,Travel Lane,7,Not a Cyclist,8,Not Applicable,7,Not a Cyclist,8,Not Applicable,8,Not Applicable,8,Not Applicable,8,Not Applicable,750,Crossing Roadway - Vehicle Not Turning,0,Not a Cyclist
43,Puerto Rico,430224,0,1,5,Pedestrian,56,56 Years,2,Female,0,None Noted,0,None Noted,0,None Noted,770,Motorist Failed to Yield,0,Not a Cyclist,3,Not At Intersection,7,Not a Cyclist,3,Travel Lane,7,Not a Cyclist,8,Not Applicable,7,Not a Cyclist,8,Not Applicable,8,Not Applicable,8,Not Applicable,8,Not Applicable,750,Crossing Roadway - Vehicle Not Turning,0,Not a Cyclist
43,Puerto Rico,430227,0,1,5,Pedestrian,42,42 Years,1,Male,0,None Noted,0,None Noted,0,None Noted,760,Pedestrian Failed to Yield,0,Not a Cyclist,3,Not At Intersection,7,Not a Cyclist,3,Travel Lane,7,Not a Cyclist,8,Not Applicable,7,Not a Cyclist,8,Not Applicable,8,Not Applicable,8,Not Applicable,8,Not Applicable,750,Crossing Roadway - Vehicle Not Turning,0,Not a Cyclist
43,Puerto Rico,430229,0,1,5,Pedestrian,14,14 Years,1,Male,0,None Noted,0,None Noted,0,None Noted,760,Pedestrian Failed to Yield,0,Not a Cyclist,3,Not At Intersection,7,Not a Cyclist,3,Travel Lane,7,Not a Cyclist,8,Not Applicable,7,Not a Cyclist,8,Not Applicable,8,Not Applicable,8,Not Applicable,8,Not Applicable,750,Crossing Roadway - Vehicle Not Turning,0,Not a Cyclist
43,Puerto Rico,430232,0,1,5,Pedestrian,27,27 Years,1,Male,0,None Noted,0,None Noted,0,None Noted,760,Pedestrian Failed to Yield,0,Not a Cyclist,3,Not At Intersection,7,Not a Cyclist,3,Travel Lane,7,Not a Cyclist,8,Not Applicable,7,Not a Cyclist,8,Not Applicable,8,Not Applicable,8,Not Applicable,8,Not Applicable,750,Crossing Roadway - Vehicle Not Turning,0,Not a Cyclist
43,Puerto Rico,430235,0,1,5,Pedestrian,63,63 Years,1,Male,0,None Noted,0,None Noted,0,None Noted,760,Pedestrian Failed to Yield,0,Not a Cyclist,1,At Intersection,7,Not a Cyclist,1,Intersection Area,7,Not a Cyclist,4,Westbound,7,Not a Cyclist,1,Northbound,3,Straight through,1,Nearside,2b,"Motorist traveling straight through - Crash Occurred on Near (Approach) Side of Intersection / Pedestrian outside crosswalk area, traveled from motorists right",750,Crossing Roadway - Vehicle Not Turning,0,Not a Cyclist
43,Puerto Rico,430236,0,1,5,Pedestrian,13,13 Years,2,Female,0,None Noted,0,None Noted,0,None Noted,770,Motorist Failed to Yield,0,Not a Cyclist,3,Not At Intersection,7,Not a Cyclist,3,Travel Lane,7,Not a Cyclist,8,Not Applicable,7,Not a Cyclist,8,Not Applicable,8,Not Applicable,8,Not Applicable,8,Not Applicable,750,Crossing Roadway - Vehicle Not Turning,0,Not a Cyclist
43,Puerto Rico,430236,0,2,5,Pedestrian,42,42 Years,2,Female,0,None Noted,0,None Noted,0,None Noted,770,Motorist Failed to Yield,0,Not a Cyclist,3,Not At Intersection,7,Not a Cyclist,3,Travel Lane,7,Not a Cyclist,8,Not Applicable,7,Not a Cyclist,8,Not Applicable,8,Not Applicable,8,Not Applicable,8,Not Applicable,750,Crossing Roadway - Vehicle Not Turning,0,Not a Cyclist
43,Puerto Rico,430236,0,3,5,Pedestrian,62,62 Years,2,Female,0,None Noted,0,None Noted,0,None Noted,770,Motorist Failed to Yield,0,Not a Cyclist,3,Not At Intersection,7,Not a Cyclist,3,Travel Lane,7,Not a Cyclist,8,Not Applicable,7,Not a Cyclist,8,Not Applicable,8,Not Applicable,8,Not Applicable,8,Not Applicable,750,Crossing Roadway - Vehicle Not Turning,0,Not a Cyclist
43,Puerto Rico,430238,0,1,5,Pedestrian,92,92 Years,1,Male,1,Yes,0,None Noted,0,None Noted,770,Motorist Failed to Yield,0,Not a Cyclist,3,Not At Intersection,7,Not a Cyclist,2,Crosswalk Area,7,Not a Cyclist,8,Not Applicable,7,Not a Cyclist,8,Not Applicable,8,Not Applicable,8,Not Applicable,8,Not Applicable,750,Crossing Roadway - Vehicle Not Turning,0,Not a Cyclist
43,Puerto Rico,430239,0,1,5,Pedestrian,70,70 Years,1,Male,0,None Noted,0,None Noted,0,None Noted,770,Motorist Failed to Yield,0,Not a Cyclist,3,Not At Intersection,7,Not a Cyclist,3,Travel Lane,7,Not a Cyclist,8,Not Applicable,7,Not a Cyclist,8,Not Applicable,8,Not Applicable,8,Not Applicable,8,Not Applicable,750,Crossing Roadway - Vehicle Not Turning,0,Not a Cyclist
43,Puerto Rico,430240,0,1,6,Bicyclist,13,13 Years,1,Male,0,None Noted,0,None Noted,0,None Noted,0,Not a Pedestrian,250,Wrong-Way / Wrong-Side - Bicyclist,7,Not a Pedestrian,1,At Intersection,77,Not a Pedestrian,1,Travel Lane,7,Not a Pedestrian,1,With Traffic,7,Not a Pedestrian,7,Not a Pedestrian,7,Not a Pedestrian,7,Not a Pedestrian,0,Not a Pedestrian,258,Wrong-Way / Wrong-Side
43,Puerto Rico,430241,0,1,5,Pedestrian,87,87 Years,1,Male,0,None Noted,0,None Noted,0,None Noted,760,Pedestrian Failed to Yield,0,Not a Cyclist,3,Not At Intersection,7,Not a Cyclist,3,Travel Lane,7,Not a Cyclist,8,Not Applicable,7,Not a Cyclist,8,Not Applicable,8,Not Applicable,8,Not Applicable,8,Not Applicable,750,Crossing Roadway - Vehicle Not Turning,0,Not a Cyclist
43,Puerto Rico,430241,0,2,5,Pedestrian,73,73 Years,2,Female,0,None Noted,0,None Noted,0,None Noted,760,Pedestrian Failed to Yield,0,Not a Cyclist,3,Not At Intersection,7,Not a Cyclist,3,Travel Lane,7,Not a Cyclist,8,Not Applicable,7,Not a Cyclist,8,Not Applicable,8,Not Applicable,8,Not Applicable,8,Not Applicable,750,Crossing Roadway - Vehicle Not Turning,0,Not a Cyclist
43,Puerto Rico,430243,0,1,5,Pedestrian,68,68 Years,2,Female,0,None Noted,0,None Noted,0,None Noted,770,Motorist Failed to Yield,0,Not a Cyclist,3,Not At Intersection,7,Not a Cyclist,3,Travel Lane,7,Not a Cyclist,8,Not Applicable,7,Not a Cyclist,8,Not Applicable,8,Not Applicable,8,Not Applicable,8,Not Applicable,750,Crossing Roadway - Vehicle Not Turning,0,Not a Cyclist
43,Puerto Rico,430243,0,2,5,Pedestrian,55,55 Years,2,Female,0,None Noted,0,None Noted,0,None Noted,770,Motorist Failed to Yield,0,Not a Cyclist,3,Not At Intersection,7,Not a Cyclist,3,Travel Lane,7,Not a Cyclist,8,Not Applicable,7,Not a Cyclist,8,Not Applicable,8,Not Applicable,8,Not Applicable,8,Not Applicable,750,Crossing Roadway - Vehicle Not Turning,0,Not a Cyclist
43,Puerto Rico,430243,0,3,5,Pedestrian,43,43 Years,2,Female,0,None Noted,0,None Noted,0,None Noted,770,Motorist Failed to Yield,0,Not a Cyclist,3,Not At Intersection,7,Not a Cyclist,3,Travel Lane,7,Not a Cyclist,8,Not Applicable,7,Not a Cyclist,8,Not Applicable,8,Not Applicable,8,Not Applicable,8,Not Applicable,750,Crossing Roadway - Vehicle Not Turning,0,Not a Cyclist
43,Puerto Rico,430244,0,1,5,Pedestrian,93,93 Years,2,Female,0,None Noted,0,None Noted,0,None Noted,140,Vehicle-Vehicle / Object,0,Not a Cyclist,3,Not At Intersection,7,Not a Cyclist,3,Travel Lane,7,Not a Cyclist,8,Not Applicable,7,Not a Cyclist,8,Not Applicable,8,Not Applicable,8,Not Applicable,8,Not Applicable,100,Unusual Circumstances,0,Not a Cyclist
43,Puerto Rico,430244,0,2,5,Pedestrian,54,54 Years,2,Female,0,None Noted,0,None Noted,0,None Noted,140,Vehicle-Vehicle / Object,0,Not a Cyclist,3,Not At Intersection,7,Not a Cyclist,3,Travel Lane,7,Not a Cyclist,8,Not Applicable,7,Not a Cyclist,8,Not Applicable,8,Not Applicable,8,Not Applicable,8,Not Applicable,100,Unusual Circumstances,0,Not a Cyclist
43,Puerto Rico,430246,0,1,5,Pedestrian,38,38 Years,1,Male,0,None Noted,0,None Noted,0,None Noted,313,Lying in Roadway,0,Not a Cyclist,3,Not At Intersection,7,Not a Cyclist,3,Travel Lane,7,Not a Cyclist,8,Not Applicable,7,Not a Cyclist,8,Not Applicable,8,Not Applicable,8,Not Applicable,8,Not Applicable,600,Pedestrian in Roadway - Circumstances Unknown,0,Not a Cyclist
43,Puerto Rico,430250,0,1,5,Pedestrian,63,63 Years,1,Male,0,None Noted,0,None Noted,0,None Noted,760,Pedestrian Failed to Yield,0,Not a Cyclist,3,Not At Intersection,7,Not a Cyclist,3,Travel Lane,7,Not a Cyclist,8,Not Applicable,7,Not a Cyclist,8,Not Applicable,8,Not Applicable,8,Not Applicable,8,Not Applicable,750,Crossing Roadway - Vehicle Not Turning,0,Not a Cyclist
43,Puerto Rico,430251,0,1,5,Pedestrian,28,28 Years,1,Male,0,None Noted,0,None Noted,0,None Noted,313,Lying in Roadway,0,Not a Cyclist,3,Not At Intersection,7,Not a Cyclist,3,Travel Lane,7,Not a Cyclist,8,Not Applicable,7,Not a Cyclist,8,Not Applicable,8,Not Applicable,8,Not Applicable,8,Not Applicable,600,Pedestrian in Roadway - Circumstances Unknown,0,Not a Cyclist
43,Puerto Rico,430257,0,1,5,Pedestrian,63,63 Years,1,Male,0,None Noted,0,None Noted,0,None Noted,770,Motorist Failed to Yield,0,Not a Cyclist,3,Not At Intersection,7,Not a Cyclist,3,Travel Lane,7,Not a Cyclist,8,Not Applicable,7,Not a Cyclist,8,Not Applicable,8,Not Applicable,8,Not Applicable,8,Not Applicable,750,Crossing Roadway - Vehicle Not Turning,0,Not a Cyclist
43,Puerto Rico,430262,0,1,5,Pedestrian,27,27 Years,1,Male,0,None Noted,0,None Noted,0,None Noted,313,Lying in Roadway,0,Not a Cyclist,3,Not At Intersection,7,Not a Cyclist,3,Travel Lane,7,Not a Cyclist,8,Not Applicable,7,Not a Cyclist,8,Not Applicable,8,Not Applicable,8,Not Applicable,8,Not Applicable,600,Pedestrian in Roadway - Circumstances Unknown,0,Not a Cyclist
43,Puerto Rico,430262,0,2,5,Pedestrian,26,26 Years,1,Male,0,None Noted,0,None Noted,0,None Noted,313,Lying in Roadway,0,Not a Cyclist,3,Not At Intersection,7,Not a Cyclist,3,Travel Lane,7,Not a Cyclist,8,Not Applicable,7,Not a Cyclist,8,Not Applicable,8,Not Applicable,8,Not Applicable,8,Not Applicable,600,Pedestrian in Roadway - Circumstances Unknown,0,Not a Cyclist
43,Puerto Rico,430263,0,1,6,Bicyclist,15,15 Years,1,Male,0,None Noted,0,None Noted,0,None Noted,0,Not a Pedestrian,970,Unknown Approach Paths,7,Not a Pedestrian,3,Not At Intersection,77,Not a Pedestrian,1,Travel Lane,7,Not a Pedestrian,1,With Traffic,7,Not a Pedestrian,7,Not a Pedestrian,7,Not a Pedestrian,7,Not a Pedestrian,0,Not a Pedestrian,990,Other / Unknown - Insufficient Details
43,Puerto Rico,430264,0,1,5,Pedestrian,79,79 Years,1,Male,0,None Noted,0,None Noted,0,None Noted,770,Motorist Failed to Yield,0,Not a Cyclist,3,Not At Intersection,7,Not a Cyclist,3,Travel Lane,7,Not a Cyclist,8,Not Applicable,7,Not a Cyclist,8,Not Applicable,8,Not Applicable,8,Not Applicable,8,Not Applicable,750,Crossing Roadway - Vehicle Not Turning,0,Not a Cyclist
43,Puerto Rico,430265,0,1,5,Pedestrian,80,80 Years,1,Male,0,None Noted,0,None Noted,0,None Noted,760,Pedestrian Failed to Yield,0,Not a Cyclist,3,Not At Intersection,7,Not a Cyclist,3,Travel Lane,7,Not a Cyclist,8,Not Applicable,7,Not a Cyclist,8,Not Applicable,8,Not Applicable,8,Not Applicable,8,Not Applicable,750,Crossing Roadway - Vehicle Not Turning,0,Not a Cyclist
43,Puerto Rico,430270,0,1,5,Pedestrian,26,26 Years,2,Female,0,None Noted,0,None Noted,0,None Noted,760,Pedestrian Failed to Yield,0,Not a Cyclist,3,Not At Intersection,7,Not a Cyclist,3,Travel Lane,7,Not a Cyclist,8,Not Applicable,7,Not a Cyclist,8,Not Applicable,8,Not Applicable,8,Not Applicable,8,Not Applicable,750,Crossing Roadway - Vehicle Not Turning,0,Not a Cyclist
43,Puerto Rico,430273,0,1,5,Pedestrian,73,73 Years,2,Female,0,None Noted,0,None Noted,0,None Noted,770,Motorist Failed to Yield,0,Not a Cyclist,3,Not At Intersection,7,Not a Cyclist,3,Travel Lane,7,Not a Cyclist,8,Not Applicable,7,Not a Cyclist,8,Not Applicable,8,Not Applicable,8,Not Applicable,8,Not Applicable,750,Crossing Roadway - Vehicle Not Turning,0,Not a Cyclist
43,Puerto Rico,430277,0,1,5,Pedestrian,39,39 Years,2,Female,0,None Noted,0,None Noted,0,None Noted,770,Motorist Failed to Yield,0,Not a Cyclist,1,At Intersection,7,Not a Cyclist,1,Intersection Area,7,Not a Cyclist,9,Unknown Initial Direction of Travel,7,Not a Cyclist,2,Eastbound,3,Straight through,2,Farside,4c,"Motorist traveling straight through - Crash Occurred on Far Side of Intersection / Pedestrian outside crosswalk area, approach direction unknown",750,Crossing Roadway - Vehicle Not Turning,0,Not a Cyclist
43,Puerto Rico,430278,0,1,8,Persons on Personal Conveyances,16,16 Years,1,Male,0,None Noted,0,None Noted,0,None Noted,420,Walking/Running Along Roadway With Traffic - From Front,0,Not a Cyclist,3,Not At Intersection,7,Not a Cyclist,3,Travel Lane,7,Not a Cyclist,8,Not Applicable,7,Not a Cyclist,8,Not Applicable,8,Not Applicable,8,Not Applicable,8,Not Applicable,400,Walking/Running Along Roadway,0,Not a Cyclist
43,Puerto Rico,430279,0,1,6,Bicyclist,30,30 Years,1,Male,0,None Noted,0,None Noted,0,None Noted,0,Not a Pedestrian,970,Unknown Approach Paths,7,Not a Pedestrian,3,Not At Intersection,77,Not a Pedestrian,1,Travel Lane,7,Not a Pedestrian,1,With Traffic,7,Not a Pedestrian,7,Not a Pedestrian,7,Not a Pedestrian,7,Not a Pedestrian,0,Not a Pedestrian,990,Other / Unknown - Insufficient Details
43,Puerto Rico,430279,0,2,6,Bicyclist,34,34 Years,1,Male,0,None Noted,0,None Noted,0,None Noted,0,Not a Pedestrian,970,Unknown Approach Paths,7,Not a Pedestrian,3,Not At Intersection,77,Not a Pedestrian,1,Travel Lane,7,Not a Pedestrian,1,With Traffic,7,Not a Pedestrian,7,Not a Pedestrian,7,Not a Pedestrian,7,Not a Pedestrian,0,Not a Pedestrian,990,Other / Unknown - Insufficient Details
43,Puerto Rico,430279,0,3,6,Bicyclist,30,30 Years,1,Male,0,None Noted,0,None Noted,0,None Noted,0,Not a Pedestrian,970,Unknown Approach Paths,7,Not a Pedestrian,3,Not At Intersection,77,Not a Pedestrian,1,Travel Lane,7,Not a Pedestrian,1,With Traffic,7,Not a Pedestrian,7,Not a Pedestrian,7,Not a Pedestrian,7,Not a Pedestrian,0,Not a Pedestrian,990,Other / Unknown - Insufficient Details
43,Puerto Rico,430279,0,4,6,Bicyclist,36,36 Years,1,Male,0,None Noted,0,None Noted,0,None Noted,0,Not a Pedestrian,970,Unknown Approach Paths,7,Not a Pedestrian,3,Not At Intersection,77,Not a Pedestrian,1,Travel Lane,7,Not a Pedestrian,1,With Traffic,7,Not a Pedestrian,7,Not a Pedestrian,7,Not a Pedestrian,7,Not a Pedestrian,0,Not a Pedestrian,990,Other / Unknown - Insufficient Details
43,Puerto Rico,430279,0,5,6,Bicyclist,26,26 Years,1,Male,0,None Noted,0,None Noted,0,None Noted,0,Not a Pedestrian,970,Unknown Approach Paths,7,Not a Pedestrian,3,Not At Intersection,77,Not a Pedestrian,1,Travel Lane,7,Not a Pedestrian,1,With Traffic,7,Not a Pedestrian,7,Not a Pedestrian,7,Not a Pedestrian,7,Not a Pedestrian,0,Not a Pedestrian,990,Other / Unknown - Insufficient Details
43,Puerto Rico,430279,0,6,6,Bicyclist,998,Not Reported,1,Male,0,None Noted,0,None Noted,0,None Noted,0,Not a Pedestrian,970,Unknown Approach Paths,7,Not a Pedestrian,3,Not At Intersection,77,Not a Pedestrian,1,Travel Lane,7,Not a Pedestrian,1,With Traffic,7,Not a Pedestrian,7,Not a Pedestrian,7,Not a Pedestrian,7,Not a Pedestrian,0,Not a Pedestrian,990,Other / Unknown - Insufficient Details
43,Puerto Rico,430280,0,1,5,Pedestrian,27,27 Years,1,Male,0,None Noted,0,None Noted,0,None Noted,760,Pedestrian Failed to Yield,0,Not a Cyclist,3,Not At Intersection,7,Not a Cyclist,3,Travel Lane,7,Not a Cyclist,8,Not Applicable,7,Not a Cyclist,8,Not Applicable,8,Not Applicable,8,Not Applicable,8,Not Applicable,750,Crossing Roadway - Vehicle Not Turning,0,Not a Cyclist
43,Puerto Rico,430281,0,1,5,Pedestrian,78,78 Years,1,Male,0,None Noted,0,None Noted,0,None Noted,770,Motorist Failed to Yield,0,Not a Cyclist,3,Not At Intersection,7,Not a Cyclist,3,Travel Lane,7,Not a Cyclist,8,Not Applicable,7,Not a Cyclist,8,Not Applicable,8,Not Applicable,8,Not Applicable,8,Not Applicable,750,Crossing Roadway - Vehicle Not Turning,0,Not a Cyclist
43,Puerto Rico,430282,0,1,5,Pedestrian,998,Not Reported,1,Male,0,None Noted,0,None Noted,0,None Noted,760,Pedestrian Failed to Yield,0,Not a Cyclist,3,Not At Intersection,7,Not a Cyclist,3,Travel Lane,7,Not a Cyclist,8,Not Applicable,7,Not a Cyclist,8,Not Applicable,8,Not Applicable,8,Not Applicable,8,Not Applicable,750,Crossing Roadway - Vehicle Not Turning,0,Not a Cyclist
43,Puerto Rico,430284,0,1,5,Pedestrian,53,53 Years,1,Male,0,None Noted,0,None Noted,0,None Noted,760,Pedestrian Failed to Yield,0,Not a Cyclist,3,Not At Intersection,7,Not a Cyclist,3,Travel Lane,7,Not a Cyclist,8,Not Applicable,7,Not a Cyclist,8,Not Applicable,8,Not Applicable,8,Not Applicable,8,Not Applicable,750,Crossing Roadway - Vehicle Not Turning,0,Not a Cyclist
43,Puerto Rico,430288,0,1,5,Pedestrian,62,62 Years,1,Male,0,None Noted,0,None Noted,0,None Noted,760,Pedestrian Failed to Yield,0,Not a Cyclist,3,Not At Intersection,7,Not a Cyclist,3,Travel Lane,7,Not a Cyclist,8,Not Applicable,7,Not a Cyclist,8,Not Applicable,8,Not Applicable,8,Not Applicable,8,Not Applicable,750,Crossing Roadway - Vehicle Not Turning,0,Not a Cyclist
43,Puerto Rico,430292,0,1,8,Persons on Personal Conveyances,48,48 Years,1,Male,0,None Noted,0,None Noted,0,None Noted,420,Walking/Running Along Roadway With Traffic - From Front,0,Not a Cyclist,3,Not At Intersection,7,Not a Cyclist,3,Travel Lane,7,Not a Cyclist,8,Not Applicable,7,Not a Cyclist,8,Not Applicable,8,Not Applicable,8,Not Applicable,8,Not Applicable,400,Walking/Running Along Roadway,0,Not a Cyclist
43,Puerto Rico,430295,0,1,5,Pedestrian,80,80 Years,2,Female,0,None Noted,0,None Noted,0,None Noted,760,Pedestrian Failed to Yield,0,Not a Cyclist,3,Not At Intersection,7,Not a Cyclist,3,Travel Lane,7,Not a Cyclist,8,Not Applicable,7,Not a Cyclist,8,Not Applicable,8,Not Applicable,8,Not Applicable,8,Not Applicable,750,Crossing Roadway - Vehicle Not Turning,0,Not a Cyclist
43,Puerto Rico,430296,0,1,5,Pedestrian,55,55 Years,1,Male,0,None Noted,0,None Noted,0,None Noted,770,Motorist Failed to Yield,0,Not a Cyclist,3,Not At Intersection,7,Not a Cyclist,3,Travel Lane,7,Not a Cyclist,8,Not Applicable,7,Not a Cyclist,8,Not Applicable,8,Not Applicable,8,Not Applicable,8,Not Applicable,750,Crossing Roadway - Vehicle Not Turning,0,Not a Cyclist
43,Puerto Rico,430298,0,1,5,Pedestrian,57,57 Years,1,Male,0,None Noted,0,None Noted,0,None Noted,770,Motorist Failed to Yield,0,Not a Cyclist,3,Not At Intersection,7,Not a Cyclist,3,Travel Lane,7,Not a Cyclist,8,Not Applicable,7,Not a Cyclist,8,Not Applicable,8,Not Applicable,8,Not Applicable,8,Not Applicable,750,Crossing Roadway - Vehicle Not Turning,0,Not a Cyclist
