STATE,STATENAME,ST_CASE,VEH_NO,MVIOLATN,MVIOLATNNAME
43,Puerto Rico,430001,1,4,"Inattentive, careless, improper driving"
43,Puerto Rico,430001,1,22,Speeding (above the speed limit)
43,Puerto Rico,430001,1,52,"Driving on left, wrong side of road, generally"
43,Puerto Rico,430001,2,0,None
43,Puerto Rico,430002,1,0,None
43,Puerto Rico,430003,1,7,"Hit-and-run, fail to stop after crash"
43,Puerto Rico,430004,1,4,"Inattentive, careless, improper driving"
43,Puerto Rico,430004,1,22,Speeding (above the speed limit)
43,Puerto Rico,430004,1,52,"Driving on left, wrong side of road, generally"
43,Puerto Rico,430007,1,0,None
43,Puerto Rico,430008,1,4,"Inattentive, careless, improper driving"
43,Puerto Rico,430008,1,22,Speeding (above the speed limit)
43,Puerto Rico,430009,1,4,"Inattentive, careless, improper driving"
43,Puerto Rico,430009,1,22,Speeding (above the speed limit)
43,Puerto Rico,430009,2,0,None
43,Puerto Rico,430010,1,4,"Inattentive, careless, improper driving"
43,Puerto Rico,430010,1,19,"Alcohol, drug, or impairment violations generally"
43,Puerto Rico,430010,1,52,"Driving on left, wrong side of road, generally"
43,Puerto Rico,430010,2,0,None
43,Puerto Rico,430011,1,4,"Inattentive, careless, improper driving"
43,Puerto Rico,430011,1,52,"Driving on left, wrong side of road, generally"
43,Puerto Rico,430011,1,69,"Lane violations, generally"
43,Puerto Rico,430011,2,0,None
43,Puerto Rico,430012,1,4,"Inattentive, careless, improper driving"
43,Puerto Rico,430012,1,49,"Turn, yield, signaling violations generally"
43,Puerto Rico,430012,2,0,None
43,Puerto Rico,430013,1,4,"Inattentive, careless, improper driving"
43,Puerto Rico,430013,1,46,Fail to yield generally
43,Puerto Rico,430014,1,0,None
43,Puerto Rico,430015,1,4,"Inattentive, careless, improper driving"
43,Puerto Rico,430016,1,4,"Inattentive, careless, improper driving"
43,Puerto Rico,430016,1,52,"Driving on left, wrong side of road, generally"
43,Puerto Rico,430016,2,0,None
43,Puerto Rico,430016,3,0,None
43,Puerto Rico,430017,1,4,"Inattentive, careless, improper driving"
43,Puerto Rico,430017,1,22,Speeding (above the speed limit)
43,Puerto Rico,430017,1,52,"Driving on left, wrong side of road, generally"
43,Puerto Rico,430017,2,0,None
43,Puerto Rico,430018,1,7,"Hit-and-run, fail to stop after crash"
43,Puerto Rico,430018,1,46,Fail to yield generally
43,Puerto Rico,430018,2,0,None
43,Puerto Rico,430019,1,4,"Inattentive, careless, improper driving"
43,Puerto Rico,430019,1,49,"Turn, yield, signaling violations generally"
43,Puerto Rico,430019,2,0,None
43,Puerto Rico,430020,1,4,"Inattentive, careless, improper driving"
43,Puerto Rico,430020,1,22,Speeding (above the speed limit)
43,Puerto Rico,430020,1,52,"Driving on left, wrong side of road, generally"
43,Puerto Rico,430020,2,0,None
43,Puerto Rico,430021,1,4,"Inattentive, careless, improper driving"
43,Puerto Rico,430021,1,49,"Turn, yield, signaling violations generally"
43,Puerto Rico,430021,2,0,None
43,Puerto Rico,430022,1,4,"Inattentive, careless, improper driving"
43,Puerto Rico,430022,1,49,"Turn, yield, signaling violations generally"
43,Puerto Rico,430022,2,0,None
43,Puerto Rico,430023,1,0,None
43,Puerto Rico,430024,1,0,None
43,Puerto Rico,430025,1,4,"Inattentive, careless, improper driving"
43,Puerto Rico,430025,1,69,"Lane violations, generally"
43,Puerto Rico,430025,2,0,None
43,Puerto Rico,430026,1,7,"Hit-and-run, fail to stop after crash"
43,Puerto Rico,430026,1,46,Fail to yield generally
43,Puerto Rico,430027,1,4,"Inattentive, careless, improper driving"
43,Puerto Rico,430028,1,4,"Inattentive, careless, improper driving"
43,Puerto Rico,430028,1,22,Speeding (above the speed limit)
43,Puerto Rico,430029,1,4,"Inattentive, careless, improper driving"
43,Puerto Rico,430030,1,4,"Inattentive, careless, improper driving"
43,Puerto Rico,430030,1,52,"Driving on left, wrong side of road, generally"
43,Puerto Rico,430030,2,0,None
43,Puerto Rico,430031,1,4,"Inattentive, careless, improper driving"
43,Puerto Rico,430031,1,22,Speeding (above the speed limit)
43,Puerto Rico,430031,2,0,None
43,Puerto Rico,430032,1,4,"Inattentive, careless, improper driving"
43,Puerto Rico,430032,1,49,"Turn, yield, signaling violations generally"
43,Puerto Rico,430032,2,0,None
43,Puerto Rico,430033,1,4,"Inattentive, careless, improper driving"
43,Puerto Rico,430033,1,22,Speeding (above the speed limit)
43,Puerto Rico,430034,1,4,"Inattentive, careless, improper driving"
43,Puerto Rico,430034,1,22,Speeding (above the speed limit)
43,Puerto Rico,430035,1,4,"Inattentive, careless, improper driving"
43,Puerto Rico,430035,1,52,"Driving on left, wrong side of road, generally"
43,Puerto Rico,430036,1,4,"Inattentive, careless, improper driving"
43,Puerto Rico,430036,1,46,Fail to yield generally
43,Puerto Rico,430037,1,0,None
43,Puerto Rico,430038,1,0,None
43,Puerto Rico,430039,1,4,"Inattentive, careless, improper driving"
43,Puerto Rico,430039,1,22,Speeding (above the speed limit)
43,Puerto Rico,430040,1,4,"Inattentive, careless, improper driving"
43,Puerto Rico,430040,1,22,Speeding (above the speed limit)
43,Puerto Rico,430041,1,4,"Inattentive, careless, improper driving"
43,Puerto Rico,430041,1,49,"Turn, yield, signaling violations generally"
43,Puerto Rico,430041,2,0,None
43,Puerto Rico,430042,1,4,"Inattentive, careless, improper driving"
43,Puerto Rico,430042,1,22,Speeding (above the speed limit)
43,Puerto Rico,430043,1,4,"Inattentive, careless, improper driving"
43,Puerto Rico,430043,1,22,Speeding (above the speed limit)
43,Puerto Rico,430044,1,4,"Inattentive, careless, improper driving"
43,Puerto Rico,430044,1,22,Speeding (above the speed limit)
43,Puerto Rico,430045,1,4,"Inattentive, careless, improper driving"
43,Puerto Rico,430046,1,4,"Inattentive, careless, improper driving"
43,Puerto Rico,430046,1,46,Fail to yield generally
43,Puerto Rico,430046,1,69,"Lane violations, generally"
43,Puerto Rico,430046,2,0,None
43,Puerto Rico,430047,1,4,"Inattentive, careless, improper driving"
43,Puerto Rico,430047,1,52,"Driving on left, wrong side of road, generally"
43,Puerto Rico,430047,2,0,None
43,Puerto Rico,430048,1,4,"Inattentive, careless, improper driving"
43,Puerto Rico,430048,1,52,"Driving on left, wrong side of road, generally"
43,Puerto Rico,430048,2,0,None
43,Puerto Rico,430048,3,0,None
43,Puerto Rico,430049,1,4,"Inattentive, careless, improper driving"
43,Puerto Rico,430049,1,22,Speeding (above the speed limit)
43,Puerto Rico,430049,1,52,"Driving on left, wrong side of road, generally"
43,Puerto Rico,430049,2,0,None
43,Puerto Rico,430050,1,0,None
43,Puerto Rico,430051,1,4,"Inattentive, careless, improper driving"
43,Puerto Rico,430052,1,4,"Inattentive, careless, improper driving"
43,Puerto Rico,430052,1,22,Speeding (above the speed limit)
43,Puerto Rico,430053,1,0,None
43,Puerto Rico,430054,1,4,"Inattentive, careless, improper driving"
43,Puerto Rico,430054,1,22,Speeding (above the speed limit)
43,Puerto Rico,430054,2,0,None
43,Puerto Rico,430055,1,0,None
43,Puerto Rico,430056,1,4,"Inattentive, careless, improper driving"
43,Puerto Rico,430056,1,46,Fail to yield generally
43,Puerto Rico,430057,1,4,"Inattentive, careless, improper driving"
43,Puerto Rico,430057,1,22,Speeding (above the speed limit)
43,Puerto Rico,430057,2,0,None
43,Puerto Rico,430058,1,4,"Inattentive, careless, improper driving"
43,Puerto Rico,430058,1,39,Fail to obey traffic control device
43,Puerto Rico,430058,1,46,Fail to yield generally
43,Puerto Rico,430058,2,0,None
43,Puerto Rico,430059,1,4,"Inattentive, careless, improper driving"
43,Puerto Rico,430059,2,0,None
43,Puerto Rico,430060,1,4,"Inattentive, careless, improper driving"
43,Puerto Rico,430061,1,0,None
43,Puerto Rico,430062,1,0,None
43,Puerto Rico,430063,1,4,"Inattentive, careless, improper driving"
43,Puerto Rico,430063,1,22,Speeding (above the speed limit)
43,Puerto Rico,430064,1,4,"Inattentive, careless, improper driving"
43,Puerto Rico,430064,1,22,Speeding (above the speed limit)
43,Puerto Rico,430065,1,4,"Inattentive, careless, improper driving"
43,Puerto Rico,430065,1,22,Speeding (above the speed limit)
43,Puerto Rico,430066,1,4,"Inattentive, careless, improper driving"
43,Puerto Rico,430066,1,52,"Driving on left, wrong side of road, generally"
43,Puerto Rico,430066,2,0,None
43,Puerto Rico,430067,1,4,"Inattentive, careless, improper driving"
43,Puerto Rico,430067,1,22,Speeding (above the speed limit)
43,Puerto Rico,430068,1,4,"Inattentive, careless, improper driving"
43,Puerto Rico,430068,1,22,Speeding (above the speed limit)
43,Puerto Rico,430069,1,0,None
43,Puerto Rico,430071,1,4,"Inattentive, careless, improper driving"
43,Puerto Rico,430071,1,22,Speeding (above the speed limit)
43,Puerto Rico,430072,1,4,"Inattentive, careless, improper driving"
43,Puerto Rico,430072,1,22,Speeding (above the speed limit)
43,Puerto Rico,430073,1,0,None
43,Puerto Rico,430074,1,7,"Hit-and-run, fail to stop after crash"
43,Puerto Rico,430074,1,46,Fail to yield generally
43,Puerto Rico,430075,1,4,"Inattentive, careless, improper driving"
43,Puerto Rico,430075,1,22,Speeding (above the speed limit)
43,Puerto Rico,430076,1,4,"Inattentive, careless, improper driving"
43,Puerto Rico,430077,1,4,"Inattentive, careless, improper driving"
43,Puerto Rico,430077,1,22,Speeding (above the speed limit)
43,Puerto Rico,430078,1,7,"Hit-and-run, fail to stop after crash"
43,Puerto Rico,430078,1,46,Fail to yield generally
43,Puerto Rico,430079,1,4,"Inattentive, careless, improper driving"
43,Puerto Rico,430079,1,49,"Turn, yield, signaling violations generally"
43,Puerto Rico,430079,2,0,None
43,Puerto Rico,430080,1,7,"Hit-and-run, fail to stop after crash"
43,Puerto Rico,430080,1,46,Fail to yield generally
43,Puerto Rico,430081,1,4,"Inattentive, careless, improper driving"
43,Puerto Rico,430081,1,52,"Driving on left, wrong side of road, generally"
43,Puerto Rico,430081,2,0,None
43,Puerto Rico,430082,1,4,"Inattentive, careless, improper driving"
43,Puerto Rico,430082,1,22,Speeding (above the speed limit)
43,Puerto Rico,430083,1,4,"Inattentive, careless, improper driving"
43,Puerto Rico,430083,1,22,Speeding (above the speed limit)
43,Puerto Rico,430084,1,7,"Hit-and-run, fail to stop after crash"
43,Puerto Rico,430084,1,46,Fail to yield generally
43,Puerto Rico,430085,1,4,"Inattentive, careless, improper driving"
43,Puerto Rico,430086,1,4,"Inattentive, careless, improper driving"
43,Puerto Rico,430087,1,4,"Inattentive, careless, improper driving"
43,Puerto Rico,430087,1,46,Fail to yield generally
43,Puerto Rico,430088,1,4,"Inattentive, careless, improper driving"
43,Puerto Rico,430088,1,22,Speeding (above the speed limit)
43,Puerto Rico,430089,1,4,"Inattentive, careless, improper driving"
43,Puerto Rico,430089,1,22,Speeding (above the speed limit)
43,Puerto Rico,430090,1,7,"Hit-and-run, fail to stop after crash"
43,Puerto Rico,430090,1,46,Fail to yield generally
43,Puerto Rico,430091,1,4,"Inattentive, careless, improper driving"
43,Puerto Rico,430091,1,22,Speeding (above the speed limit)
43,Puerto Rico,430092,1,4,"Inattentive, careless, improper driving"
43,Puerto Rico,430092,1,22,Speeding (above the speed limit)
43,Puerto Rico,430093,1,0,None
43,Puerto Rico,430094,1,4,"Inattentive, careless, improper driving"
43,Puerto Rico,430094,1,22,Speeding (above the speed limit)
43,Puerto Rico,430095,1,4,"Inattentive, careless, improper driving"
43,Puerto Rico,430095,1,58,Following too closely
43,Puerto Rico,430095,2,0,None
43,Puerto Rico,430096,1,7,"Hit-and-run, fail to stop after crash"
43,Puerto Rico,430096,1,46,Fail to yield generally
43,Puerto Rico,430097,1,4,"Inattentive, careless, improper driving"
43,Puerto Rico,430097,1,49,"Turn, yield, signaling violations generally"
43,Puerto Rico,430097,2,0,None
43,Puerto Rico,430098,1,0,None
43,Puerto Rico,430099,1,4,"Inattentive, careless, improper driving"
43,Puerto Rico,430099,1,22,Speeding (above the speed limit)
43,Puerto Rico,430099,2,0,None
43,Puerto Rico,430100,1,4,"Inattentive, careless, improper driving"
43,Puerto Rico,430100,1,58,Following too closely
43,Puerto Rico,430100,2,0,None
43,Puerto Rico,430101,1,4,"Inattentive, careless, improper driving"
43,Puerto Rico,430101,1,58,Following too closely
43,Puerto Rico,430101,2,0,None
43,Puerto Rico,430102,1,0,None
43,Puerto Rico,430103,1,4,"Inattentive, careless, improper driving"
43,Puerto Rico,430103,1,22,Speeding (above the speed limit)
43,Puerto Rico,430104,1,0,None
43,Puerto Rico,430105,1,4,"Inattentive, careless, improper driving"
43,Puerto Rico,430105,1,22,Speeding (above the speed limit)
43,Puerto Rico,430106,1,4,"Inattentive, careless, improper driving"
43,Puerto Rico,430106,1,22,Speeding (above the speed limit)
43,Puerto Rico,430106,2,0,None
43,Puerto Rico,430107,1,4,"Inattentive, careless, improper driving"
43,Puerto Rico,430107,1,49,"Turn, yield, signaling violations generally"
43,Puerto Rico,430107,2,0,None
43,Puerto Rico,430108,1,7,"Hit-and-run, fail to stop after crash"
43,Puerto Rico,430108,1,46,Fail to yield generally
43,Puerto Rico,430109,1,0,None
43,Puerto Rico,430110,1,7,"Hit-and-run, fail to stop after crash"
43,Puerto Rico,430110,1,46,Fail to yield generally
43,Puerto Rico,430111,1,4,"Inattentive, careless, improper driving"
43,Puerto Rico,430112,1,4,"Inattentive, careless, improper driving"
43,Puerto Rico,430112,1,23,Speed greater than reasonable & prudent (not necessarily over the limit)
43,Puerto Rico,430113,1,4,"Inattentive, careless, improper driving"
43,Puerto Rico,430113,1,22,Speeding (above the speed limit)
43,Puerto Rico,430114,1,7,"Hit-and-run, fail to stop after crash"
43,Puerto Rico,430114,1,46,Fail to yield generally
43,Puerto Rico,430115,1,4,"Inattentive, careless, improper driving"
43,Puerto Rico,430115,1,22,Speeding (above the speed limit)
43,Puerto Rico,430116,1,4,"Inattentive, careless, improper driving"
43,Puerto Rico,430116,1,52,"Driving on left, wrong side of road, generally"
43,Puerto Rico,430117,1,4,"Inattentive, careless, improper driving"
43,Puerto Rico,430118,1,4,"Inattentive, careless, improper driving"
43,Puerto Rico,430119,1,4,"Inattentive, careless, improper driving"
43,Puerto Rico,430119,1,22,Speeding (above the speed limit)
43,Puerto Rico,430120,1,0,None
43,Puerto Rico,430121,1,0,None
43,Puerto Rico,430122,1,0,None
43,Puerto Rico,430123,1,4,"Inattentive, careless, improper driving"
43,Puerto Rico,430123,1,22,Speeding (above the speed limit)
43,Puerto Rico,430124,1,4,"Inattentive, careless, improper driving"
43,Puerto Rico,430124,1,22,Speeding (above the speed limit)
43,Puerto Rico,430125,1,4,"Inattentive, careless, improper driving"
43,Puerto Rico,430125,1,22,Speeding (above the speed limit)
43,Puerto Rico,430126,1,4,"Inattentive, careless, improper driving"
43,Puerto Rico,430126,1,22,Speeding (above the speed limit)
43,Puerto Rico,430127,1,0,None
43,Puerto Rico,430128,1,4,"Inattentive, careless, improper driving"
43,Puerto Rico,430128,1,22,Speeding (above the speed limit)
43,Puerto Rico,430129,1,4,"Inattentive, careless, improper driving"
43,Puerto Rico,430129,1,22,Speeding (above the speed limit)
43,Puerto Rico,430129,2,0,None
43,Puerto Rico,430130,1,4,"Inattentive, careless, improper driving"
43,Puerto Rico,430130,1,22,Speeding (above the speed limit)
43,Puerto Rico,430131,1,0,None
43,Puerto Rico,430132,1,4,"Inattentive, careless, improper driving"
43,Puerto Rico,430132,1,46,Fail to yield generally
43,Puerto Rico,430132,1,52,"Driving on left, wrong side of road, generally"
43,Puerto Rico,430132,2,0,None
43,Puerto Rico,430133,1,4,"Inattentive, careless, improper driving"
43,Puerto Rico,430133,1,22,Speeding (above the speed limit)
43,Puerto Rico,430133,1,58,Following too closely
43,Puerto Rico,430133,2,0,None
43,Puerto Rico,430134,1,0,None
43,Puerto Rico,430135,1,4,"Inattentive, careless, improper driving"
43,Puerto Rico,430135,1,52,"Driving on left, wrong side of road, generally"
43,Puerto Rico,430135,2,0,None
43,Puerto Rico,430136,1,4,"Inattentive, careless, improper driving"
43,Puerto Rico,430136,1,49,"Turn, yield, signaling violations generally"
43,Puerto Rico,430136,2,0,None
43,Puerto Rico,430137,1,4,"Inattentive, careless, improper driving"
43,Puerto Rico,430137,1,52,"Driving on left, wrong side of road, generally"
43,Puerto Rico,430137,2,0,None
43,Puerto Rico,430138,1,4,"Inattentive, careless, improper driving"
43,Puerto Rico,430138,1,22,Speeding (above the speed limit)
43,Puerto Rico,430139,1,4,"Inattentive, careless, improper driving"
43,Puerto Rico,430139,1,49,"Turn, yield, signaling violations generally"
43,Puerto Rico,430139,2,0,None
43,Puerto Rico,430140,1,0,None
43,Puerto Rico,430141,1,4,"Inattentive, careless, improper driving"
43,Puerto Rico,430141,1,19,"Alcohol, drug, or impairment violations generally"
43,Puerto Rico,430142,1,4,"Inattentive, careless, improper driving"
43,Puerto Rico,430142,1,22,Speeding (above the speed limit)
43,Puerto Rico,430143,1,0,None
43,Puerto Rico,430144,1,4,"Inattentive, careless, improper driving"
43,Puerto Rico,430144,1,22,Speeding (above the speed limit)
43,Puerto Rico,430145,1,4,"Inattentive, careless, improper driving"
43,Puerto Rico,430145,2,0,None
43,Puerto Rico,430146,1,4,"Inattentive, careless, improper driving"
43,Puerto Rico,430146,1,19,"Alcohol, drug, or impairment violations generally"
43,Puerto Rico,430146,1,46,Fail to yield generally
43,Puerto Rico,430147,1,4,"Inattentive, careless, improper driving"
43,Puerto Rico,430147,1,22,Speeding (above the speed limit)
43,Puerto Rico,430148,1,7,"Hit-and-run, fail to stop after crash"
43,Puerto Rico,430148,1,46,Fail to yield generally
43,Puerto Rico,430149,1,4,"Inattentive, careless, improper driving"
43,Puerto Rico,430149,1,46,Fail to yield generally
43,Puerto Rico,430150,1,4,"Inattentive, careless, improper driving"
43,Puerto Rico,430150,1,58,Following too closely
43,Puerto Rico,430150,2,0,None
43,Puerto Rico,430151,1,0,None
43,Puerto Rico,430152,1,0,None
43,Puerto Rico,430153,1,7,"Hit-and-run, fail to stop after crash"
43,Puerto Rico,430153,1,46,Fail to yield generally
43,Puerto Rico,430153,2,0,None
43,Puerto Rico,430154,1,0,None
43,Puerto Rico,430155,1,4,"Inattentive, careless, improper driving"
43,Puerto Rico,430156,1,0,None
43,Puerto Rico,430157,1,4,"Inattentive, careless, improper driving"
43,Puerto Rico,430157,1,22,Speeding (above the speed limit)
43,Puerto Rico,430158,1,0,None
43,Puerto Rico,430159,1,7,"Hit-and-run, fail to stop after crash"
43,Puerto Rico,430159,1,46,Fail to yield generally
43,Puerto Rico,430160,1,4,"Inattentive, careless, improper driving"
43,Puerto Rico,430160,1,58,Following too closely
43,Puerto Rico,430160,2,0,None
43,Puerto Rico,430161,1,4,"Inattentive, careless, improper driving"
43,Puerto Rico,430161,1,22,Speeding (above the speed limit)
43,Puerto Rico,430162,1,4,"Inattentive, careless, improper driving"
43,Puerto Rico,430163,1,4,"Inattentive, careless, improper driving"
43,Puerto Rico,430163,1,22,Speeding (above the speed limit)
43,Puerto Rico,430164,1,4,"Inattentive, careless, improper driving"
43,Puerto Rico,430164,1,37,Fail to obey stop sign
43,Puerto Rico,430164,1,46,Fail to yield generally
43,Puerto Rico,430164,2,0,None
43,Puerto Rico,430165,1,4,"Inattentive, careless, improper driving"
43,Puerto Rico,430165,1,22,Speeding (above the speed limit)
43,Puerto Rico,430166,1,0,None
43,Puerto Rico,430167,1,4,"Inattentive, careless, improper driving"
43,Puerto Rico,430167,1,46,Fail to yield generally
43,Puerto Rico,430168,1,4,"Inattentive, careless, improper driving"
43,Puerto Rico,430168,1,22,Speeding (above the speed limit)
43,Puerto Rico,430169,1,4,"Inattentive, careless, improper driving"
43,Puerto Rico,430169,1,52,"Driving on left, wrong side of road, generally"
43,Puerto Rico,430169,2,0,None
43,Puerto Rico,430170,1,4,"Inattentive, careless, improper driving"
43,Puerto Rico,430170,1,46,Fail to yield generally
43,Puerto Rico,430171,1,7,"Hit-and-run, fail to stop after crash"
43,Puerto Rico,430171,1,46,Fail to yield generally
43,Puerto Rico,430172,1,4,"Inattentive, careless, improper driving"
43,Puerto Rico,430172,1,22,Speeding (above the speed limit)
43,Puerto Rico,430173,1,4,"Inattentive, careless, improper driving"
43,Puerto Rico,430173,1,58,Following too closely
43,Puerto Rico,430173,2,0,None
43,Puerto Rico,430174,1,0,None
43,Puerto Rico,430175,1,4,"Inattentive, careless, improper driving"
43,Puerto Rico,430175,1,46,Fail to yield generally
43,Puerto Rico,430176,1,4,"Inattentive, careless, improper driving"
43,Puerto Rico,430176,1,52,"Driving on left, wrong side of road, generally"
43,Puerto Rico,430176,2,0,None
43,Puerto Rico,430176,3,0,None
43,Puerto Rico,430177,1,4,"Inattentive, careless, improper driving"
43,Puerto Rico,430178,1,4,"Inattentive, careless, improper driving"
43,Puerto Rico,430178,1,37,Fail to obey stop sign
43,Puerto Rico,430178,1,46,Fail to yield generally
43,Puerto Rico,430178,2,0,None
43,Puerto Rico,430179,1,4,"Inattentive, careless, improper driving"
43,Puerto Rico,430179,1,22,Speeding (above the speed limit)
43,Puerto Rico,430179,1,52,"Driving on left, wrong side of road, generally"
43,Puerto Rico,430179,2,0,None
43,Puerto Rico,430180,1,0,None
43,Puerto Rico,430181,1,4,"Inattentive, careless, improper driving"
43,Puerto Rico,430181,1,22,Speeding (above the speed limit)
43,Puerto Rico,430181,1,52,"Driving on left, wrong side of road, generally"
43,Puerto Rico,430181,2,0,None
43,Puerto Rico,430182,1,4,"Inattentive, careless, improper driving"
43,Puerto Rico,430182,1,22,Speeding (above the speed limit)
43,Puerto Rico,430182,2,0,None
43,Puerto Rico,430182,3,0,None
43,Puerto Rico,430182,4,0,None
43,Puerto Rico,430182,5,0,None
43,Puerto Rico,430183,1,4,"Inattentive, careless, improper driving"
43,Puerto Rico,430183,1,46,Fail to yield generally
43,Puerto Rico,430184,1,0,None
43,Puerto Rico,430185,1,4,"Inattentive, careless, improper driving"
43,Puerto Rico,430185,1,22,Speeding (above the speed limit)
43,Puerto Rico,430185,2,0,None
43,Puerto Rico,430186,1,4,"Inattentive, careless, improper driving"
43,Puerto Rico,430186,2,0,None
43,Puerto Rico,430187,1,4,"Inattentive, careless, improper driving"
43,Puerto Rico,430187,1,46,Fail to yield generally
43,Puerto Rico,430188,1,0,None
43,Puerto Rico,430189,1,4,"Inattentive, careless, improper driving"
43,Puerto Rico,430189,1,52,"Driving on left, wrong side of road, generally"
43,Puerto Rico,430189,2,0,None
43,Puerto Rico,430190,1,0,None
43,Puerto Rico,430191,1,7,"Hit-and-run, fail to stop after crash"
43,Puerto Rico,430191,1,46,Fail to yield generally
43,Puerto Rico,430192,1,4,"Inattentive, careless, improper driving"
43,Puerto Rico,430192,1,46,Fail to yield generally
43,Puerto Rico,430193,1,4,"Inattentive, careless, improper driving"
43,Puerto Rico,430193,1,22,Speeding (above the speed limit)
43,Puerto Rico,430194,1,4,"Inattentive, careless, improper driving"
43,Puerto Rico,430194,1,22,Speeding (above the speed limit)
43,Puerto Rico,430195,1,4,"Inattentive, careless, improper driving"
43,Puerto Rico,430195,1,49,"Turn, yield, signaling violations generally"
43,Puerto Rico,430195,2,0,None
43,Puerto Rico,430196,1,4,"Inattentive, careless, improper driving"
43,Puerto Rico,430196,1,56,Fail to give way when overtaken
43,Puerto Rico,430196,1,69,"Lane violations, generally"
43,Puerto Rico,430197,1,4,"Inattentive, careless, improper driving"
43,Puerto Rico,430197,1,22,Speeding (above the speed limit)
43,Puerto Rico,430198,1,0,None
43,Puerto Rico,430199,1,4,"Inattentive, careless, improper driving"
43,Puerto Rico,430199,1,49,"Turn, yield, signaling violations generally"
43,Puerto Rico,430199,2,0,None
43,Puerto Rico,430200,1,4,"Inattentive, careless, improper driving"
43,Puerto Rico,430200,1,22,Speeding (above the speed limit)
43,Puerto Rico,430201,1,4,"Inattentive, careless, improper driving"
43,Puerto Rico,430201,1,52,"Driving on left, wrong side of road, generally"
43,Puerto Rico,430201,2,0,None
43,Puerto Rico,430202,1,4,"Inattentive, careless, improper driving"
43,Puerto Rico,430202,1,22,Speeding (above the speed limit)
43,Puerto Rico,430202,1,46,Fail to yield generally
43,Puerto Rico,430203,1,7,"Hit-and-run, fail to stop after crash"
43,Puerto Rico,430203,1,46,Fail to yield generally
43,Puerto Rico,430204,1,4,"Inattentive, careless, improper driving"
43,Puerto Rico,430204,1,22,Speeding (above the speed limit)
43,Puerto Rico,430205,1,4,"Inattentive, careless, improper driving"
43,Puerto Rico,430205,1,22,Speeding (above the speed limit)
43,Puerto Rico,430206,1,4,"Inattentive, careless, improper driving"
43,Puerto Rico,430206,1,22,Speeding (above the speed limit)
43,Puerto Rico,430207,1,4,"Inattentive, careless, improper driving"
43,Puerto Rico,430208,1,4,"Inattentive, careless, improper driving"
43,Puerto Rico,430208,1,22,Speeding (above the speed limit)
43,Puerto Rico,430209,1,4,"Inattentive, careless, improper driving"
43,Puerto Rico,430209,1,49,"Turn, yield, signaling violations generally"
43,Puerto Rico,430209,2,0,None
43,Puerto Rico,430210,1,4,"Inattentive, careless, improper driving"
43,Puerto Rico,430210,1,46,Fail to yield generally
43,Puerto Rico,430212,1,52,"Driving on left, wrong side of road, generally"
43,Puerto Rico,430212,1,4,"Inattentive, careless, improper driving"
43,Puerto Rico,430212,2,0,None
43,Puerto Rico,430214,1,4,"Inattentive, careless, improper driving"
43,Puerto Rico,430214,1,22,Speeding (above the speed limit)
43,Puerto Rico,430215,1,4,"Inattentive, careless, improper driving"
43,Puerto Rico,430215,1,22,Speeding (above the speed limit)
43,Puerto Rico,430215,1,46,Fail to yield generally
43,Puerto Rico,430215,2,0,None
43,Puerto Rico,430216,1,4,"Inattentive, careless, improper driving"
43,Puerto Rico,430216,1,22,Speeding (above the speed limit)
43,Puerto Rico,430216,1,56,Fail to give way when overtaken
43,Puerto Rico,430216,2,0,None
43,Puerto Rico,430217,1,4,"Inattentive, careless, improper driving"
43,Puerto Rico,430217,1,22,Speeding (above the speed limit)
43,Puerto Rico,430217,1,52,"Driving on left, wrong side of road, generally"
43,Puerto Rico,430217,2,0,None
43,Puerto Rico,430218,1,4,"Inattentive, careless, improper driving"
43,Puerto Rico,430218,1,22,Speeding (above the speed limit)
43,Puerto Rico,430219,1,0,None
43,Puerto Rico,430220,1,4,"Inattentive, careless, improper driving"
43,Puerto Rico,430220,1,46,Fail to yield generally
43,Puerto Rico,430221,1,4,"Inattentive, careless, improper driving"
43,Puerto Rico,430221,1,49,"Turn, yield, signaling violations generally"
43,Puerto Rico,430221,2,0,None
43,Puerto Rico,430222,1,4,"Inattentive, careless, improper driving"
43,Puerto Rico,430222,1,52,"Driving on left, wrong side of road, generally"
43,Puerto Rico,430222,2,0,None
43,Puerto Rico,430223,1,4,"Inattentive, careless, improper driving"
43,Puerto Rico,430223,1,22,Speeding (above the speed limit)
43,Puerto Rico,430224,1,4,"Inattentive, careless, improper driving"
43,Puerto Rico,430224,1,46,Fail to yield generally
43,Puerto Rico,430225,1,4,"Inattentive, careless, improper driving"
43,Puerto Rico,430225,1,46,Fail to yield generally
43,Puerto Rico,430225,1,52,"Driving on left, wrong side of road, generally"
43,Puerto Rico,430226,1,4,"Inattentive, careless, improper driving"
43,Puerto Rico,430226,1,22,Speeding (above the speed limit)
43,Puerto Rico,430227,1,0,None
43,Puerto Rico,430228,1,4,"Inattentive, careless, improper driving"
43,Puerto Rico,430228,1,49,"Turn, yield, signaling violations generally"
43,Puerto Rico,430228,2,0,None
43,Puerto Rico,430229,1,0,None
43,Puerto Rico,430230,1,0,None
43,Puerto Rico,430231,1,4,"Inattentive, careless, improper driving"
43,Puerto Rico,430231,1,22,Speeding (above the speed limit)
43,Puerto Rico,430231,1,51,Driving wrong way on one-way road
43,Puerto Rico,430231,2,0,None
43,Puerto Rico,430232,1,0,None
43,Puerto Rico,430233,1,4,"Inattentive, careless, improper driving"
43,Puerto Rico,430233,1,58,Following too closely
43,Puerto Rico,430233,2,0,None
43,Puerto Rico,430234,1,4,"Inattentive, careless, improper driving"
43,Puerto Rico,430234,1,22,Speeding (above the speed limit)
43,Puerto Rico,430234,1,52,"Driving on left, wrong side of road, generally"
43,Puerto Rico,430234,2,0,None
43,Puerto Rico,430235,1,0,None
43,Puerto Rico,430236,1,4,"Inattentive, careless, improper driving"
43,Puerto Rico,430236,1,46,Fail to yield generally
43,Puerto Rico,430237,1,4,"Inattentive, careless, improper driving"
43,Puerto Rico,430237,1,58,Following too closely
43,Puerto Rico,430237,2,0,None
43,Puerto Rico,430237,3,0,None
43,Puerto Rico,430237,4,0,None
43,Puerto Rico,430238,1,4,"Inattentive, careless, improper driving"
43,Puerto Rico,430238,1,46,Fail to yield generally
43,Puerto Rico,430239,1,4,"Inattentive, careless, improper driving"
43,Puerto Rico,430239,1,46,Fail to yield generally
43,Puerto Rico,430240,1,0,None
43,Puerto Rico,430241,1,0,None
43,Puerto Rico,430242,1,4,"Inattentive, careless, improper driving"
43,Puerto Rico,430242,1,52,"Driving on left, wrong side of road, generally"
43,Puerto Rico,430242,2,0,None
43,Puerto Rico,430243,1,4,"Inattentive, careless, improper driving"
43,Puerto Rico,430243,2,0,None
43,Puerto Rico,430244,1,4,"Inattentive, careless, improper driving"
43,Puerto Rico,430244,1,22,Speeding (above the speed limit)
43,Puerto Rico,430245,1,4,"Inattentive, careless, improper driving"
43,Puerto Rico,430245,1,22,Speeding (above the speed limit)
43,Puerto Rico,430246,1,0,None
43,Puerto Rico,430247,1,4,"Inattentive, careless, improper driving"
43,Puerto Rico,430247,1,22,Speeding (above the speed limit)
43,Puerto Rico,430247,2,0,None
43,Puerto Rico,430248,1,4,"Inattentive, careless, improper driving"
43,Puerto Rico,430248,1,52,"Driving on left, wrong side of road, generally"
43,Puerto Rico,430248,2,0,None
43,Puerto Rico,430249,1,4,"Inattentive, careless, improper driving"
43,Puerto Rico,430249,1,52,"Driving on left, wrong side of road, generally"
43,Puerto Rico,430249,2,0,None
43,Puerto Rico,430250,1,0,None
43,Puerto Rico,430251,1,4,"Inattentive, careless, improper driving"
43,Puerto Rico,430251,1,19,"Alcohol, drug, or impairment violations generally"
43,Puerto Rico,430251,1,22,Speeding (above the speed limit)
43,Puerto Rico,430252,1,4,"Inattentive, careless, improper driving"
43,Puerto Rico,430253,1,4,"Inattentive, careless, improper driving"
43,Puerto Rico,430253,1,22,Speeding (above the speed limit)
43,Puerto Rico,430254,1,4,"Inattentive, careless, improper driving"
43,Puerto Rico,430254,1,22,Speeding (above the speed limit)
43,Puerto Rico,430255,1,4,"Inattentive, careless, improper driving"
43,Puerto Rico,430255,1,58,Following too closely
43,Puerto Rico,430255,2,0,None
43,Puerto Rico,430256,1,4,"Inattentive, careless, improper driving"
43,Puerto Rico,430256,1,22,Speeding (above the speed limit)
43,Puerto Rico,430257,1,4,"Inattentive, careless, improper driving"
43,Puerto Rico,430257,1,46,Fail to yield generally
43,Puerto Rico,430258,1,4,"Inattentive, careless, improper driving"
43,Puerto Rico,430258,1,52,"Driving on left, wrong side of road, generally"
43,Puerto Rico,430258,2,0,None
43,Puerto Rico,430259,1,4,"Inattentive, careless, improper driving"
43,Puerto Rico,430259,1,22,Speeding (above the speed limit)
43,Puerto Rico,430260,1,4,"Inattentive, careless, improper driving"
43,Puerto Rico,430260,1,22,Speeding (above the speed limit)
43,Puerto Rico,430260,2,0,None
43,Puerto Rico,430261,1,4,"Inattentive, careless, improper driving"
43,Puerto Rico,430261,1,52,"Driving on left, wrong side of road, generally"
43,Puerto Rico,430261,2,0,None
43,Puerto Rico,430262,1,0,None
43,Puerto Rico,430263,1,4,"Inattentive, careless, improper driving"
43,Puerto Rico,430263,1,22,Speeding (above the speed limit)
43,Puerto Rico,430263,1,46,Fail to yield generally
43,Puerto Rico,430264,1,4,"Inattentive, careless, improper driving"
43,Puerto Rico,430264,1,46,Fail to yield generally
43,Puerto Rico,430264,1,52,"Driving on left, wrong side of road, generally"
43,Puerto Rico,430265,1,0,None
43,Puerto Rico,430266,1,4,"Inattentive, careless, improper driving"
43,Puerto Rico,430266,1,52,"Driving on left, wrong side of road, generally"
43,Puerto Rico,430266,2,0,None
43,Puerto Rico,430267,1,4,"Inattentive, careless, improper driving"
43,Puerto Rico,430267,1,22,Speeding (above the speed limit)
43,Puerto Rico,430268,1,4,"Inattentive, careless, improper driving"
43,Puerto Rico,430268,1,22,Speeding (above the speed limit)
43,Puerto Rico,430269,1,4,"Inattentive, careless, improper driving"
43,Puerto Rico,430269,1,22,Speeding (above the speed limit)
43,Puerto Rico,430269,1,69,"Lane violations, generally"
43,Puerto Rico,430269,2,0,None
43,Puerto Rico,430269,3,0,None
43,Puerto Rico,430270,1,0,None
43,Puerto Rico,430271,1,4,"Inattentive, careless, improper driving"
43,Puerto Rico,430271,1,22,Speeding (above the speed limit)
43,Puerto Rico,430272,1,4,"Inattentive, careless, improper driving"
43,Puerto Rico,430272,1,22,Speeding (above the speed limit)
43,Puerto Rico,430273,1,4,"Inattentive, careless, improper driving"
43,Puerto Rico,430273,1,46,Fail to yield generally
43,Puerto Rico,430274,1,0,None
43,Puerto Rico,430275,1,4,"Inattentive, careless, improper driving"
43,Puerto Rico,430275,1,69,"Lane violations, generally"
43,Puerto Rico,430275,2,0,None
43,Puerto Rico,430276,1,4,"Inattentive, careless, improper driving"
43,Puerto Rico,430276,1,22,Speeding (above the speed limit)
43,Puerto Rico,430277,1,4,"Inattentive, careless, improper driving"
43,Puerto Rico,430277,1,46,Fail to yield generally
43,Puerto Rico,430278,1,0,None
43,Puerto Rico,430279,1,4,"Inattentive, careless, improper driving"
43,Puerto Rico,430279,1,19,"Alcohol, drug, or impairment violations generally"
43,Puerto Rico,430279,1,52,"Driving on left, wrong side of road, generally"
43,Puerto Rico,430280,1,0,None
43,Puerto Rico,430281,1,4,"Inattentive, careless, improper driving"
43,Puerto Rico,430281,1,46,Fail to yield generally
43,Puerto Rico,430282,1,0,None
43,Puerto Rico,430283,1,4,"Inattentive, careless, improper driving"
43,Puerto Rico,430283,1,52,"Driving on left, wrong side of road, generally"
43,Puerto Rico,430283,2,4,"Inattentive, careless, improper driving"
43,Puerto Rico,430283,2,52,"Driving on left, wrong side of road, generally"
43,Puerto Rico,430284,1,0,None
43,Puerto Rico,430285,1,4,"Inattentive, careless, improper driving"
43,Puerto Rico,430285,1,22,Speeding (above the speed limit)
43,Puerto Rico,430286,1,0,None
43,Puerto Rico,430287,1,4,"Inattentive, careless, improper driving"
43,Puerto Rico,430287,1,22,Speeding (above the speed limit)
43,Puerto Rico,430288,1,0,None
43,Puerto Rico,430289,1,4,"Inattentive, careless, improper driving"
43,Puerto Rico,430289,1,22,Speeding (above the speed limit)
43,Puerto Rico,430290,1,56,Fail to give way when overtaken
43,Puerto Rico,430290,1,4,"Inattentive, careless, improper driving"
43,Puerto Rico,430290,1,52,"Driving on left, wrong side of road, generally"
43,Puerto Rico,430290,2,0,None
43,Puerto Rico,430291,1,4,"Inattentive, careless, improper driving"
43,Puerto Rico,430291,1,52,"Driving on left, wrong side of road, generally"
43,Puerto Rico,430291,2,0,None
43,Puerto Rico,430292,1,4,"Inattentive, careless, improper driving"
43,Puerto Rico,430293,1,4,"Inattentive, careless, improper driving"
43,Puerto Rico,430293,1,22,Speeding (above the speed limit)
43,Puerto Rico,430293,1,52,"Driving on left, wrong side of road, generally"
43,Puerto Rico,430293,2,0,None
43,Puerto Rico,430294,1,4,"Inattentive, careless, improper driving"
43,Puerto Rico,430295,1,0,None
43,Puerto Rico,430296,1,7,"Hit-and-run, fail to stop after crash"
43,Puerto Rico,430296,1,46,Fail to yield generally
43,Puerto Rico,430297,1,4,"Inattentive, careless, improper driving"
43,Puerto Rico,430298,1,7,"Hit-and-run, fail to stop after crash"
43,Puerto Rico,430298,1,46,Fail to yield generally
43,Puerto Rico,430299,1,4,"Inattentive, careless, improper driving"
43,Puerto Rico,430299,1,58,Following too closely
43,Puerto Rico,430299,2,0,None
43,Puerto Rico,430300,1,4,"Inattentive, careless, improper driving"
43,Puerto Rico,430300,1,22,Speeding (above the speed limit)
43,Puerto Rico,430300,1,58,Following too closely
43,Puerto Rico,430300,2,0,None
43,Puerto Rico,430301,1,4,"Inattentive, careless, improper driving"
43,Puerto Rico,430301,1,22,Speeding (above the speed limit)
43,Puerto Rico,430302,1,4,"Inattentive, careless, improper driving"
43,Puerto Rico,430302,1,58,Following too closely
43,Puerto Rico,430302,2,0,None
