STATE,STATENAME,ST_CASE,VEH_NO,VEVENTNUM,SOE,SOENAME,AOI,AOINAME
43,Puerto Rico,430001,1,1,12,Motor Vehicle In-Transport,12,12 Clock Point
43,Puerto Rico,430001,2,1,12,Motor Vehicle In-Transport,12,12 Clock Point
43,Puerto Rico,430002,1,1,8,Pedestrian,12,12 Clock Point
43,Puerto Rico,430003,1,1,8,Pedestrian,12,12 Clock Point
43,Puerto Rico,430004,1,1,79,Ran off Roadway - Direction Unknown,55,Non-Harmful Event
43,Puerto Rico,430004,1,2,25,Concrete Traffic Barrier,3,3 Clock Point
43,Puerto Rico,430004,1,3,25,Concrete Traffic Barrier,12,12 Clock Point
43,Puerto Rico,430007,1,1,79,Ran off Roadway - Direction Unknown,55,Non-Harmful Event
43,Puerto Rico,430007,1,2,8,Pedestrian,12,12 Clock Point
43,Puerto Rico,430007,1,3,43,Other Fixed Object,12,12 Clock Point
43,Puerto Rico,430008,1,1,8,Pedestrian,12,12 Clock Point
43,Puerto Rico,430009,1,1,12,Motor Vehicle In-Transport,12,12 Clock Point
43,Puerto Rico,430009,2,1,12,Motor Vehicle In-Transport,7,7 Clock Point
43,Puerto Rico,430010,1,1,12,Motor Vehicle In-Transport,12,12 Clock Point
43,Puerto Rico,430010,2,1,12,Motor Vehicle In-Transport,9,9 Clock Point
43,Puerto Rico,430011,1,1,79,Ran off Roadway - Direction Unknown,55,Non-Harmful Event
43,Puerto Rico,430011,1,2,12,Motor Vehicle In-Transport,10,10 Clock Point
43,Puerto Rico,430011,1,3,30,Utility Pole/Light Support,9,9 Clock Point
43,Puerto Rico,430011,2,1,12,Motor Vehicle In-Transport,2,2 Clock Point
43,Puerto Rico,430012,1,1,12,Motor Vehicle In-Transport,12,12 Clock Point
43,Puerto Rico,430012,2,1,12,Motor Vehicle In-Transport,12,12 Clock Point
43,Puerto Rico,430013,1,1,8,Pedestrian,10,10 Clock Point
43,Puerto Rico,430014,1,1,9,Pedalcyclist,12,12 Clock Point
43,Puerto Rico,430015,1,1,79,Ran off Roadway - Direction Unknown,55,Non-Harmful Event
43,Puerto Rico,430015,1,2,43,Other Fixed Object,12,12 Clock Point
43,Puerto Rico,430016,1,1,12,Motor Vehicle In-Transport,11,11 Clock Point
43,Puerto Rico,430016,2,1,12,Motor Vehicle In-Transport,11,11 Clock Point
43,Puerto Rico,430016,2,2,12,Motor Vehicle In-Transport,12,12 Clock Point
43,Puerto Rico,430016,3,1,12,Motor Vehicle In-Transport,12,12 Clock Point
43,Puerto Rico,430017,1,1,12,Motor Vehicle In-Transport,12,12 Clock Point
43,Puerto Rico,430017,2,1,12,Motor Vehicle In-Transport,12,12 Clock Point
43,Puerto Rico,430018,1,1,12,Motor Vehicle In-Transport,12,12 Clock Point
43,Puerto Rico,430018,2,1,12,Motor Vehicle In-Transport,9,9 Clock Point
43,Puerto Rico,430019,1,1,12,Motor Vehicle In-Transport,3,3 Clock Point
43,Puerto Rico,430019,2,1,12,Motor Vehicle In-Transport,12,12 Clock Point
43,Puerto Rico,430020,1,1,12,Motor Vehicle In-Transport,12,12 Clock Point
43,Puerto Rico,430020,2,1,12,Motor Vehicle In-Transport,12,12 Clock Point
43,Puerto Rico,430021,1,1,12,Motor Vehicle In-Transport,3,3 Clock Point
43,Puerto Rico,430021,2,1,12,Motor Vehicle In-Transport,12,12 Clock Point
43,Puerto Rico,430022,1,1,12,Motor Vehicle In-Transport,12,12 Clock Point
43,Puerto Rico,430022,2,1,12,Motor Vehicle In-Transport,12,12 Clock Point
43,Puerto Rico,430023,1,1,8,Pedestrian,10,10 Clock Point
43,Puerto Rico,430024,1,1,15,Non-Motorist on Personal Conveyance,12,12 Clock Point
43,Puerto Rico,430025,1,1,79,Ran off Roadway - Direction Unknown,55,Non-Harmful Event
43,Puerto Rico,430025,1,2,12,Motor Vehicle In-Transport,9,9 Clock Point
43,Puerto Rico,430025,1,3,25,Concrete Traffic Barrier,12,12 Clock Point
43,Puerto Rico,430025,2,1,12,Motor Vehicle In-Transport,3,3 Clock Point
43,Puerto Rico,430026,1,1,8,Pedestrian,12,12 Clock Point
43,Puerto Rico,430027,1,1,8,Pedestrian,12,12 Clock Point
43,Puerto Rico,430028,1,1,5,Fell/Jumped from Vehicle,0,Non-Collision
43,Puerto Rico,430029,1,1,8,Pedestrian,1,1 Clock Point
43,Puerto Rico,430030,1,1,12,Motor Vehicle In-Transport,3,3 Clock Point
43,Puerto Rico,430030,2,1,12,Motor Vehicle In-Transport,11,11 Clock Point
43,Puerto Rico,430031,1,1,12,Motor Vehicle In-Transport,12,12 Clock Point
43,Puerto Rico,430031,2,1,12,Motor Vehicle In-Transport,6,6 Clock Point
43,Puerto Rico,430032,1,1,12,Motor Vehicle In-Transport,12,12 Clock Point
43,Puerto Rico,430032,2,1,12,Motor Vehicle In-Transport,12,12 Clock Point
43,Puerto Rico,430033,1,1,79,Ran off Roadway - Direction Unknown,55,Non-Harmful Event
43,Puerto Rico,430033,1,2,43,Other Fixed Object,12,12 Clock Point
43,Puerto Rico,430033,1,3,35,Embankment,12,12 Clock Point
43,Puerto Rico,430034,1,1,79,Ran off Roadway - Direction Unknown,55,Non-Harmful Event
43,Puerto Rico,430034,1,2,35,Embankment,12,12 Clock Point
43,Puerto Rico,430034,1,3,1,Rollover/Overturn,0,Non-Collision
43,Puerto Rico,430035,1,1,63,Ran Off Roadway - Right,55,Non-Harmful Event
43,Puerto Rico,430035,1,2,42,Tree (Standing Only),11,11 Clock Point
43,Puerto Rico,430036,1,1,8,Pedestrian,12,12 Clock Point
43,Puerto Rico,430037,1,1,1,Rollover/Overturn,0,Non-Collision
43,Puerto Rico,430038,1,1,8,Pedestrian,12,12 Clock Point
43,Puerto Rico,430039,1,1,79,Ran off Roadway - Direction Unknown,55,Non-Harmful Event
43,Puerto Rico,430039,1,2,30,Utility Pole/Light Support,11,11 Clock Point
43,Puerto Rico,430040,1,1,79,Ran off Roadway - Direction Unknown,55,Non-Harmful Event
43,Puerto Rico,430040,1,2,42,Tree (Standing Only),11,11 Clock Point
43,Puerto Rico,430040,1,3,38,Fence,12,12 Clock Point
43,Puerto Rico,430041,1,1,12,Motor Vehicle In-Transport,12,12 Clock Point
43,Puerto Rico,430041,2,1,12,Motor Vehicle In-Transport,9,9 Clock Point
43,Puerto Rico,430041,2,2,8,Pedestrian,12,12 Clock Point
43,Puerto Rico,430042,1,1,79,Ran off Roadway - Direction Unknown,55,Non-Harmful Event
43,Puerto Rico,430042,1,2,30,Utility Pole/Light Support,12,12 Clock Point
43,Puerto Rico,430043,1,1,79,Ran off Roadway - Direction Unknown,55,Non-Harmful Event
43,Puerto Rico,430043,1,2,25,Concrete Traffic Barrier,12,12 Clock Point
43,Puerto Rico,430044,1,1,79,Ran off Roadway - Direction Unknown,55,Non-Harmful Event
43,Puerto Rico,430044,1,2,25,Concrete Traffic Barrier,3,3 Clock Point
43,Puerto Rico,430045,1,1,79,Ran off Roadway - Direction Unknown,55,Non-Harmful Event
43,Puerto Rico,430045,1,2,43,Other Fixed Object,6,6 Clock Point
43,Puerto Rico,430045,1,3,2,Fire/Explosion,0,Non-Collision
43,Puerto Rico,430046,1,1,12,Motor Vehicle In-Transport,9,9 Clock Point
43,Puerto Rico,430046,2,1,12,Motor Vehicle In-Transport,12,12 Clock Point
43,Puerto Rico,430047,1,1,12,Motor Vehicle In-Transport,12,12 Clock Point
43,Puerto Rico,430047,2,1,12,Motor Vehicle In-Transport,12,12 Clock Point
43,Puerto Rico,430048,1,1,12,Motor Vehicle In-Transport,12,12 Clock Point
43,Puerto Rico,430048,1,2,12,Motor Vehicle In-Transport,12,12 Clock Point
43,Puerto Rico,430048,2,1,12,Motor Vehicle In-Transport,12,12 Clock Point
43,Puerto Rico,430048,3,1,12,Motor Vehicle In-Transport,12,12 Clock Point
43,Puerto Rico,430049,1,1,12,Motor Vehicle In-Transport,12,12 Clock Point
43,Puerto Rico,430049,2,1,12,Motor Vehicle In-Transport,6,6 Clock Point
43,Puerto Rico,430050,1,1,8,Pedestrian,11,11 Clock Point
43,Puerto Rico,430051,1,1,79,Ran off Roadway - Direction Unknown,55,Non-Harmful Event
43,Puerto Rico,430051,1,2,30,Utility Pole/Light Support,7,7 Clock Point
43,Puerto Rico,430051,1,3,8,Pedestrian,7,7 Clock Point
43,Puerto Rico,430052,1,1,79,Ran off Roadway - Direction Unknown,55,Non-Harmful Event
43,Puerto Rico,430052,1,2,38,Fence,12,12 Clock Point
43,Puerto Rico,430052,1,3,1,Rollover/Overturn,0,Non-Collision
43,Puerto Rico,430053,1,1,8,Pedestrian,11,11 Clock Point
43,Puerto Rico,430054,1,1,12,Motor Vehicle In-Transport,12,12 Clock Point
43,Puerto Rico,430054,2,1,12,Motor Vehicle In-Transport,6,6 Clock Point
43,Puerto Rico,430055,1,1,15,Non-Motorist on Personal Conveyance,11,11 Clock Point
43,Puerto Rico,430056,1,1,8,Pedestrian,2,2 Clock Point
43,Puerto Rico,430057,1,1,12,Motor Vehicle In-Transport,12,12 Clock Point
43,Puerto Rico,430057,2,1,12,Motor Vehicle In-Transport,6,6 Clock Point
43,Puerto Rico,430058,1,1,12,Motor Vehicle In-Transport,9,9 Clock Point
43,Puerto Rico,430058,2,1,12,Motor Vehicle In-Transport,12,12 Clock Point
43,Puerto Rico,430059,1,1,12,Motor Vehicle In-Transport,2,2 Clock Point
43,Puerto Rico,430059,1,2,2,Fire/Explosion,0,Non-Collision
43,Puerto Rico,430059,2,1,12,Motor Vehicle In-Transport,2,2 Clock Point
43,Puerto Rico,430060,1,1,79,Ran off Roadway - Direction Unknown,55,Non-Harmful Event
43,Puerto Rico,430060,1,2,42,Tree (Standing Only),12,12 Clock Point
43,Puerto Rico,430061,1,1,8,Pedestrian,12,12 Clock Point
43,Puerto Rico,430062,1,1,8,Pedestrian,3,3 Clock Point
43,Puerto Rico,430063,1,1,63,Ran Off Roadway - Right,55,Non-Harmful Event
43,Puerto Rico,430063,1,2,42,Tree (Standing Only),12,12 Clock Point
43,Puerto Rico,430064,1,1,79,Ran off Roadway - Direction Unknown,55,Non-Harmful Event
43,Puerto Rico,430064,1,2,35,Embankment,12,12 Clock Point
43,Puerto Rico,430064,1,3,1,Rollover/Overturn,0,Non-Collision
43,Puerto Rico,430065,1,1,79,Ran off Roadway - Direction Unknown,55,Non-Harmful Event
43,Puerto Rico,430065,1,2,30,Utility Pole/Light Support,12,12 Clock Point
43,Puerto Rico,430065,1,3,30,Utility Pole/Light Support,9,9 Clock Point
43,Puerto Rico,430066,1,1,12,Motor Vehicle In-Transport,12,12 Clock Point
43,Puerto Rico,430066,2,1,12,Motor Vehicle In-Transport,12,12 Clock Point
43,Puerto Rico,430067,1,1,5,Fell/Jumped from Vehicle,0,Non-Collision
43,Puerto Rico,430068,1,1,79,Ran off Roadway - Direction Unknown,55,Non-Harmful Event
43,Puerto Rico,430068,1,2,42,Tree (Standing Only),10,10 Clock Point
43,Puerto Rico,430068,1,3,30,Utility Pole/Light Support,12,12 Clock Point
43,Puerto Rico,430068,1,4,42,Tree (Standing Only),3,3 Clock Point
43,Puerto Rico,430069,1,1,8,Pedestrian,12,12 Clock Point
43,Puerto Rico,430071,1,1,79,Ran off Roadway - Direction Unknown,55,Non-Harmful Event
43,Puerto Rico,430071,1,2,33,Curb,12,12 Clock Point
43,Puerto Rico,430071,1,3,38,Fence,9,9 Clock Point
43,Puerto Rico,430072,1,1,79,Ran off Roadway - Direction Unknown,55,Non-Harmful Event
43,Puerto Rico,430072,1,2,38,Fence,12,12 Clock Point
43,Puerto Rico,430073,1,1,8,Pedestrian,12,12 Clock Point
43,Puerto Rico,430074,1,1,8,Pedestrian,12,12 Clock Point
43,Puerto Rico,430075,1,1,79,Ran off Roadway - Direction Unknown,55,Non-Harmful Event
43,Puerto Rico,430075,1,2,42,Tree (Standing Only),12,12 Clock Point
43,Puerto Rico,430076,1,1,79,Ran off Roadway - Direction Unknown,55,Non-Harmful Event
43,Puerto Rico,430076,1,2,30,Utility Pole/Light Support,9,9 Clock Point
43,Puerto Rico,430077,1,1,79,Ran off Roadway - Direction Unknown,55,Non-Harmful Event
43,Puerto Rico,430077,1,2,25,Concrete Traffic Barrier,12,12 Clock Point
43,Puerto Rico,430078,1,1,8,Pedestrian,12,12 Clock Point
43,Puerto Rico,430079,1,1,12,Motor Vehicle In-Transport,3,3 Clock Point
43,Puerto Rico,430079,2,1,12,Motor Vehicle In-Transport,12,12 Clock Point
43,Puerto Rico,430080,1,1,8,Pedestrian,12,12 Clock Point
43,Puerto Rico,430081,1,1,12,Motor Vehicle In-Transport,12,12 Clock Point
43,Puerto Rico,430081,2,1,12,Motor Vehicle In-Transport,12,12 Clock Point
43,Puerto Rico,430082,1,1,79,Ran off Roadway - Direction Unknown,55,Non-Harmful Event
43,Puerto Rico,430082,1,2,30,Utility Pole/Light Support,5,5 Clock Point
43,Puerto Rico,430082,1,3,1,Rollover/Overturn,0,Non-Collision
43,Puerto Rico,430083,1,1,79,Ran off Roadway - Direction Unknown,55,Non-Harmful Event
43,Puerto Rico,430083,1,2,30,Utility Pole/Light Support,12,12 Clock Point
43,Puerto Rico,430084,1,1,8,Pedestrian,12,12 Clock Point
43,Puerto Rico,430085,1,1,79,Ran off Roadway - Direction Unknown,55,Non-Harmful Event
43,Puerto Rico,430085,1,2,42,Tree (Standing Only),12,12 Clock Point
43,Puerto Rico,430086,1,1,79,Ran off Roadway - Direction Unknown,55,Non-Harmful Event
43,Puerto Rico,430086,1,2,25,Concrete Traffic Barrier,11,11 Clock Point
43,Puerto Rico,430087,1,1,8,Pedestrian,2,2 Clock Point
43,Puerto Rico,430088,1,1,79,Ran off Roadway - Direction Unknown,55,Non-Harmful Event
43,Puerto Rico,430088,1,2,14,Parked Motor Vehicle,10,10 Clock Point
43,Puerto Rico,430088,1,3,25,Concrete Traffic Barrier,5,5 Clock Point
43,Puerto Rico,430088,2,1,14,Parked Motor Vehicle,5,5 Clock Point
43,Puerto Rico,430089,1,1,79,Ran off Roadway - Direction Unknown,55,Non-Harmful Event
43,Puerto Rico,430089,1,2,43,Other Fixed Object,12,12 Clock Point
43,Puerto Rico,430089,1,3,42,Tree (Standing Only),12,12 Clock Point
43,Puerto Rico,430090,1,1,8,Pedestrian,12,12 Clock Point
43,Puerto Rico,430091,1,1,5,Fell/Jumped from Vehicle,0,Non-Collision
43,Puerto Rico,430092,1,1,79,Ran off Roadway - Direction Unknown,55,Non-Harmful Event
43,Puerto Rico,430092,1,2,25,Concrete Traffic Barrier,12,12 Clock Point
43,Puerto Rico,430093,1,1,9,Pedalcyclist,2,2 Clock Point
43,Puerto Rico,430094,1,1,79,Ran off Roadway - Direction Unknown,55,Non-Harmful Event
43,Puerto Rico,430094,1,2,25,Concrete Traffic Barrier,3,3 Clock Point
43,Puerto Rico,430095,1,1,12,Motor Vehicle In-Transport,12,12 Clock Point
43,Puerto Rico,430095,2,1,12,Motor Vehicle In-Transport,6,6 Clock Point
43,Puerto Rico,430095,2,2,79,Ran off Roadway - Direction Unknown,55,Non-Harmful Event
43,Puerto Rico,430095,2,3,38,Fence,12,12 Clock Point
43,Puerto Rico,430096,1,1,8,Pedestrian,12,12 Clock Point
43,Puerto Rico,430097,1,1,12,Motor Vehicle In-Transport,3,3 Clock Point
43,Puerto Rico,430097,2,1,12,Motor Vehicle In-Transport,12,12 Clock Point
43,Puerto Rico,430098,1,1,8,Pedestrian,12,12 Clock Point
43,Puerto Rico,430099,1,1,12,Motor Vehicle In-Transport,12,12 Clock Point
43,Puerto Rico,430099,2,1,12,Motor Vehicle In-Transport,6,6 Clock Point
43,Puerto Rico,430100,1,1,79,Ran off Roadway - Direction Unknown,55,Non-Harmful Event
43,Puerto Rico,430100,1,2,12,Motor Vehicle In-Transport,12,12 Clock Point
43,Puerto Rico,430100,1,3,30,Utility Pole/Light Support,12,12 Clock Point
43,Puerto Rico,430100,2,1,12,Motor Vehicle In-Transport,6,6 Clock Point
43,Puerto Rico,430101,1,1,12,Motor Vehicle In-Transport,12,12 Clock Point
43,Puerto Rico,430101,2,1,12,Motor Vehicle In-Transport,6,6 Clock Point
43,Puerto Rico,430102,1,1,15,Non-Motorist on Personal Conveyance,12,12 Clock Point
43,Puerto Rico,430103,1,1,79,Ran off Roadway - Direction Unknown,55,Non-Harmful Event
43,Puerto Rico,430103,1,2,39,Wall,12,12 Clock Point
43,Puerto Rico,430104,1,1,8,Pedestrian,12,12 Clock Point
43,Puerto Rico,430105,1,1,8,Pedestrian,12,12 Clock Point
43,Puerto Rico,430106,1,1,12,Motor Vehicle In-Transport,12,12 Clock Point
43,Puerto Rico,430106,2,1,12,Motor Vehicle In-Transport,6,6 Clock Point
43,Puerto Rico,430107,1,1,12,Motor Vehicle In-Transport,3,3 Clock Point
43,Puerto Rico,430107,2,1,12,Motor Vehicle In-Transport,12,12 Clock Point
43,Puerto Rico,430108,1,1,8,Pedestrian,12,12 Clock Point
43,Puerto Rico,430109,1,1,8,Pedestrian,12,12 Clock Point
43,Puerto Rico,430110,1,1,8,Pedestrian,12,12 Clock Point
43,Puerto Rico,430111,1,1,1,Rollover/Overturn,0,Non-Collision
43,Puerto Rico,430112,1,1,79,Ran off Roadway - Direction Unknown,55,Non-Harmful Event
43,Puerto Rico,430112,1,2,25,Concrete Traffic Barrier,3,3 Clock Point
43,Puerto Rico,430113,1,1,79,Ran off Roadway - Direction Unknown,55,Non-Harmful Event
43,Puerto Rico,430113,1,2,42,Tree (Standing Only),12,12 Clock Point
43,Puerto Rico,430113,1,3,2,Fire/Explosion,0,Non-Collision
43,Puerto Rico,430114,1,1,8,Pedestrian,12,12 Clock Point
43,Puerto Rico,430115,1,1,79,Ran off Roadway - Direction Unknown,55,Non-Harmful Event
43,Puerto Rico,430115,1,2,39,Wall,12,12 Clock Point
43,Puerto Rico,430116,1,1,14,Parked Motor Vehicle,2,2 Clock Point
43,Puerto Rico,430116,1,2,1,Rollover/Overturn,0,Non-Collision
43,Puerto Rico,430116,2,1,14,Parked Motor Vehicle,7,7 Clock Point
43,Puerto Rico,430117,1,1,79,Ran off Roadway - Direction Unknown,55,Non-Harmful Event
43,Puerto Rico,430117,1,2,43,Other Fixed Object,12,12 Clock Point
43,Puerto Rico,430117,1,3,8,Pedestrian,6,6 Clock Point
43,Puerto Rico,430118,1,1,79,Ran off Roadway - Direction Unknown,55,Non-Harmful Event
43,Puerto Rico,430118,1,2,35,Embankment,12,12 Clock Point
43,Puerto Rico,430118,1,3,1,Rollover/Overturn,0,Non-Collision
43,Puerto Rico,430119,1,1,79,Ran off Roadway - Direction Unknown,55,Non-Harmful Event
43,Puerto Rico,430119,1,2,30,Utility Pole/Light Support,9,9 Clock Point
43,Puerto Rico,430120,1,1,8,Pedestrian,12,12 Clock Point
43,Puerto Rico,430120,1,2,8,Pedestrian,12,12 Clock Point
43,Puerto Rico,430121,1,1,8,Pedestrian,12,12 Clock Point
43,Puerto Rico,430122,1,1,79,Ran off Roadway - Direction Unknown,55,Non-Harmful Event
43,Puerto Rico,430122,1,2,14,Parked Motor Vehicle,5,5 Clock Point
43,Puerto Rico,430122,1,3,30,Utility Pole/Light Support,5,5 Clock Point
43,Puerto Rico,430122,2,1,14,Parked Motor Vehicle,7,7 Clock Point
43,Puerto Rico,430123,1,1,79,Ran off Roadway - Direction Unknown,55,Non-Harmful Event
43,Puerto Rico,430123,1,2,43,Other Fixed Object,2,2 Clock Point
43,Puerto Rico,430123,1,3,43,Other Fixed Object,12,12 Clock Point
43,Puerto Rico,430123,1,4,1,Rollover/Overturn,0,Non-Collision
43,Puerto Rico,430124,1,1,79,Ran off Roadway - Direction Unknown,55,Non-Harmful Event
43,Puerto Rico,430124,1,2,39,Wall,12,12 Clock Point
43,Puerto Rico,430124,1,3,1,Rollover/Overturn,0,Non-Collision
43,Puerto Rico,430124,1,4,2,Fire/Explosion,0,Non-Collision
43,Puerto Rico,430125,1,1,79,Ran off Roadway - Direction Unknown,55,Non-Harmful Event
43,Puerto Rico,430125,1,2,42,Tree (Standing Only),2,2 Clock Point
43,Puerto Rico,430126,1,1,8,Pedestrian,12,12 Clock Point
43,Puerto Rico,430127,1,1,9,Pedalcyclist,12,12 Clock Point
43,Puerto Rico,430128,1,1,79,Ran off Roadway - Direction Unknown,55,Non-Harmful Event
43,Puerto Rico,430128,1,2,38,Fence,9,9 Clock Point
43,Puerto Rico,430129,1,1,79,Ran off Roadway - Direction Unknown,55,Non-Harmful Event
43,Puerto Rico,430129,1,2,42,Tree (Standing Only),2,2 Clock Point
43,Puerto Rico,430129,1,3,12,Motor Vehicle In-Transport,11,11 Clock Point
43,Puerto Rico,430129,2,1,12,Motor Vehicle In-Transport,2,2 Clock Point
43,Puerto Rico,430130,1,1,79,Ran off Roadway - Direction Unknown,55,Non-Harmful Event
43,Puerto Rico,430130,1,2,42,Tree (Standing Only),9,9 Clock Point
43,Puerto Rico,430131,1,1,8,Pedestrian,2,2 Clock Point
43,Puerto Rico,430132,1,1,12,Motor Vehicle In-Transport,12,12 Clock Point
43,Puerto Rico,430132,1,2,1,Rollover/Overturn,0,Non-Collision
43,Puerto Rico,430132,2,1,12,Motor Vehicle In-Transport,9,9 Clock Point
43,Puerto Rico,430133,1,1,79,Ran off Roadway - Direction Unknown,55,Non-Harmful Event
43,Puerto Rico,430133,1,2,12,Motor Vehicle In-Transport,11,11 Clock Point
43,Puerto Rico,430133,1,3,42,Tree (Standing Only),12,12 Clock Point
43,Puerto Rico,430133,1,4,1,Rollover/Overturn,0,Non-Collision
43,Puerto Rico,430133,1,5,39,Wall,12,12 Clock Point
43,Puerto Rico,430133,2,1,12,Motor Vehicle In-Transport,5,5 Clock Point
43,Puerto Rico,430134,1,1,9,Pedalcyclist,12,12 Clock Point
43,Puerto Rico,430135,1,1,12,Motor Vehicle In-Transport,12,12 Clock Point
43,Puerto Rico,430135,2,1,12,Motor Vehicle In-Transport,12,12 Clock Point
43,Puerto Rico,430136,1,1,12,Motor Vehicle In-Transport,3,3 Clock Point
43,Puerto Rico,430136,2,1,12,Motor Vehicle In-Transport,12,12 Clock Point
43,Puerto Rico,430137,1,1,12,Motor Vehicle In-Transport,11,11 Clock Point
43,Puerto Rico,430137,2,1,12,Motor Vehicle In-Transport,11,11 Clock Point
43,Puerto Rico,430138,1,1,79,Ran off Roadway - Direction Unknown,55,Non-Harmful Event
43,Puerto Rico,430138,1,2,25,Concrete Traffic Barrier,3,3 Clock Point
43,Puerto Rico,430138,1,3,42,Tree (Standing Only),12,12 Clock Point
43,Puerto Rico,430139,1,1,12,Motor Vehicle In-Transport,3,3 Clock Point
43,Puerto Rico,430139,2,1,12,Motor Vehicle In-Transport,12,12 Clock Point
43,Puerto Rico,430140,1,1,8,Pedestrian,11,11 Clock Point
43,Puerto Rico,430141,1,1,7,Other Non-Collision,0,Non-Collision
43,Puerto Rico,430142,1,1,79,Ran off Roadway - Direction Unknown,55,Non-Harmful Event
43,Puerto Rico,430142,1,2,30,Utility Pole/Light Support,9,9 Clock Point
43,Puerto Rico,430142,1,3,42,Tree (Standing Only),12,12 Clock Point
43,Puerto Rico,430143,1,1,14,Parked Motor Vehicle,2,2 Clock Point
43,Puerto Rico,430143,2,1,14,Parked Motor Vehicle,12,12 Clock Point
43,Puerto Rico,430144,1,1,79,Ran off Roadway - Direction Unknown,55,Non-Harmful Event
43,Puerto Rico,430144,1,2,25,Concrete Traffic Barrier,12,12 Clock Point
43,Puerto Rico,430145,1,1,12,Motor Vehicle In-Transport,1,1 Clock Point
43,Puerto Rico,430145,2,1,12,Motor Vehicle In-Transport,1,1 Clock Point
43,Puerto Rico,430146,1,1,8,Pedestrian,12,12 Clock Point
43,Puerto Rico,430147,1,1,79,Ran off Roadway - Direction Unknown,55,Non-Harmful Event
43,Puerto Rico,430147,1,2,43,Other Fixed Object,12,12 Clock Point
43,Puerto Rico,430147,1,3,30,Utility Pole/Light Support,9,9 Clock Point
43,Puerto Rico,430148,1,1,8,Pedestrian,12,12 Clock Point
43,Puerto Rico,430149,1,1,8,Pedestrian,1,1 Clock Point
43,Puerto Rico,430150,1,1,79,Ran off Roadway - Direction Unknown,55,Non-Harmful Event
43,Puerto Rico,430150,1,2,12,Motor Vehicle In-Transport,12,12 Clock Point
43,Puerto Rico,430150,1,3,30,Utility Pole/Light Support,1,1 Clock Point
43,Puerto Rico,430150,2,1,12,Motor Vehicle In-Transport,6,6 Clock Point
43,Puerto Rico,430151,1,1,8,Pedestrian,12,12 Clock Point
43,Puerto Rico,430152,1,1,8,Pedestrian,12,12 Clock Point
43,Puerto Rico,430153,1,1,12,Motor Vehicle In-Transport,3,3 Clock Point
43,Puerto Rico,430153,2,1,12,Motor Vehicle In-Transport,9,9 Clock Point
43,Puerto Rico,430154,1,1,8,Pedestrian,2,2 Clock Point
43,Puerto Rico,430155,1,1,79,Ran off Roadway - Direction Unknown,55,Non-Harmful Event
43,Puerto Rico,430155,1,2,25,Concrete Traffic Barrier,3,3 Clock Point
43,Puerto Rico,430155,1,3,25,Concrete Traffic Barrier,10,10 Clock Point
43,Puerto Rico,430156,1,1,8,Pedestrian,2,2 Clock Point
43,Puerto Rico,430157,1,1,79,Ran off Roadway - Direction Unknown,55,Non-Harmful Event
43,Puerto Rico,430157,1,2,30,Utility Pole/Light Support,12,12 Clock Point
43,Puerto Rico,430158,1,1,8,Pedestrian,2,2 Clock Point
43,Puerto Rico,430159,1,1,8,Pedestrian,12,12 Clock Point
43,Puerto Rico,430160,1,1,12,Motor Vehicle In-Transport,12,12 Clock Point
43,Puerto Rico,430160,2,1,12,Motor Vehicle In-Transport,6,6 Clock Point
43,Puerto Rico,430161,1,1,8,Pedestrian,12,12 Clock Point
43,Puerto Rico,430161,1,2,8,Pedestrian,12,12 Clock Point
43,Puerto Rico,430161,1,3,8,Pedestrian,12,12 Clock Point
43,Puerto Rico,430161,1,4,8,Pedestrian,12,12 Clock Point
43,Puerto Rico,430162,1,1,79,Ran off Roadway - Direction Unknown,55,Non-Harmful Event
43,Puerto Rico,430162,1,2,38,Fence,3,3 Clock Point
43,Puerto Rico,430162,1,3,42,Tree (Standing Only),12,12 Clock Point
43,Puerto Rico,430163,1,1,79,Ran off Roadway - Direction Unknown,55,Non-Harmful Event
43,Puerto Rico,430163,1,2,43,Other Fixed Object,12,12 Clock Point
43,Puerto Rico,430163,1,3,38,Fence,12,12 Clock Point
43,Puerto Rico,430164,1,1,12,Motor Vehicle In-Transport,9,9 Clock Point
43,Puerto Rico,430164,2,1,12,Motor Vehicle In-Transport,12,12 Clock Point
43,Puerto Rico,430165,1,1,14,Parked Motor Vehicle,2,2 Clock Point
43,Puerto Rico,430165,2,1,14,Parked Motor Vehicle,6,6 Clock Point
43,Puerto Rico,430166,1,1,8,Pedestrian,2,2 Clock Point
43,Puerto Rico,430167,1,1,8,Pedestrian,11,11 Clock Point
43,Puerto Rico,430168,1,1,79,Ran off Roadway - Direction Unknown,55,Non-Harmful Event
43,Puerto Rico,430168,1,2,25,Concrete Traffic Barrier,12,12 Clock Point
43,Puerto Rico,430169,1,1,12,Motor Vehicle In-Transport,12,12 Clock Point
43,Puerto Rico,430169,2,1,12,Motor Vehicle In-Transport,12,12 Clock Point
43,Puerto Rico,430170,1,1,8,Pedestrian,12,12 Clock Point
43,Puerto Rico,430171,1,1,9,Pedalcyclist,12,12 Clock Point
43,Puerto Rico,430172,1,1,79,Ran off Roadway - Direction Unknown,55,Non-Harmful Event
43,Puerto Rico,430172,1,2,30,Utility Pole/Light Support,12,12 Clock Point
43,Puerto Rico,430173,1,1,12,Motor Vehicle In-Transport,12,12 Clock Point
43,Puerto Rico,430173,2,1,12,Motor Vehicle In-Transport,6,6 Clock Point
43,Puerto Rico,430173,2,2,79,Ran off Roadway - Direction Unknown,55,Non-Harmful Event
43,Puerto Rico,430173,2,3,25,Concrete Traffic Barrier,12,12 Clock Point
43,Puerto Rico,430174,1,1,8,Pedestrian,12,12 Clock Point
43,Puerto Rico,430175,1,1,8,Pedestrian,12,12 Clock Point
43,Puerto Rico,430176,1,1,12,Motor Vehicle In-Transport,11,11 Clock Point
43,Puerto Rico,430176,2,1,12,Motor Vehicle In-Transport,11,11 Clock Point
43,Puerto Rico,430176,2,2,12,Motor Vehicle In-Transport,12,12 Clock Point
43,Puerto Rico,430176,3,1,12,Motor Vehicle In-Transport,12,12 Clock Point
43,Puerto Rico,430177,1,1,79,Ran off Roadway - Direction Unknown,55,Non-Harmful Event
43,Puerto Rico,430177,1,2,25,Concrete Traffic Barrier,12,12 Clock Point
43,Puerto Rico,430178,1,1,12,Motor Vehicle In-Transport,9,9 Clock Point
43,Puerto Rico,430178,2,1,12,Motor Vehicle In-Transport,12,12 Clock Point
43,Puerto Rico,430179,1,1,12,Motor Vehicle In-Transport,12,12 Clock Point
43,Puerto Rico,430179,2,1,12,Motor Vehicle In-Transport,12,12 Clock Point
43,Puerto Rico,430180,1,1,8,Pedestrian,12,12 Clock Point
43,Puerto Rico,430181,1,1,12,Motor Vehicle In-Transport,5,5 Clock Point
43,Puerto Rico,430181,2,1,12,Motor Vehicle In-Transport,12,12 Clock Point
43,Puerto Rico,430182,1,1,12,Motor Vehicle In-Transport,3,3 Clock Point
43,Puerto Rico,430182,1,2,12,Motor Vehicle In-Transport,12,12 Clock Point
43,Puerto Rico,430182,2,1,12,Motor Vehicle In-Transport,9,9 Clock Point
43,Puerto Rico,430182,3,1,12,Motor Vehicle In-Transport,3,3 Clock Point
43,Puerto Rico,430182,3,2,12,Motor Vehicle In-Transport,9,9 Clock Point
43,Puerto Rico,430182,3,3,12,Motor Vehicle In-Transport,7,7 Clock Point
43,Puerto Rico,430182,4,1,12,Motor Vehicle In-Transport,12,12 Clock Point
43,Puerto Rico,430182,5,1,12,Motor Vehicle In-Transport,12,12 Clock Point
43,Puerto Rico,430183,1,1,9,Pedalcyclist,12,12 Clock Point
43,Puerto Rico,430184,1,1,8,Pedestrian,5,5 Clock Point
43,Puerto Rico,430185,1,1,79,Ran off Roadway - Direction Unknown,55,Non-Harmful Event
43,Puerto Rico,430185,1,2,12,Motor Vehicle In-Transport,12,12 Clock Point
43,Puerto Rico,430185,1,3,38,Fence,9,9 Clock Point
43,Puerto Rico,430185,1,4,8,Pedestrian,12,12 Clock Point
43,Puerto Rico,430185,1,5,38,Fence,10,10 Clock Point
43,Puerto Rico,430185,2,1,12,Motor Vehicle In-Transport,6,6 Clock Point
43,Puerto Rico,430186,1,1,12,Motor Vehicle In-Transport,9,9 Clock Point
43,Puerto Rico,430186,2,1,12,Motor Vehicle In-Transport,12,12 Clock Point
43,Puerto Rico,430187,1,1,8,Pedestrian,12,12 Clock Point
43,Puerto Rico,430188,1,1,8,Pedestrian,12,12 Clock Point
43,Puerto Rico,430189,1,1,12,Motor Vehicle In-Transport,12,12 Clock Point
43,Puerto Rico,430189,2,1,12,Motor Vehicle In-Transport,12,12 Clock Point
43,Puerto Rico,430190,1,1,8,Pedestrian,2,2 Clock Point
43,Puerto Rico,430191,1,1,8,Pedestrian,12,12 Clock Point
43,Puerto Rico,430192,1,1,8,Pedestrian,12,12 Clock Point
43,Puerto Rico,430193,1,1,5,Fell/Jumped from Vehicle,0,Non-Collision
43,Puerto Rico,430194,1,1,79,Ran off Roadway - Direction Unknown,55,Non-Harmful Event
43,Puerto Rico,430194,1,2,42,Tree (Standing Only),3,3 Clock Point
43,Puerto Rico,430195,1,1,12,Motor Vehicle In-Transport,3,3 Clock Point
43,Puerto Rico,430195,2,1,12,Motor Vehicle In-Transport,12,12 Clock Point
43,Puerto Rico,430196,1,1,8,Pedestrian,12,12 Clock Point
43,Puerto Rico,430196,1,2,8,Pedestrian,12,12 Clock Point
43,Puerto Rico,430197,1,1,1,Rollover/Overturn,0,Non-Collision
43,Puerto Rico,430198,1,1,8,Pedestrian,1,1 Clock Point
43,Puerto Rico,430199,1,1,12,Motor Vehicle In-Transport,9,9 Clock Point
43,Puerto Rico,430199,2,1,12,Motor Vehicle In-Transport,12,12 Clock Point
43,Puerto Rico,430200,1,1,79,Ran off Roadway - Direction Unknown,55,Non-Harmful Event
43,Puerto Rico,430200,1,2,39,Wall,1,1 Clock Point
43,Puerto Rico,430200,1,3,14,Parked Motor Vehicle,12,12 Clock Point
43,Puerto Rico,430200,1,4,1,Rollover/Overturn,0,Non-Collision
43,Puerto Rico,430200,2,1,14,Parked Motor Vehicle,12,12 Clock Point
43,Puerto Rico,430201,1,1,12,Motor Vehicle In-Transport,12,12 Clock Point
43,Puerto Rico,430201,2,1,12,Motor Vehicle In-Transport,12,12 Clock Point
43,Puerto Rico,430202,1,1,8,Pedestrian,2,2 Clock Point
43,Puerto Rico,430203,1,1,8,Pedestrian,12,12 Clock Point
43,Puerto Rico,430204,1,1,1,Rollover/Overturn,0,Non-Collision
43,Puerto Rico,430205,1,1,79,Ran off Roadway - Direction Unknown,55,Non-Harmful Event
43,Puerto Rico,430205,1,2,30,Utility Pole/Light Support,12,12 Clock Point
43,Puerto Rico,430206,1,1,79,Ran off Roadway - Direction Unknown,55,Non-Harmful Event
43,Puerto Rico,430206,1,2,42,Tree (Standing Only),12,12 Clock Point
43,Puerto Rico,430207,1,1,9,Pedalcyclist,12,12 Clock Point
43,Puerto Rico,430208,1,1,8,Pedestrian,2,2 Clock Point
43,Puerto Rico,430209,1,1,12,Motor Vehicle In-Transport,12,12 Clock Point
43,Puerto Rico,430209,2,1,12,Motor Vehicle In-Transport,9,9 Clock Point
43,Puerto Rico,430209,2,2,79,Ran off Roadway - Direction Unknown,55,Non-Harmful Event
43,Puerto Rico,430209,2,3,30,Utility Pole/Light Support,3,3 Clock Point
43,Puerto Rico,430210,1,1,8,Pedestrian,12,12 Clock Point
43,Puerto Rico,430212,1,1,12,Motor Vehicle In-Transport,12,12 Clock Point
43,Puerto Rico,430212,2,1,12,Motor Vehicle In-Transport,12,12 Clock Point
43,Puerto Rico,430214,1,1,79,Ran off Roadway - Direction Unknown,55,Non-Harmful Event
43,Puerto Rico,430214,1,2,42,Tree (Standing Only),12,12 Clock Point
43,Puerto Rico,430214,1,3,42,Tree (Standing Only),12,12 Clock Point
43,Puerto Rico,430215,1,1,12,Motor Vehicle In-Transport,12,12 Clock Point
43,Puerto Rico,430215,1,2,8,Pedestrian,12,12 Clock Point
43,Puerto Rico,430215,1,3,8,Pedestrian,12,12 Clock Point
43,Puerto Rico,430215,2,1,12,Motor Vehicle In-Transport,6,6 Clock Point
43,Puerto Rico,430216,1,1,12,Motor Vehicle In-Transport,12,12 Clock Point
43,Puerto Rico,430216,2,1,12,Motor Vehicle In-Transport,9,9 Clock Point
43,Puerto Rico,430217,1,1,12,Motor Vehicle In-Transport,12,12 Clock Point
43,Puerto Rico,430217,2,1,12,Motor Vehicle In-Transport,12,12 Clock Point
43,Puerto Rico,430218,1,1,79,Ran off Roadway - Direction Unknown,55,Non-Harmful Event
43,Puerto Rico,430218,1,2,30,Utility Pole/Light Support,3,3 Clock Point
43,Puerto Rico,430219,1,1,9,Pedalcyclist,11,11 Clock Point
43,Puerto Rico,430220,1,1,8,Pedestrian,12,12 Clock Point
43,Puerto Rico,430221,1,1,12,Motor Vehicle In-Transport,9,9 Clock Point
43,Puerto Rico,430221,2,1,12,Motor Vehicle In-Transport,12,12 Clock Point
43,Puerto Rico,430222,1,1,12,Motor Vehicle In-Transport,12,12 Clock Point
43,Puerto Rico,430222,2,1,12,Motor Vehicle In-Transport,9,9 Clock Point
43,Puerto Rico,430223,1,1,8,Pedestrian,12,12 Clock Point
43,Puerto Rico,430224,1,1,8,Pedestrian,12,12 Clock Point
43,Puerto Rico,430225,1,1,79,Ran off Roadway - Direction Unknown,55,Non-Harmful Event
43,Puerto Rico,430225,1,2,42,Tree (Standing Only),12,12 Clock Point
43,Puerto Rico,430226,1,1,79,Ran off Roadway - Direction Unknown,55,Non-Harmful Event
43,Puerto Rico,430226,1,2,30,Utility Pole/Light Support,12,12 Clock Point
43,Puerto Rico,430227,1,1,8,Pedestrian,12,12 Clock Point
43,Puerto Rico,430228,1,1,12,Motor Vehicle In-Transport,9,9 Clock Point
43,Puerto Rico,430228,2,1,12,Motor Vehicle In-Transport,12,12 Clock Point
43,Puerto Rico,430229,1,1,8,Pedestrian,5,5 Clock Point
43,Puerto Rico,430230,1,1,79,Ran off Roadway - Direction Unknown,55,Non-Harmful Event
43,Puerto Rico,430230,1,2,25,Concrete Traffic Barrier,12,12 Clock Point
43,Puerto Rico,430231,1,1,12,Motor Vehicle In-Transport,12,12 Clock Point
43,Puerto Rico,430231,2,1,12,Motor Vehicle In-Transport,7,7 Clock Point
43,Puerto Rico,430232,1,1,8,Pedestrian,12,12 Clock Point
43,Puerto Rico,430233,1,1,12,Motor Vehicle In-Transport,12,12 Clock Point
43,Puerto Rico,430233,2,1,12,Motor Vehicle In-Transport,6,6 Clock Point
43,Puerto Rico,430233,2,2,79,Ran off Roadway - Direction Unknown,55,Non-Harmful Event
43,Puerto Rico,430233,2,3,25,Concrete Traffic Barrier,3,3 Clock Point
43,Puerto Rico,430233,2,4,2,Fire/Explosion,0,Non-Collision
43,Puerto Rico,430234,1,1,12,Motor Vehicle In-Transport,3,3 Clock Point
43,Puerto Rico,430234,1,2,1,Rollover/Overturn,0,Non-Collision
43,Puerto Rico,430234,2,1,12,Motor Vehicle In-Transport,12,12 Clock Point
43,Puerto Rico,430235,1,1,8,Pedestrian,12,12 Clock Point
43,Puerto Rico,430236,1,1,8,Pedestrian,12,12 Clock Point
43,Puerto Rico,430236,1,2,8,Pedestrian,12,12 Clock Point
43,Puerto Rico,430236,1,3,8,Pedestrian,12,12 Clock Point
43,Puerto Rico,430237,1,1,12,Motor Vehicle In-Transport,12,12 Clock Point
43,Puerto Rico,430237,1,2,12,Motor Vehicle In-Transport,7,7 Clock Point
43,Puerto Rico,430237,2,1,12,Motor Vehicle In-Transport,6,6 Clock Point
43,Puerto Rico,430237,2,2,12,Motor Vehicle In-Transport,12,12 Clock Point
43,Puerto Rico,430237,3,1,12,Motor Vehicle In-Transport,6,6 Clock Point
43,Puerto Rico,430237,4,1,12,Motor Vehicle In-Transport,2,2 Clock Point
43,Puerto Rico,430238,1,1,8,Pedestrian,12,12 Clock Point
43,Puerto Rico,430239,1,1,8,Pedestrian,12,12 Clock Point
43,Puerto Rico,430240,1,1,9,Pedalcyclist,12,12 Clock Point
43,Puerto Rico,430241,1,1,8,Pedestrian,12,12 Clock Point
43,Puerto Rico,430241,1,2,8,Pedestrian,12,12 Clock Point
43,Puerto Rico,430242,1,1,12,Motor Vehicle In-Transport,12,12 Clock Point
43,Puerto Rico,430242,1,2,1,Rollover/Overturn,0,Non-Collision
43,Puerto Rico,430242,2,1,12,Motor Vehicle In-Transport,12,12 Clock Point
43,Puerto Rico,430243,1,1,12,Motor Vehicle In-Transport,9,9 Clock Point
43,Puerto Rico,430243,2,1,12,Motor Vehicle In-Transport,3,3 Clock Point
43,Puerto Rico,430243,2,2,8,Pedestrian,6,6 Clock Point
43,Puerto Rico,430243,2,3,8,Pedestrian,6,6 Clock Point
43,Puerto Rico,430243,2,4,8,Pedestrian,6,6 Clock Point
43,Puerto Rico,430244,1,1,14,Parked Motor Vehicle,12,12 Clock Point
43,Puerto Rico,430244,1,2,8,Pedestrian,12,12 Clock Point
43,Puerto Rico,430244,1,3,8,Pedestrian,12,12 Clock Point
43,Puerto Rico,430244,2,1,14,Parked Motor Vehicle,6,6 Clock Point
43,Puerto Rico,430245,1,1,79,Ran off Roadway - Direction Unknown,55,Non-Harmful Event
43,Puerto Rico,430245,1,2,30,Utility Pole/Light Support,12,12 Clock Point
43,Puerto Rico,430245,1,3,42,Tree (Standing Only),12,12 Clock Point
43,Puerto Rico,430246,1,1,8,Pedestrian,12,12 Clock Point
43,Puerto Rico,430247,1,1,12,Motor Vehicle In-Transport,12,12 Clock Point
43,Puerto Rico,430247,2,1,12,Motor Vehicle In-Transport,6,6 Clock Point
43,Puerto Rico,430248,1,1,12,Motor Vehicle In-Transport,3,3 Clock Point
43,Puerto Rico,430248,2,1,12,Motor Vehicle In-Transport,12,12 Clock Point
43,Puerto Rico,430249,1,1,12,Motor Vehicle In-Transport,12,12 Clock Point
43,Puerto Rico,430249,2,1,12,Motor Vehicle In-Transport,12,12 Clock Point
43,Puerto Rico,430250,1,1,8,Pedestrian,12,12 Clock Point
43,Puerto Rico,430251,1,1,14,Parked Motor Vehicle,12,12 Clock Point
43,Puerto Rico,430251,1,2,8,Pedestrian,12,12 Clock Point
43,Puerto Rico,430251,2,1,14,Parked Motor Vehicle,6,6 Clock Point
43,Puerto Rico,430252,1,1,1,Rollover/Overturn,0,Non-Collision
43,Puerto Rico,430252,1,2,79,Ran off Roadway - Direction Unknown,55,Non-Harmful Event
43,Puerto Rico,430252,1,3,30,Utility Pole/Light Support,13,Top
43,Puerto Rico,430253,1,1,79,Ran off Roadway - Direction Unknown,55,Non-Harmful Event
43,Puerto Rico,430253,1,2,35,Embankment,12,12 Clock Point
43,Puerto Rico,430254,1,1,1,Rollover/Overturn,0,Non-Collision
43,Puerto Rico,430254,1,2,79,Ran off Roadway - Direction Unknown,55,Non-Harmful Event
43,Puerto Rico,430254,1,3,42,Tree (Standing Only),13,Top
43,Puerto Rico,430255,1,1,12,Motor Vehicle In-Transport,12,12 Clock Point
43,Puerto Rico,430255,2,1,12,Motor Vehicle In-Transport,6,6 Clock Point
43,Puerto Rico,430256,1,1,79,Ran off Roadway - Direction Unknown,55,Non-Harmful Event
43,Puerto Rico,430256,1,2,30,Utility Pole/Light Support,9,9 Clock Point
43,Puerto Rico,430256,1,3,1,Rollover/Overturn,0,Non-Collision
43,Puerto Rico,430257,1,1,8,Pedestrian,1,1 Clock Point
43,Puerto Rico,430258,1,1,12,Motor Vehicle In-Transport,11,11 Clock Point
43,Puerto Rico,430258,2,1,12,Motor Vehicle In-Transport,11,11 Clock Point
43,Puerto Rico,430259,1,1,79,Ran off Roadway - Direction Unknown,55,Non-Harmful Event
43,Puerto Rico,430259,1,2,30,Utility Pole/Light Support,12,12 Clock Point
43,Puerto Rico,430259,1,3,1,Rollover/Overturn,0,Non-Collision
43,Puerto Rico,430260,1,1,12,Motor Vehicle In-Transport,12,12 Clock Point
43,Puerto Rico,430260,1,2,79,Ran off Roadway - Direction Unknown,55,Non-Harmful Event
43,Puerto Rico,430260,1,3,42,Tree (Standing Only),12,12 Clock Point
43,Puerto Rico,430260,2,1,12,Motor Vehicle In-Transport,6,6 Clock Point
43,Puerto Rico,430261,1,1,12,Motor Vehicle In-Transport,12,12 Clock Point
43,Puerto Rico,430261,2,1,12,Motor Vehicle In-Transport,12,12 Clock Point
43,Puerto Rico,430262,1,1,79,Ran off Roadway - Direction Unknown,55,Non-Harmful Event
43,Puerto Rico,430262,1,2,33,Curb,1,1 Clock Point
43,Puerto Rico,430262,1,3,8,Pedestrian,12,12 Clock Point
43,Puerto Rico,430262,1,4,8,Pedestrian,12,12 Clock Point
43,Puerto Rico,430263,1,1,9,Pedalcyclist,12,12 Clock Point
43,Puerto Rico,430264,1,1,8,Pedestrian,12,12 Clock Point
43,Puerto Rico,430265,1,1,8,Pedestrian,11,11 Clock Point
43,Puerto Rico,430266,1,1,12,Motor Vehicle In-Transport,12,12 Clock Point
43,Puerto Rico,430266,2,1,12,Motor Vehicle In-Transport,12,12 Clock Point
43,Puerto Rico,430267,1,1,79,Ran off Roadway - Direction Unknown,55,Non-Harmful Event
43,Puerto Rico,430267,1,2,25,Concrete Traffic Barrier,12,12 Clock Point
43,Puerto Rico,430268,1,1,79,Ran off Roadway - Direction Unknown,55,Non-Harmful Event
43,Puerto Rico,430268,1,2,42,Tree (Standing Only),3,3 Clock Point
43,Puerto Rico,430268,1,3,30,Utility Pole/Light Support,9,9 Clock Point
43,Puerto Rico,430269,1,1,12,Motor Vehicle In-Transport,7,7 Clock Point
43,Puerto Rico,430269,1,2,12,Motor Vehicle In-Transport,12,12 Clock Point
43,Puerto Rico,430269,2,1,12,Motor Vehicle In-Transport,5,5 Clock Point
43,Puerto Rico,430269,3,1,12,Motor Vehicle In-Transport,6,6 Clock Point
43,Puerto Rico,430270,1,1,8,Pedestrian,11,11 Clock Point
43,Puerto Rico,430271,1,1,79,Ran off Roadway - Direction Unknown,55,Non-Harmful Event
43,Puerto Rico,430271,1,2,38,Fence,3,3 Clock Point
43,Puerto Rico,430271,1,3,30,Utility Pole/Light Support,9,9 Clock Point
43,Puerto Rico,430272,1,1,79,Ran off Roadway - Direction Unknown,55,Non-Harmful Event
43,Puerto Rico,430272,1,2,30,Utility Pole/Light Support,9,9 Clock Point
43,Puerto Rico,430272,1,3,43,Other Fixed Object,12,12 Clock Point
43,Puerto Rico,430273,1,1,8,Pedestrian,12,12 Clock Point
43,Puerto Rico,430274,1,1,7,Other Non-Collision,0,Non-Collision
43,Puerto Rico,430275,1,1,12,Motor Vehicle In-Transport,12,12 Clock Point
43,Puerto Rico,430275,2,1,12,Motor Vehicle In-Transport,6,6 Clock Point
43,Puerto Rico,430276,1,1,5,Fell/Jumped from Vehicle,0,Non-Collision
43,Puerto Rico,430277,1,1,8,Pedestrian,1,1 Clock Point
43,Puerto Rico,430278,1,1,15,Non-Motorist on Personal Conveyance,12,12 Clock Point
43,Puerto Rico,430279,1,1,79,Ran off Roadway - Direction Unknown,55,Non-Harmful Event
43,Puerto Rico,430279,1,2,30,Utility Pole/Light Support,9,9 Clock Point
43,Puerto Rico,430279,1,3,9,Pedalcyclist,3,3 Clock Point
43,Puerto Rico,430280,1,1,8,Pedestrian,12,12 Clock Point
43,Puerto Rico,430281,1,1,8,Pedestrian,1,1 Clock Point
43,Puerto Rico,430282,1,1,8,Pedestrian,11,11 Clock Point
43,Puerto Rico,430283,1,1,12,Motor Vehicle In-Transport,12,12 Clock Point
43,Puerto Rico,430283,2,1,12,Motor Vehicle In-Transport,12,12 Clock Point
43,Puerto Rico,430284,1,1,8,Pedestrian,12,12 Clock Point
43,Puerto Rico,430285,1,1,79,Ran off Roadway - Direction Unknown,55,Non-Harmful Event
43,Puerto Rico,430285,1,2,30,Utility Pole/Light Support,12,12 Clock Point
43,Puerto Rico,430286,1,1,5,Fell/Jumped from Vehicle,0,Non-Collision
43,Puerto Rico,430287,1,1,79,Ran off Roadway - Direction Unknown,55,Non-Harmful Event
43,Puerto Rico,430287,1,2,30,Utility Pole/Light Support,2,2 Clock Point
43,Puerto Rico,430288,1,1,8,Pedestrian,12,12 Clock Point
43,Puerto Rico,430289,1,1,79,Ran off Roadway - Direction Unknown,55,Non-Harmful Event
43,Puerto Rico,430289,1,2,42,Tree (Standing Only),12,12 Clock Point
43,Puerto Rico,430290,1,1,12,Motor Vehicle In-Transport,12,12 Clock Point
43,Puerto Rico,430290,2,1,12,Motor Vehicle In-Transport,9,9 Clock Point
43,Puerto Rico,430291,1,1,12,Motor Vehicle In-Transport,12,12 Clock Point
43,Puerto Rico,430291,2,1,12,Motor Vehicle In-Transport,12,12 Clock Point
43,Puerto Rico,430292,1,1,15,Non-Motorist on Personal Conveyance,12,12 Clock Point
43,Puerto Rico,430293,1,1,12,Motor Vehicle In-Transport,9,9 Clock Point
43,Puerto Rico,430293,2,1,12,Motor Vehicle In-Transport,12,12 Clock Point
43,Puerto Rico,430294,1,1,79,Ran off Roadway - Direction Unknown,55,Non-Harmful Event
43,Puerto Rico,430294,1,2,38,Fence,12,12 Clock Point
43,Puerto Rico,430294,1,3,1,Rollover/Overturn,0,Non-Collision
43,Puerto Rico,430295,1,1,8,Pedestrian,2,2 Clock Point
43,Puerto Rico,430296,1,1,8,Pedestrian,12,12 Clock Point
43,Puerto Rico,430297,1,1,7,Other Non-Collision,0,Non-Collision
43,Puerto Rico,430298,1,1,8,Pedestrian,12,12 Clock Point
43,Puerto Rico,430299,1,1,12,Motor Vehicle In-Transport,12,12 Clock Point
43,Puerto Rico,430299,2,1,12,Motor Vehicle In-Transport,6,6 Clock Point
43,Puerto Rico,430300,1,1,79,Ran off Roadway - Direction Unknown,55,Non-Harmful Event
43,Puerto Rico,430300,1,2,12,Motor Vehicle In-Transport,12,12 Clock Point
43,Puerto Rico,430300,1,3,25,Concrete Traffic Barrier,3,3 Clock Point
43,Puerto Rico,430300,2,1,12,Motor Vehicle In-Transport,6,6 Clock Point
43,Puerto Rico,430301,1,1,5,Fell/Jumped from Vehicle,0,Non-Collision
43,Puerto Rico,430302,1,1,12,Motor Vehicle In-Transport,12,12 Clock Point
43,Puerto Rico,430302,2,1,12,Motor Vehicle In-Transport,6,6 Clock Point
