STATE,STATENAME,ST_CASE,CRASHRF,CRASHRFNAME
43,Puerto Rico,430001,0,None Noted
43,Puerto Rico,430002,0,None Noted
43,Puerto Rico,430003,0,None Noted
43,Puerto Rico,430004,0,None Noted
43,Puerto Rico,430005,0,None Noted
43,Puerto Rico,430006,0,None Noted
43,Puerto Rico,430007,0,None Noted
43,Puerto Rico,430008,0,None Noted
43,Puerto Rico,430009,0,None Noted
43,Puerto Rico,430010,0,None Noted
43,Puerto Rico,430011,0,None Noted
43,Puerto Rico,430012,0,None Noted
43,Puerto Rico,430013,0,None Noted
43,Puerto Rico,430014,0,None Noted
43,Puerto Rico,430015,0,None Noted
43,Puerto Rico,430016,0,None Noted
43,Puerto Rico,430017,0,None Noted
43,Puerto Rico,430018,0,None Noted
43,Puerto Rico,430019,0,None Noted
43,Puerto Rico,430020,0,None Noted
43,Puerto Rico,430021,0,None Noted
43,Puerto Rico,430022,0,None Noted
43,Puerto Rico,430023,0,None Noted
43,Puerto Rico,430024,0,None Noted
43,Puerto Rico,430025,0,None Noted
43,Puerto Rico,430026,0,None Noted
43,Puerto Rico,430027,0,None Noted
43,Puerto Rico,430028,0,None Noted
43,Puerto Rico,430029,0,None Noted
43,Puerto Rico,430030,0,None Noted
43,Puerto Rico,430031,0,None Noted
43,Puerto Rico,430032,0,None Noted
43,Puerto Rico,430033,0,None Noted
43,Puerto Rico,430034,0,None Noted
43,Puerto Rico,430035,0,None Noted
43,Puerto Rico,430036,0,None Noted
43,Puerto Rico,430037,0,None Noted
43,Puerto Rico,430038,0,None Noted
43,Puerto Rico,430039,0,None Noted
43,Puerto Rico,430040,0,None Noted
43,Puerto Rico,430041,0,None Noted
43,Puerto Rico,430042,0,None Noted
43,Puerto Rico,430043,0,None Noted
43,Puerto Rico,430044,0,None Noted
43,Puerto Rico,430045,0,None Noted
43,Puerto Rico,430046,0,None Noted
43,Puerto Rico,430047,0,None Noted
43,Puerto Rico,430048,0,None Noted
43,Puerto Rico,430049,0,None Noted
43,Puerto Rico,430050,0,None Noted
43,Puerto Rico,430051,0,None Noted
43,Puerto Rico,430052,0,None Noted
43,Puerto Rico,430053,0,None Noted
43,Puerto Rico,430054,0,None Noted
43,Puerto Rico,430055,0,None Noted
43,Puerto Rico,430056,0,None Noted
43,Puerto Rico,430057,0,None Noted
43,Puerto Rico,430058,0,None Noted
43,Puerto Rico,430059,0,None Noted
43,Puerto Rico,430060,0,None Noted
43,Puerto Rico,430061,0,None Noted
43,Puerto Rico,430062,0,None Noted
43,Puerto Rico,430063,0,None Noted
43,Puerto Rico,430064,0,None Noted
43,Puerto Rico,430065,0,None Noted
43,Puerto Rico,430066,0,None Noted
43,Puerto Rico,430067,0,None Noted
43,Puerto Rico,430068,0,None Noted
43,Puerto Rico,430069,0,None Noted
43,Puerto Rico,430070,0,None Noted
43,Puerto Rico,430071,0,None Noted
43,Puerto Rico,430072,0,None Noted
43,Puerto Rico,430073,0,None Noted
43,Puerto Rico,430074,0,None Noted
43,Puerto Rico,430075,0,None Noted
43,Puerto Rico,430076,0,None Noted
43,Puerto Rico,430077,0,None Noted
43,Puerto Rico,430078,0,None Noted
43,Puerto Rico,430079,0,None Noted
43,Puerto Rico,430080,0,None Noted
43,Puerto Rico,430081,0,None Noted
43,Puerto Rico,430082,0,None Noted
43,Puerto Rico,430083,0,None Noted
43,Puerto Rico,430084,0,None Noted
43,Puerto Rico,430085,0,None Noted
43,Puerto Rico,430086,0,None Noted
43,Puerto Rico,430087,0,None Noted
43,Puerto Rico,430088,0,None Noted
43,Puerto Rico,430089,0,None Noted
43,Puerto Rico,430090,0,None Noted
43,Puerto Rico,430091,0,None Noted
43,Puerto Rico,430092,0,None Noted
43,Puerto Rico,430093,0,None Noted
43,Puerto Rico,430094,0,None Noted
43,Puerto Rico,430095,0,None Noted
43,Puerto Rico,430096,0,None Noted
43,Puerto Rico,430097,0,None Noted
43,Puerto Rico,430098,0,None Noted
43,Puerto Rico,430099,0,None Noted
43,Puerto Rico,430100,0,None Noted
43,Puerto Rico,430101,0,None Noted
43,Puerto Rico,430102,0,None Noted
43,Puerto Rico,430103,0,None Noted
43,Puerto Rico,430104,0,None Noted
43,Puerto Rico,430105,0,None Noted
43,Puerto Rico,430106,0,None Noted
43,Puerto Rico,430107,0,None Noted
43,Puerto Rico,430108,0,None Noted
43,Puerto Rico,430109,0,None Noted
43,Puerto Rico,430110,0,None Noted
43,Puerto Rico,430111,0,None Noted
43,Puerto Rico,430112,0,None Noted
43,Puerto Rico,430113,0,None Noted
43,Puerto Rico,430114,0,None Noted
43,Puerto Rico,430115,0,None Noted
43,Puerto Rico,430116,0,None Noted
43,Puerto Rico,430117,0,None Noted
43,Puerto Rico,430118,0,None Noted
43,Puerto Rico,430119,0,None Noted
43,Puerto Rico,430120,0,None Noted
43,Puerto Rico,430121,0,None Noted
43,Puerto Rico,430122,0,None Noted
43,Puerto Rico,430123,0,None Noted
43,Puerto Rico,430124,0,None Noted
43,Puerto Rico,430125,0,None Noted
43,Puerto Rico,430126,0,None Noted
43,Puerto Rico,430127,0,None Noted
43,Puerto Rico,430128,0,None Noted
43,Puerto Rico,430129,0,None Noted
43,Puerto Rico,430130,23,Indication of a Stalled/Disabled Vehicle
43,Puerto Rico,430131,0,None Noted
43,Puerto Rico,430132,0,None Noted
43,Puerto Rico,430133,0,None Noted
43,Puerto Rico,430134,0,None Noted
43,Puerto Rico,430135,0,None Noted
43,Puerto Rico,430136,0,None Noted
43,Puerto Rico,430137,0,None Noted
43,Puerto Rico,430138,0,None Noted
43,Puerto Rico,430139,0,None Noted
43,Puerto Rico,430140,0,None Noted
43,Puerto Rico,430141,0,None Noted
43,Puerto Rico,430142,0,None Noted
43,Puerto Rico,430143,0,None Noted
43,Puerto Rico,430144,0,None Noted
43,Puerto Rico,430145,0,None Noted
43,Puerto Rico,430146,0,None Noted
43,Puerto Rico,430147,0,None Noted
43,Puerto Rico,430148,0,None Noted
43,Puerto Rico,430149,0,None Noted
43,Puerto Rico,430150,0,None Noted
43,Puerto Rico,430151,0,None Noted
43,Puerto Rico,430152,0,None Noted
43,Puerto Rico,430153,0,None Noted
43,Puerto Rico,430154,0,None Noted
43,Puerto Rico,430155,0,None Noted
43,Puerto Rico,430156,0,None Noted
43,Puerto Rico,430157,0,None Noted
43,Puerto Rico,430158,0,None Noted
43,Puerto Rico,430159,0,None Noted
43,Puerto Rico,430160,0,None Noted
43,Puerto Rico,430161,0,None Noted
43,Puerto Rico,430162,0,None Noted
43,Puerto Rico,430163,0,None Noted
43,Puerto Rico,430164,0,None Noted
43,Puerto Rico,430165,0,None Noted
43,Puerto Rico,430166,0,None Noted
43,Puerto Rico,430167,0,None Noted
43,Puerto Rico,430168,0,None Noted
43,Puerto Rico,430169,0,None Noted
43,Puerto Rico,430170,0,None Noted
43,Puerto Rico,430171,0,None Noted
43,Puerto Rico,430172,0,None Noted
43,Puerto Rico,430173,0,None Noted
43,Puerto Rico,430174,0,None Noted
43,Puerto Rico,430175,0,None Noted
43,Puerto Rico,430176,0,None Noted
43,Puerto Rico,430177,0,None Noted
43,Puerto Rico,430178,0,None Noted
43,Puerto Rico,430179,0,None Noted
43,Puerto Rico,430180,0,None Noted
43,Puerto Rico,430181,0,None Noted
43,Puerto Rico,430182,0,None Noted
43,Puerto Rico,430183,0,None Noted
43,Puerto Rico,430184,0,None Noted
43,Puerto Rico,430185,0,None Noted
43,Puerto Rico,430186,0,None Noted
43,Puerto Rico,430187,0,None Noted
43,Puerto Rico,430188,0,None Noted
43,Puerto Rico,430189,0,None Noted
43,Puerto Rico,430190,0,None Noted
43,Puerto Rico,430191,0,None Noted
43,Puerto Rico,430192,0,None Noted
43,Puerto Rico,430193,0,None Noted
43,Puerto Rico,430194,0,None Noted
43,Puerto Rico,430195,0,None Noted
43,Puerto Rico,430196,0,None Noted
43,Puerto Rico,430197,0,None Noted
43,Puerto Rico,430198,0,None Noted
43,Puerto Rico,430199,0,None Noted
43,Puerto Rico,430200,0,None Noted
43,Puerto Rico,430201,0,None Noted
43,Puerto Rico,430202,0,None Noted
43,Puerto Rico,430203,0,None Noted
43,Puerto Rico,430204,0,None Noted
43,Puerto Rico,430205,0,None Noted
43,Puerto Rico,430206,0,None Noted
43,Puerto Rico,430207,0,None Noted
43,Puerto Rico,430208,0,None Noted
43,Puerto Rico,430209,0,None Noted
43,Puerto Rico,430210,0,None Noted
43,Puerto Rico,430211,0,None Noted
43,Puerto Rico,430212,0,None Noted
43,Puerto Rico,430213,0,None Noted
43,Puerto Rico,430214,0,None Noted
43,Puerto Rico,430215,0,None Noted
43,Puerto Rico,430216,0,None Noted
43,Puerto Rico,430217,0,None Noted
43,Puerto Rico,430218,0,None Noted
43,Puerto Rico,430219,0,None Noted
43,Puerto Rico,430220,0,None Noted
43,Puerto Rico,430221,0,None Noted
43,Puerto Rico,430222,0,None Noted
43,Puerto Rico,430223,0,None Noted
43,Puerto Rico,430224,0,None Noted
43,Puerto Rico,430225,0,None Noted
43,Puerto Rico,430226,0,None Noted
43,Puerto Rico,430227,0,None Noted
43,Puerto Rico,430228,0,None Noted
43,Puerto Rico,430229,0,None Noted
43,Puerto Rico,430230,0,None Noted
43,Puerto Rico,430231,0,None Noted
43,Puerto Rico,430232,0,None Noted
43,Puerto Rico,430233,0,None Noted
43,Puerto Rico,430234,0,None Noted
43,Puerto Rico,430235,0,None Noted
43,Puerto Rico,430236,0,None Noted
43,Puerto Rico,430237,0,None Noted
43,Puerto Rico,430238,0,None Noted
43,Puerto Rico,430239,0,None Noted
43,Puerto Rico,430240,0,None Noted
43,Puerto Rico,430241,0,None Noted
43,Puerto Rico,430242,0,None Noted
43,Puerto Rico,430243,0,None Noted
43,Puerto Rico,430244,0,None Noted
43,Puerto Rico,430245,0,None Noted
43,Puerto Rico,430246,0,None Noted
43,Puerto Rico,430247,0,None Noted
43,Puerto Rico,430248,0,None Noted
43,Puerto Rico,430249,0,None Noted
43,Puerto Rico,430250,0,None Noted
43,Puerto Rico,430251,0,None Noted
43,Puerto Rico,430252,0,None Noted
43,Puerto Rico,430253,0,None Noted
43,Puerto Rico,430254,0,None Noted
43,Puerto Rico,430255,0,None Noted
43,Puerto Rico,430256,0,None Noted
43,Puerto Rico,430257,0,None Noted
43,Puerto Rico,430258,0,None Noted
43,Puerto Rico,430259,0,None Noted
