STATE,STATENAME,ST_CASE,VEH_NO,PER_NO,NMCC,NMCCNAME
43,Puerto Rico,430003,0,1,0,None Noted
43,Puerto Rico,430004,0,1,0,None Noted
43,Puerto Rico,430004,0,2,0,None Noted
43,Puerto Rico,430006,0,1,2,Failure to Yield Right-Of-Way
43,Puerto Rico,430006,0,1,12,Improper Crossing of Roadway or Intersection (Jaywalking)
43,Puerto Rico,430006,0,1,19,"Not Visible (Dark clothing, No Lighting, etc.)"
43,Puerto Rico,430007,0,1,2,Failure to Yield Right-Of-Way
43,Puerto Rico,430007,0,1,12,Improper Crossing of Roadway or Intersection (Jaywalking)
43,Puerto Rico,430009,0,1,2,Failure to Yield Right-Of-Way
43,Puerto Rico,430009,0,1,12,Improper Crossing of Roadway or Intersection (Jaywalking)
43,Puerto Rico,430009,0,1,19,"Not Visible (Dark clothing, No Lighting, etc.)"
43,Puerto Rico,430013,0,1,2,Failure to Yield Right-Of-Way
43,Puerto Rico,430013,0,1,12,Improper Crossing of Roadway or Intersection (Jaywalking)
43,Puerto Rico,430013,0,1,19,"Not Visible (Dark clothing, No Lighting, etc.)"
43,Puerto Rico,430016,0,1,2,Failure to Yield Right-Of-Way
43,Puerto Rico,430016,0,1,4,"In Roadway Improperly (Standing, Lying, Working, Playing, etc.)"
43,Puerto Rico,430017,0,1,2,Failure to Yield Right-Of-Way
43,Puerto Rico,430017,0,1,12,Improper Crossing of Roadway or Intersection (Jaywalking)
43,Puerto Rico,430017,0,1,19,"Not Visible (Dark clothing, No Lighting, etc.)"
43,Puerto Rico,430018,0,1,15,Improper or Erratic Lane Changing
43,Puerto Rico,430021,0,1,2,Failure to Yield Right-Of-Way
43,Puerto Rico,430021,0,1,12,Improper Crossing of Roadway or Intersection (Jaywalking)
43,Puerto Rico,430021,0,1,19,"Not Visible (Dark clothing, No Lighting, etc.)"
43,Puerto Rico,430024,0,1,0,None Noted
43,Puerto Rico,430029,0,1,2,Failure to Yield Right-Of-Way
43,Puerto Rico,430029,0,1,12,Improper Crossing of Roadway or Intersection (Jaywalking)
43,Puerto Rico,430030,0,1,0,None Noted
43,Puerto Rico,430037,0,1,2,Failure to Yield Right-Of-Way
43,Puerto Rico,430037,0,1,19,"Not Visible (Dark clothing, No Lighting, etc.)"
43,Puerto Rico,430039,0,1,2,Failure to Yield Right-Of-Way
43,Puerto Rico,430039,0,1,4,"In Roadway Improperly (Standing, Lying, Working, Playing, etc.)"
43,Puerto Rico,430043,0,1,19,"Not Visible (Dark clothing, No Lighting, etc.)"
43,Puerto Rico,430045,0,1,0,None Noted
43,Puerto Rico,430046,0,1,19,"Not Visible (Dark clothing, No Lighting, etc.)"
43,Puerto Rico,430051,0,1,0,None Noted
43,Puerto Rico,430054,0,1,19,"Not Visible (Dark clothing, No Lighting, etc.)"
43,Puerto Rico,430058,0,1,0,None Noted
43,Puerto Rico,430060,0,1,2,Failure to Yield Right-Of-Way
43,Puerto Rico,430060,0,1,12,Improper Crossing of Roadway or Intersection (Jaywalking)
43,Puerto Rico,430061,0,1,0,None Noted
43,Puerto Rico,430062,0,1,4,"In Roadway Improperly (Standing, Lying, Working, Playing, etc.)"
43,Puerto Rico,430064,0,1,0,None Noted
43,Puerto Rico,430070,0,1,4,"In Roadway Improperly (Standing, Lying, Working, Playing, etc.)"
43,Puerto Rico,430078,0,1,0,None Noted
43,Puerto Rico,430079,0,1,18,"Operating in other Erratic, Reckless, Careless or Negligent Manner"
43,Puerto Rico,430080,0,1,4,"In Roadway Improperly (Standing, Lying, Working, Playing, etc.)"
43,Puerto Rico,430080,0,1,19,"Not Visible (Dark clothing, No Lighting, etc.)"
43,Puerto Rico,430086,0,1,4,"In Roadway Improperly (Standing, Lying, Working, Playing, etc.)"
43,Puerto Rico,430086,0,1,19,"Not Visible (Dark clothing, No Lighting, etc.)"
43,Puerto Rico,430097,0,1,0,None Noted
43,Puerto Rico,430107,0,1,0,None Noted
43,Puerto Rico,430111,0,1,0,None Noted
43,Puerto Rico,430119,0,1,0,None Noted
43,Puerto Rico,430124,0,1,2,Failure to Yield Right-Of-Way
43,Puerto Rico,430124,0,1,12,Improper Crossing of Roadway or Intersection (Jaywalking)
43,Puerto Rico,430125,0,1,0,None Noted
43,Puerto Rico,430127,0,1,0,None Noted
43,Puerto Rico,430128,0,1,0,None Noted
43,Puerto Rico,430130,0,1,0,None Noted
43,Puerto Rico,430133,0,1,4,"In Roadway Improperly (Standing, Lying, Working, Playing, etc.)"
43,Puerto Rico,430135,0,1,0,None Noted
43,Puerto Rico,430135,0,2,0,None Noted
43,Puerto Rico,430138,0,1,0,None Noted
43,Puerto Rico,430145,0,1,0,None Noted
43,Puerto Rico,430148,0,1,0,None Noted
43,Puerto Rico,430149,0,1,2,Failure to Yield Right-Of-Way
43,Puerto Rico,430149,0,1,4,"In Roadway Improperly (Standing, Lying, Working, Playing, etc.)"
43,Puerto Rico,430152,0,1,0,None Noted
43,Puerto Rico,430154,0,1,2,Failure to Yield Right-Of-Way
43,Puerto Rico,430154,0,1,12,Improper Crossing of Roadway or Intersection (Jaywalking)
43,Puerto Rico,430158,0,1,2,Failure to Yield Right-Of-Way
43,Puerto Rico,430158,0,1,12,Improper Crossing of Roadway or Intersection (Jaywalking)
43,Puerto Rico,430160,0,1,4,"In Roadway Improperly (Standing, Lying, Working, Playing, etc.)"
43,Puerto Rico,430162,0,1,0,None Noted
43,Puerto Rico,430168,0,1,2,Failure to Yield Right-Of-Way
43,Puerto Rico,430168,0,1,12,Improper Crossing of Roadway or Intersection (Jaywalking)
43,Puerto Rico,430172,0,1,2,Failure to Yield Right-Of-Way
43,Puerto Rico,430172,0,1,4,"In Roadway Improperly (Standing, Lying, Working, Playing, etc.)"
43,Puerto Rico,430174,0,1,12,Improper Crossing of Roadway or Intersection (Jaywalking)
43,Puerto Rico,430174,0,1,2,Failure to Yield Right-Of-Way
43,Puerto Rico,430175,0,1,21,Other (Specify:)
43,Puerto Rico,430176,0,1,0,None Noted
43,Puerto Rico,430180,0,1,8,Improper Passing
43,Puerto Rico,430180,0,1,9,Wrong-Way Riding or Walking
43,Puerto Rico,430180,0,1,10,Riding on Wrong Side of Road
43,Puerto Rico,430184,0,1,0,None Noted
43,Puerto Rico,430189,0,1,2,Failure to Yield Right-Of-Way
43,Puerto Rico,430189,0,1,4,"In Roadway Improperly (Standing, Lying, Working, Playing, etc.)"
43,Puerto Rico,430191,0,1,12,Improper Crossing of Roadway or Intersection (Jaywalking)
43,Puerto Rico,430196,0,1,3,"Failure to Obey Traffic Signs, Signals or Officer"
43,Puerto Rico,430196,0,1,7,Improper Turn/Merge
43,Puerto Rico,430202,0,1,10,Riding on Wrong Side of Road
43,Puerto Rico,430203,0,1,10,Riding on Wrong Side of Road
43,Puerto Rico,430204,0,1,12,Improper Crossing of Roadway or Intersection (Jaywalking)
43,Puerto Rico,430204,0,1,19,"Not Visible (Dark clothing, No Lighting, etc.)"
43,Puerto Rico,430205,0,1,2,Failure to Yield Right-Of-Way
43,Puerto Rico,430205,0,1,12,Improper Crossing of Roadway or Intersection (Jaywalking)
43,Puerto Rico,430205,0,1,19,"Not Visible (Dark clothing, No Lighting, etc.)"
43,Puerto Rico,430207,0,1,0,None Noted
43,Puerto Rico,430209,0,1,0,None Noted
43,Puerto Rico,430227,0,1,2,Failure to Yield Right-Of-Way
43,Puerto Rico,430227,0,1,12,Improper Crossing of Roadway or Intersection (Jaywalking)
43,Puerto Rico,430230,0,1,2,Failure to Yield Right-Of-Way
43,Puerto Rico,430230,0,1,12,Improper Crossing of Roadway or Intersection (Jaywalking)
43,Puerto Rico,430231,0,1,0,None Noted
43,Puerto Rico,430241,0,1,0,None Noted
43,Puerto Rico,430243,0,1,0,None Noted
43,Puerto Rico,430245,0,1,2,Failure to Yield Right-Of-Way
43,Puerto Rico,430245,0,1,12,Improper Crossing of Roadway or Intersection (Jaywalking)
43,Puerto Rico,430247,0,1,2,Failure to Yield Right-Of-Way
43,Puerto Rico,430247,0,1,4,"In Roadway Improperly (Standing, Lying, Working, Playing, etc.)"
43,Puerto Rico,430249,0,1,2,Failure to Yield Right-Of-Way
43,Puerto Rico,430249,0,1,12,Improper Crossing of Roadway or Intersection (Jaywalking)
43,Puerto Rico,430250,0,1,18,"Operating in other Erratic, Reckless, Careless or Negligent Manner"
43,Puerto Rico,430250,0,1,19,"Not Visible (Dark clothing, No Lighting, etc.)"
43,Puerto Rico,430254,0,1,2,Failure to Yield Right-Of-Way
43,Puerto Rico,430254,0,1,12,Improper Crossing of Roadway or Intersection (Jaywalking)
43,Puerto Rico,430256,0,1,2,Failure to Yield Right-Of-Way
43,Puerto Rico,430256,0,1,12,Improper Crossing of Roadway or Intersection (Jaywalking)
43,Puerto Rico,430256,0,1,19,"Not Visible (Dark clothing, No Lighting, etc.)"
43,Puerto Rico,430258,0,1,2,Failure to Yield Right-Of-Way
43,Puerto Rico,430258,0,1,12,Improper Crossing of Roadway or Intersection (Jaywalking)
43,Puerto Rico,430258,0,1,19,"Not Visible (Dark clothing, No Lighting, etc.)"
