STATE,STATENAME,ST_CASE,VEH_NO,PER_NO,NMACTION,NMACTIONNAME
43,Puerto Rico,430003,0,1,9,"Stationary and Adjacent to Roadway (e.g., Shoulder, Median, Sidewalk)"
43,Puerto Rico,430004,0,1,8,"In Roadway - Other (Working, Playing, Etc.)"
43,Puerto Rico,430004,0,2,8,"In Roadway - Other (Working, Playing, Etc.)"
43,Puerto Rico,430006,0,1,3,Crossing Roadway
43,Puerto Rico,430007,0,1,3,Crossing Roadway
43,Puerto Rico,430009,0,1,3,Crossing Roadway
43,Puerto Rico,430013,0,1,3,Crossing Roadway
43,Puerto Rico,430016,0,1,5,Movement Along Roadway with Traffic (In or Adjacent to Travel Lane)
43,Puerto Rico,430017,0,1,3,Crossing Roadway
43,Puerto Rico,430018,0,1,3,Crossing Roadway
43,Puerto Rico,430021,0,1,3,Crossing Roadway
43,Puerto Rico,430024,0,1,2,Waiting to Cross Roadway
43,Puerto Rico,430029,0,1,3,Crossing Roadway
43,Puerto Rico,430030,0,1,3,Crossing Roadway
43,Puerto Rico,430037,0,1,5,Movement Along Roadway with Traffic (In or Adjacent to Travel Lane)
43,Puerto Rico,430037,0,1,8,"In Roadway - Other (Working, Playing, Etc.)"
43,Puerto Rico,430039,0,1,5,Movement Along Roadway with Traffic (In or Adjacent to Travel Lane)
43,Puerto Rico,430043,0,1,5,Movement Along Roadway with Traffic (In or Adjacent to Travel Lane)
43,Puerto Rico,430045,0,1,5,Movement Along Roadway with Traffic (In or Adjacent to Travel Lane)
43,Puerto Rico,430046,0,1,3,Crossing Roadway
43,Puerto Rico,430051,0,1,3,Crossing Roadway
43,Puerto Rico,430054,0,1,5,Movement Along Roadway with Traffic (In or Adjacent to Travel Lane)
43,Puerto Rico,430058,0,1,3,Crossing Roadway
43,Puerto Rico,430060,0,1,3,Crossing Roadway
43,Puerto Rico,430061,0,1,3,Crossing Roadway
43,Puerto Rico,430062,0,1,5,Movement Along Roadway with Traffic (In or Adjacent to Travel Lane)
43,Puerto Rico,430064,0,1,3,Crossing Roadway
43,Puerto Rico,430070,0,1,8,"In Roadway - Other (Working, Playing, Etc.)"
43,Puerto Rico,430078,0,1,3,Crossing Roadway
43,Puerto Rico,430079,0,1,3,Crossing Roadway
43,Puerto Rico,430080,0,1,5,Movement Along Roadway with Traffic (In or Adjacent to Travel Lane)
43,Puerto Rico,430086,0,1,5,Movement Along Roadway with Traffic (In or Adjacent to Travel Lane)
43,Puerto Rico,430097,0,1,3,Crossing Roadway
43,Puerto Rico,430107,0,1,5,Movement Along Roadway with Traffic (In or Adjacent to Travel Lane)
43,Puerto Rico,430111,0,1,3,Crossing Roadway
43,Puerto Rico,430119,0,1,3,Crossing Roadway
43,Puerto Rico,430124,0,1,3,Crossing Roadway
43,Puerto Rico,430125,0,1,3,Crossing Roadway
43,Puerto Rico,430127,0,1,3,Crossing Roadway
43,Puerto Rico,430128,0,1,3,Crossing Roadway
43,Puerto Rico,430130,0,1,12,"Disabled Vehicle Related (Working on, Pushing, Leaving/Approaching)"
43,Puerto Rico,430133,0,1,8,"In Roadway - Other (Working, Playing, Etc.)"
43,Puerto Rico,430135,0,1,5,Movement Along Roadway with Traffic (In or Adjacent to Travel Lane)
43,Puerto Rico,430135,0,2,5,Movement Along Roadway with Traffic (In or Adjacent to Travel Lane)
43,Puerto Rico,430138,0,1,3,Crossing Roadway
43,Puerto Rico,430145,0,1,98,Not Reported
43,Puerto Rico,430148,0,1,2,Waiting to Cross Roadway
43,Puerto Rico,430149,0,1,5,Movement Along Roadway with Traffic (In or Adjacent to Travel Lane)
43,Puerto Rico,430152,0,1,6,Movement Along Roadway Against Traffic (In or Adjacent to Travel Lane)
43,Puerto Rico,430154,0,1,3,Crossing Roadway
43,Puerto Rico,430158,0,1,3,Crossing Roadway
43,Puerto Rico,430160,0,1,5,Movement Along Roadway with Traffic (In or Adjacent to Travel Lane)
43,Puerto Rico,430162,0,1,14,Other (Specify:)
43,Puerto Rico,430168,0,1,3,Crossing Roadway
43,Puerto Rico,430172,0,1,8,"In Roadway - Other (Working, Playing, Etc.)"
43,Puerto Rico,430174,0,1,3,Crossing Roadway
43,Puerto Rico,430175,0,1,8,"In Roadway - Other (Working, Playing, Etc.)"
43,Puerto Rico,430176,0,1,3,Crossing Roadway
43,Puerto Rico,430180,0,1,5,Movement Along Roadway with Traffic (In or Adjacent to Travel Lane)
43,Puerto Rico,430184,0,1,3,Crossing Roadway
43,Puerto Rico,430189,0,1,5,Movement Along Roadway with Traffic (In or Adjacent to Travel Lane)
43,Puerto Rico,430189,0,1,8,"In Roadway - Other (Working, Playing, Etc.)"
43,Puerto Rico,430191,0,1,5,Movement Along Roadway with Traffic (In or Adjacent to Travel Lane)
43,Puerto Rico,430196,0,1,3,Crossing Roadway
43,Puerto Rico,430202,0,1,5,Movement Along Roadway with Traffic (In or Adjacent to Travel Lane)
43,Puerto Rico,430203,0,1,3,Crossing Roadway
43,Puerto Rico,430204,0,1,3,Crossing Roadway
43,Puerto Rico,430205,0,1,3,Crossing Roadway
43,Puerto Rico,430207,0,1,3,Crossing Roadway
43,Puerto Rico,430209,0,1,3,Crossing Roadway
43,Puerto Rico,430227,0,1,3,Crossing Roadway
43,Puerto Rico,430230,0,1,3,Crossing Roadway
43,Puerto Rico,430231,0,1,5,Movement Along Roadway with Traffic (In or Adjacent to Travel Lane)
43,Puerto Rico,430241,0,1,3,Crossing Roadway
43,Puerto Rico,430243,0,1,5,Movement Along Roadway with Traffic (In or Adjacent to Travel Lane)
43,Puerto Rico,430245,0,1,3,Crossing Roadway
43,Puerto Rico,430247,0,1,5,Movement Along Roadway with Traffic (In or Adjacent to Travel Lane)
43,Puerto Rico,430249,0,1,3,Crossing Roadway
43,Puerto Rico,430250,0,1,5,Movement Along Roadway with Traffic (In or Adjacent to Travel Lane)
43,Puerto Rico,430254,0,1,3,Crossing Roadway
43,Puerto Rico,430256,0,1,3,Crossing Roadway
43,Puerto Rico,430258,0,1,3,Crossing Roadway
