STATE,STATENAME,ST_CASE,WEATHER,WEATHERNAME
43,Puerto Rico,430001,1,Clear
43,Puerto Rico,430002,1,Clear
43,Puerto Rico,430003,1,Clear
43,Puerto Rico,430004,1,Clear
43,Puerto Rico,430005,1,Clear
43,Puerto Rico,430006,1,Clear
43,Puerto Rico,430007,1,Clear
43,Puerto Rico,430008,1,Clear
43,Puerto Rico,430009,1,Clear
43,Puerto Rico,430010,1,Clear
43,Puerto Rico,430011,2,Rain
43,Puerto Rico,430012,1,Clear
43,Puerto Rico,430013,1,Clear
43,Puerto Rico,430014,1,Clear
43,Puerto Rico,430015,1,Clear
43,Puerto Rico,430016,1,Clear
43,Puerto Rico,430017,1,Clear
43,Puerto Rico,430018,1,Clear
43,Puerto Rico,430019,1,Clear
43,Puerto Rico,430020,2,Rain
43,Puerto Rico,430021,1,Clear
43,Puerto Rico,430022,1,Clear
43,Puerto Rico,430023,1,Clear
43,Puerto Rico,430024,1,Clear
43,Puerto Rico,430025,1,Clear
43,Puerto Rico,430026,1,Clear
43,Puerto Rico,430027,1,Clear
43,Puerto Rico,430028,1,Clear
43,Puerto Rico,430029,1,Clear
43,Puerto Rico,430030,2,Rain
43,Puerto Rico,430031,1,Clear
43,Puerto Rico,430032,2,Rain
43,Puerto Rico,430033,1,Clear
43,Puerto Rico,430034,1,Clear
43,Puerto Rico,430035,1,Clear
43,Puerto Rico,430036,1,Clear
43,Puerto Rico,430037,1,Clear
43,Puerto Rico,430038,1,Clear
43,Puerto Rico,430039,1,Clear
43,Puerto Rico,430040,1,Clear
43,Puerto Rico,430041,2,Rain
43,Puerto Rico,430042,1,Clear
43,Puerto Rico,430043,1,Clear
43,Puerto Rico,430044,1,Clear
43,Puerto Rico,430045,1,Clear
43,Puerto Rico,430046,1,Clear
43,Puerto Rico,430047,1,Clear
43,Puerto Rico,430048,1,Clear
43,Puerto Rico,430049,1,Clear
43,Puerto Rico,430050,1,Clear
43,Puerto Rico,430051,1,Clear
43,Puerto Rico,430052,10,Cloudy
43,Puerto Rico,430053,1,Clear
43,Puerto Rico,430054,1,Clear
43,Puerto Rico,430055,10,Cloudy
43,Puerto Rico,430056,1,Clear
43,Puerto Rico,430057,1,Clear
43,Puerto Rico,430058,1,Clear
43,Puerto Rico,430059,2,Rain
43,Puerto Rico,430060,1,Clear
43,Puerto Rico,430061,1,Clear
43,Puerto Rico,430062,1,Clear
43,Puerto Rico,430063,1,Clear
43,Puerto Rico,430064,1,Clear
43,Puerto Rico,430065,1,Clear
43,Puerto Rico,430066,10,Cloudy
43,Puerto Rico,430067,1,Clear
43,Puerto Rico,430068,1,Clear
43,Puerto Rico,430069,1,Clear
43,Puerto Rico,430070,1,Clear
43,Puerto Rico,430071,1,Clear
43,Puerto Rico,430072,1,Clear
43,Puerto Rico,430073,2,Rain
43,Puerto Rico,430074,1,Clear
43,Puerto Rico,430075,1,Clear
43,Puerto Rico,430076,1,Clear
43,Puerto Rico,430077,1,Clear
43,Puerto Rico,430078,1,Clear
43,Puerto Rico,430079,10,Cloudy
43,Puerto Rico,430080,1,Clear
43,Puerto Rico,430081,1,Clear
43,Puerto Rico,430082,1,Clear
43,Puerto Rico,430083,10,Cloudy
43,Puerto Rico,430084,1,Clear
43,Puerto Rico,430085,1,Clear
43,Puerto Rico,430086,1,Clear
43,Puerto Rico,430087,1,Clear
43,Puerto Rico,430088,1,Clear
43,Puerto Rico,430089,1,Clear
43,Puerto Rico,430090,1,Clear
43,Puerto Rico,430091,1,Clear
43,Puerto Rico,430092,1,Clear
43,Puerto Rico,430093,1,Clear
43,Puerto Rico,430094,1,Clear
43,Puerto Rico,430095,1,Clear
43,Puerto Rico,430096,1,Clear
43,Puerto Rico,430097,1,Clear
43,Puerto Rico,430098,10,Cloudy
43,Puerto Rico,430099,1,Clear
43,Puerto Rico,430100,5,"Fog, Smog, Smoke"
43,Puerto Rico,430101,1,Clear
43,Puerto Rico,430102,1,Clear
43,Puerto Rico,430103,1,Clear
43,Puerto Rico,430104,1,Clear
43,Puerto Rico,430105,1,Clear
43,Puerto Rico,430106,1,Clear
43,Puerto Rico,430107,1,Clear
43,Puerto Rico,430108,1,Clear
43,Puerto Rico,430109,1,Clear
43,Puerto Rico,430110,1,Clear
43,Puerto Rico,430111,1,Clear
43,Puerto Rico,430112,1,Clear
43,Puerto Rico,430113,7,"Blowing Sand, Soil, Dirt"
43,Puerto Rico,430114,10,Cloudy
43,Puerto Rico,430115,1,Clear
43,Puerto Rico,430116,1,Clear
43,Puerto Rico,430117,2,Rain
43,Puerto Rico,430118,10,Cloudy
43,Puerto Rico,430119,1,Clear
43,Puerto Rico,430120,2,Rain
43,Puerto Rico,430121,1,Clear
43,Puerto Rico,430122,1,Clear
43,Puerto Rico,430123,1,Clear
43,Puerto Rico,430124,1,Clear
43,Puerto Rico,430125,1,Clear
43,Puerto Rico,430126,1,Clear
43,Puerto Rico,430127,1,Clear
43,Puerto Rico,430128,1,Clear
43,Puerto Rico,430129,1,Clear
43,Puerto Rico,430130,8,Other
43,Puerto Rico,430131,1,Clear
43,Puerto Rico,430132,1,Clear
43,Puerto Rico,430133,1,Clear
43,Puerto Rico,430134,2,Rain
43,Puerto Rico,430135,2,Rain
43,Puerto Rico,430136,10,Cloudy
43,Puerto Rico,430137,1,Clear
43,Puerto Rico,430138,1,Clear
43,Puerto Rico,430139,1,Clear
43,Puerto Rico,430140,1,Clear
43,Puerto Rico,430141,2,Rain
43,Puerto Rico,430142,1,Clear
43,Puerto Rico,430143,1,Clear
43,Puerto Rico,430144,2,Rain
43,Puerto Rico,430145,2,Rain
43,Puerto Rico,430146,10,Cloudy
43,Puerto Rico,430147,10,Cloudy
43,Puerto Rico,430148,1,Clear
43,Puerto Rico,430149,2,Rain
43,Puerto Rico,430150,2,Rain
43,Puerto Rico,430151,10,Cloudy
43,Puerto Rico,430152,1,Clear
43,Puerto Rico,430153,2,Rain
43,Puerto Rico,430154,1,Clear
43,Puerto Rico,430155,1,Clear
43,Puerto Rico,430156,1,Clear
43,Puerto Rico,430157,1,Clear
43,Puerto Rico,430158,1,Clear
43,Puerto Rico,430159,1,Clear
43,Puerto Rico,430160,1,Clear
43,Puerto Rico,430161,1,Clear
43,Puerto Rico,430162,1,Clear
43,Puerto Rico,430163,1,Clear
43,Puerto Rico,430164,1,Clear
43,Puerto Rico,430165,1,Clear
43,Puerto Rico,430166,1,Clear
43,Puerto Rico,430167,1,Clear
43,Puerto Rico,430168,1,Clear
43,Puerto Rico,430169,1,Clear
43,Puerto Rico,430170,1,Clear
43,Puerto Rico,430171,2,Rain
43,Puerto Rico,430172,1,Clear
43,Puerto Rico,430173,2,Rain
43,Puerto Rico,430174,10,Cloudy
43,Puerto Rico,430175,1,Clear
43,Puerto Rico,430176,1,Clear
43,Puerto Rico,430177,1,Clear
43,Puerto Rico,430178,1,Clear
43,Puerto Rico,430179,1,Clear
43,Puerto Rico,430180,1,Clear
43,Puerto Rico,430181,1,Clear
43,Puerto Rico,430182,2,Rain
43,Puerto Rico,430183,2,Rain
43,Puerto Rico,430184,2,Rain
43,Puerto Rico,430185,2,Rain
43,Puerto Rico,430186,1,Clear
43,Puerto Rico,430187,1,Clear
43,Puerto Rico,430188,1,Clear
43,Puerto Rico,430189,1,Clear
43,Puerto Rico,430190,1,Clear
43,Puerto Rico,430191,1,Clear
43,Puerto Rico,430192,1,Clear
43,Puerto Rico,430193,1,Clear
43,Puerto Rico,430194,10,Cloudy
43,Puerto Rico,430195,1,Clear
43,Puerto Rico,430196,1,Clear
43,Puerto Rico,430197,1,Clear
43,Puerto Rico,430198,1,Clear
43,Puerto Rico,430199,1,Clear
43,Puerto Rico,430200,1,Clear
43,Puerto Rico,430201,1,Clear
43,Puerto Rico,430202,2,Rain
43,Puerto Rico,430203,1,Clear
43,Puerto Rico,430204,10,Cloudy
43,Puerto Rico,430205,2,Rain
43,Puerto Rico,430206,1,Clear
43,Puerto Rico,430207,10,Cloudy
43,Puerto Rico,430208,1,Clear
43,Puerto Rico,430209,1,Clear
43,Puerto Rico,430210,1,Clear
43,Puerto Rico,430211,1,Clear
43,Puerto Rico,430212,1,Clear
43,Puerto Rico,430213,1,Clear
43,Puerto Rico,430214,1,Clear
43,Puerto Rico,430215,1,Clear
43,Puerto Rico,430216,2,Rain
43,Puerto Rico,430217,1,Clear
43,Puerto Rico,430218,1,Clear
43,Puerto Rico,430219,1,Clear
43,Puerto Rico,430220,2,Rain
43,Puerto Rico,430221,1,Clear
43,Puerto Rico,430222,1,Clear
43,Puerto Rico,430223,2,Rain
43,Puerto Rico,430224,1,Clear
43,Puerto Rico,430225,1,Clear
43,Puerto Rico,430226,1,Clear
43,Puerto Rico,430227,1,Clear
43,Puerto Rico,430228,10,Cloudy
43,Puerto Rico,430229,1,Clear
43,Puerto Rico,430230,1,Clear
43,Puerto Rico,430231,1,Clear
43,Puerto Rico,430232,1,Clear
43,Puerto Rico,430233,10,Cloudy
43,Puerto Rico,430234,1,Clear
43,Puerto Rico,430235,2,Rain
43,Puerto Rico,430236,1,Clear
43,Puerto Rico,430237,2,Rain
43,Puerto Rico,430238,2,Rain
43,Puerto Rico,430239,1,Clear
43,Puerto Rico,430240,1,Clear
43,Puerto Rico,430241,1,Clear
43,Puerto Rico,430242,1,Clear
43,Puerto Rico,430243,1,Clear
43,Puerto Rico,430244,1,Clear
43,Puerto Rico,430245,5,"Fog, Smog, Smoke"
43,Puerto Rico,430246,1,Clear
43,Puerto Rico,430247,1,Clear
43,Puerto Rico,430248,1,Clear
43,Puerto Rico,430249,1,Clear
43,Puerto Rico,430250,1,Clear
43,Puerto Rico,430251,1,Clear
43,Puerto Rico,430252,1,Clear
43,Puerto Rico,430253,10,Cloudy
43,Puerto Rico,430254,5,"Fog, Smog, Smoke"
43,Puerto Rico,430255,2,Rain
43,Puerto Rico,430256,1,Clear
43,Puerto Rico,430257,1,Clear
43,Puerto Rico,430258,2,Rain
43,Puerto Rico,430259,1,Clear
