STATE,STATENAME,ST_CASE,VEH_NO,PVE_FORMS,PNUMOCCS,PNUMOCCSNAME,PDAY,PDAYNAME,PMONTH,PMONTHNAME,PHOUR,PHOURNAME,PMINUTE,PMINUTENAME,PHARM_EV,PHARM_EVNAME,PMAN_COLL,PMAN_COLLNAME,PTYPE,PTYPENAME,PHIT_RUN,PHIT_RUNNAME,PREG_STAT,PREG_STATNAME,POWNER,POWNERNAME,PMAKE,PMAKENAME,PMODEL,PMAK_MOD,PBODYTYP,PBODYTYPNAME,PMODYEAR,PMODYEARNAME,PVIN,PVINNAME,PVIN_1,PVIN_2,PVIN_3,PVIN_4,PVIN_5,PVIN_6,PVIN_7,PVIN_8,PVIN_9,PVIN_10,PVIN_11,PVIN_12,PTRAILER,PTRAILERNAME,PMCARR_I1,PMCARR_I1NAME,PMCARR_I2,PMCARR_I2NAME,PMCARR_ID,PMCARR_IDNAME,PGVWR,PGVWRNAME,PV_CONFIG,PV_CONFIGNAME,PCARGTYP,PCARGTYPNAME,PHAZ_INV,PHAZ_INVNAME,PHAZPLAC,PHAZPLACNAME,PHAZ_ID,PHAZ_IDNAME,PHAZ_CNO,PHAZ_CNONAME,PHAZ_REL,PHAZ_RELNAME,PBUS_USE,PBUS_USENAME,PSP_USE,PSP_USENAME,PEM_USE,PEM_USENAME,PUNDERIDE,PUNDERIDENAME,PIMPACT1,PIMPACT1NAME,PVEH_SEV,PVEH_SEVNAME,PTOWED,PTOWEDNAME,PM_HARM,PM_HARMNAME,PVEH_SC1,PVEH_SC1NAME,PVEH_SC2,PVEH_SC2NAME,PFIRE,PFIRENAME,PDEATHS,PTRLR1VIN,PTRLR1VINNAME,PTRLR2VIN,PTRLR2VINNAME,PTRLR3VIN,PTRLR3VINNAME
43,Puerto Rico,430057,2,1,0,None,1,1,3,March,11,11:00am-11:59am,20,20,14,Parked Motor Vehicle,0,Not a Collision with Motor Vehicle In-Transport,3,Motor Vehicle Not In-Transport Outside the Trafficway,0,No,43,Puerto Rico,6,Driverless/Motor Vehicle Parked/Stopped Off Roadway,49,Toyota,38,Toyota Tercel,2,"2-door sedan,hardtop,coupe",1997,1997,JT2AC52L7V02,JT2AC52L7V02,J,T,2,A,C,5,2,L,7,V,0,2,0,No Trailing Units,0,Not Applicable,000000000,Not Applicable,00000000000,Not Applicable,0,Not Applicable,0,Not Applicable,0,Not Applicable (N/A),1,No,0,Not Applicable,0,Not Applicable,0,Not Applicable,0,Not Applicable,0,Not a Bus,0,No Special Use,0,Not Applicable,0,No Underride or Override Noted,7,7 Clock Point,6,Disabling Damage,2,Towed Due to Disabling Damage,12,Motor Vehicle In-Transport,0,None,0,None,0,No or Not Reported,0,777777777777,No Trailing Units,777777777777,No Trailing Units,777777777777,No Trailing Units
43,Puerto Rico,430057,3,1,0,None,1,1,3,March,11,11:00am-11:59am,20,20,14,Parked Motor Vehicle,0,Not a Collision with Motor Vehicle In-Transport,3,Motor Vehicle Not In-Transport Outside the Trafficway,0,No,43,Puerto Rico,6,Driverless/Motor Vehicle Parked/Stopped Off Roadway,52,Mitsubishi,47,Mitsubishi Outlander,6,Station Wagon (excluding van and truck based),2006,2006,JA4LX31F66U0,JA4LX31F66U0,J,A,4,L,X,3,1,F,6,6,U,0,0,No Trailing Units,0,Not Applicable,000000000,Not Applicable,00000000000,Not Applicable,0,Not Applicable,0,Not Applicable,0,Not Applicable (N/A),1,No,0,Not Applicable,0,Not Applicable,0,Not Applicable,0,Not Applicable,0,Not a Bus,0,No Special Use,0,Not Applicable,0,No Underride or Override Noted,7,7 Clock Point,6,Disabling Damage,2,Towed Due to Disabling Damage,12,Motor Vehicle In-Transport,0,None,0,None,0,No or Not Reported,0,777777777777,No Trailing Units,777777777777,No Trailing Units,777777777777,No Trailing Units
43,Puerto Rico,430165,3,2,0,None,17,17,9,September,19,7:00pm-7:59pm,0,0,12,Motor Vehicle In-Transport,8,Sideswipe - Opposite Direction,3,Motor Vehicle Not In-Transport Outside the Trafficway,0,No,43,Puerto Rico,6,Driverless/Motor Vehicle Parked/Stopped Off Roadway,52,Mitsubishi,46,Mitsubishi Lancer/Lancer Sportback/ Lancer Evolution,4,"4-door sedan, hardtop",2009,2009,JA3AU16U29U0,JA3AU16U29U0,J,A,3,A,U,1,6,U,2,9,U,0,0,No Trailing Units,0,Not Applicable,000000000,Not Applicable,00000000000,Not Applicable,0,Not Applicable,0,Not Applicable,0,Not Applicable (N/A),1,No,0,Not Applicable,0,Not Applicable,0,Not Applicable,0,Not Applicable,0,Not a Bus,0,No Special Use,0,Not Applicable,0,No Underride or Override Noted,3,3 Clock Point,2,Minor Damage,3,Towed Not Due to Disabling Damage,12,Motor Vehicle In-Transport,0,None,0,None,0,No or Not Reported,0,777777777777,No Trailing Units,777777777777,No Trailing Units,777777777777,No Trailing Units
43,Puerto Rico,430200,2,1,0,None,4,4,2,February,3,3:00am-3:59am,50,50,14,Parked Motor Vehicle,0,Not a Collision with Motor Vehicle In-Transport,3,Motor Vehicle Not In-Transport Outside the Trafficway,0,No,43,Puerto Rico,6,Driverless/Motor Vehicle Parked/Stopped Off Roadway,49,Toyota,53,Toyota Venza,5,5-door/4-door hatchback,2011,2011,4T3ZA3BB4BU0,4T3ZA3BB4BU0,4,T,3,Z,A,3,B,B,4,B,U,0,0,No Trailing Units,0,Not Applicable,000000000,Not Applicable,00000000000,Not Applicable,0,Not Applicable,0,Not Applicable,0,Not Applicable (N/A),1,No,0,Not Applicable,0,Not Applicable,0,Not Applicable,0,Not Applicable,0,Not a Bus,0,No Special Use,0,Not Applicable,0,No Underride or Override Noted,6,6 Clock Point,4,Functional Damage,3,Towed Not Due to Disabling Damage,12,Motor Vehicle In-Transport,0,None,0,None,0,No or Not Reported,0,777777777777,No Trailing Units,777777777777,No Trailing Units,777777777777,No Trailing Units
43,Puerto Rico,430243,2,1,0,None,12,12,9,September,11,11:00am-11:59am,0,0,14,Parked Motor Vehicle,0,Not a Collision with Motor Vehicle In-Transport,3,Motor Vehicle Not In-Transport Outside the Trafficway,0,No,43,Puerto Rico,6,Driverless/Motor Vehicle Parked/Stopped Off Roadway,41,Mazda,471,Mazda Pickup/ B-Series Pickup,30,"Compact pickup (GVWR <4,500 lbs.) (D50,Colt P/U, Ram 50, Dakota, Arrow Pickup [foreign], Ranger, ..)",1997,1997,4F4CR12A5VTM,4F4CR12A5VTM,4,F,4,C,R,1,2,A,5,V,T,M,0,No Trailing Units,0,Not Applicable,000000000,Not Applicable,00000000000,Not Applicable,0,Not Applicable,0,Not Applicable,0,Not Applicable (N/A),1,No,0,Not Applicable,0,Not Applicable,0,Not Applicable,0,Not Applicable,0,Not a Bus,0,No Special Use,0,Not Applicable,0,No Underride or Override Noted,12,12 Clock Point,2,Minor Damage,5,Not Towed,14,Parked Motor Vehicle,0,None,0,None,0,No or Not Reported,0,777777777777,No Trailing Units,777777777777,No Trailing Units,777777777777,No Trailing Units
43,Puerto Rico,430243,3,1,0,None,12,12,9,September,11,11:00am-11:59am,0,0,14,Parked Motor Vehicle,0,Not a Collision with Motor Vehicle In-Transport,3,Motor Vehicle Not In-Transport Outside the Trafficway,0,No,43,Puerto Rico,6,Driverless/Motor Vehicle Parked/Stopped Off Roadway,6,Chrysler,51,Chrysler 300M/300/300C/300S,4,"4-door sedan, hardtop",1999,1999,2C3HE66G9XH7,2C3HE66G9XH7,2,C,3,H,E,6,6,G,9,X,H,7,0,No Trailing Units,0,Not Applicable,000000000,Not Applicable,00000000000,Not Applicable,0,Not Applicable,0,Not Applicable,0,Not Applicable (N/A),1,No,0,Not Applicable,0,Not Applicable,0,Not Applicable,0,Not Applicable,0,Not a Bus,0,No Special Use,0,Not Applicable,0,No Underride or Override Noted,12,12 Clock Point,2,Minor Damage,5,Not Towed,14,Parked Motor Vehicle,0,None,0,None,0,No or Not Reported,0,777777777777,No Trailing Units,777777777777,No Trailing Units,777777777777,No Trailing Units
