STATE,STATENAME,ST_CASE,VEH_NO,PER_NO,MSAFEQMT,MSAFEQMTNAME
43,Puerto Rico,430009,0,1,1,None Used
43,Puerto Rico,430010,0,1,1,None Used
43,Puerto Rico,430011,0,1,1,None Used
43,Puerto Rico,430013,0,1,1,None Used
43,Puerto Rico,430017,0,1,1,None Used
43,Puerto Rico,430020,0,1,1,None Used
43,Puerto Rico,430021,0,1,1,None Used
43,Puerto Rico,430024,0,1,1,None Used
43,Puerto Rico,430026,0,1,1,None Used
43,Puerto Rico,430028,0,1,1,None Used
43,Puerto Rico,430030,0,1,1,None Used
43,Puerto Rico,430033,0,1,1,None Used
43,Puerto Rico,430038,0,1,1,None Used
43,Puerto Rico,430039,0,1,1,None Used
43,Puerto Rico,430039,0,2,1,None Used
43,Puerto Rico,430041,0,1,1,None Used
43,Puerto Rico,430042,0,1,1,None Used
43,Puerto Rico,430043,0,1,1,None Used
43,Puerto Rico,430048,0,1,1,None Used
43,Puerto Rico,430049,0,1,1,None Used
43,Puerto Rico,430052,0,1,1,None Used
43,Puerto Rico,430057,0,1,1,None Used
43,Puerto Rico,430060,0,1,1,None Used
43,Puerto Rico,430061,0,1,1,None Used
43,Puerto Rico,430063,0,1,1,None Used
43,Puerto Rico,430064,0,1,1,None Used
43,Puerto Rico,430065,0,1,1,None Used
43,Puerto Rico,430066,0,1,1,None Used
43,Puerto Rico,430067,0,1,1,None Used
43,Puerto Rico,430068,0,1,1,None Used
43,Puerto Rico,430069,0,1,1,None Used
43,Puerto Rico,430077,0,1,1,None Used
43,Puerto Rico,430082,0,1,1,None Used
43,Puerto Rico,430084,0,1,1,None Used
43,Puerto Rico,430085,0,1,1,None Used
43,Puerto Rico,430093,0,1,1,None Used
43,Puerto Rico,430102,0,1,1,None Used
43,Puerto Rico,430105,0,1,1,None Used
43,Puerto Rico,430107,0,1,1,None Used
43,Puerto Rico,430108,0,1,1,None Used
43,Puerto Rico,430112,0,1,1,None Used
43,Puerto Rico,430115,0,1,1,None Used
43,Puerto Rico,430119,0,1,1,None Used
43,Puerto Rico,430120,0,1,1,None Used
43,Puerto Rico,430122,0,1,1,None Used
43,Puerto Rico,430124,0,1,1,None Used
43,Puerto Rico,430125,0,1,1,None Used
43,Puerto Rico,430127,0,1,1,None Used
43,Puerto Rico,430133,0,1,1,None Used
43,Puerto Rico,430136,0,1,1,None Used
43,Puerto Rico,430137,0,1,1,None Used
43,Puerto Rico,430139,0,1,1,None Used
43,Puerto Rico,430141,0,1,1,None Used
43,Puerto Rico,430145,0,1,1,None Used
43,Puerto Rico,430147,0,1,1,None Used
43,Puerto Rico,430148,0,1,1,None Used
43,Puerto Rico,430150,0,1,1,None Used
43,Puerto Rico,430155,0,1,1,None Used
43,Puerto Rico,430162,0,1,1,None Used
43,Puerto Rico,430164,0,1,1,None Used
43,Puerto Rico,430166,0,1,1,None Used
43,Puerto Rico,430170,0,1,1,None Used
43,Puerto Rico,430174,0,1,1,None Used
43,Puerto Rico,430175,0,1,1,None Used
43,Puerto Rico,430183,0,1,1,None Used
43,Puerto Rico,430184,0,1,1,None Used
43,Puerto Rico,430187,0,1,1,None Used
43,Puerto Rico,430189,0,1,1,None Used
43,Puerto Rico,430192,0,1,1,None Used
43,Puerto Rico,430193,0,1,1,None Used
43,Puerto Rico,430194,0,1,1,None Used
43,Puerto Rico,430195,0,1,1,None Used
43,Puerto Rico,430197,0,1,1,None Used
43,Puerto Rico,430198,0,1,1,None Used
43,Puerto Rico,430202,0,1,1,None Used
43,Puerto Rico,430203,0,1,1,None Used
43,Puerto Rico,430206,0,1,1,None Used
43,Puerto Rico,430210,0,1,1,None Used
43,Puerto Rico,430211,0,1,1,None Used
43,Puerto Rico,430212,0,1,1,None Used
43,Puerto Rico,430214,0,1,1,None Used
43,Puerto Rico,430216,0,1,1,None Used
43,Puerto Rico,430218,0,1,1,None Used
43,Puerto Rico,430219,0,1,1,None Used
43,Puerto Rico,430221,0,1,1,None Used
43,Puerto Rico,430222,0,1,1,None Used
43,Puerto Rico,430227,0,1,1,None Used
43,Puerto Rico,430228,0,1,1,None Used
43,Puerto Rico,430233,0,1,1,None Used
43,Puerto Rico,430234,0,1,1,None Used
43,Puerto Rico,430237,0,1,1,None Used
43,Puerto Rico,430238,0,1,1,None Used
43,Puerto Rico,430240,0,1,1,None Used
43,Puerto Rico,430242,0,1,1,None Used
43,Puerto Rico,430243,0,1,1,None Used
43,Puerto Rico,430253,0,1,1,None Used
43,Puerto Rico,430254,0,1,1,None Used
43,Puerto Rico,430255,0,1,1,None Used
43,Puerto Rico,430263,0,1,1,None Used
43,Puerto Rico,430263,0,2,1,None Used
43,Puerto Rico,430265,0,1,1,None Used
43,Puerto Rico,430266,0,1,1,None Used
43,Puerto Rico,430269,0,1,1,None Used
