STATE,STATENAME,ST_CASE,VEH_NO,MVIOLATN,MVIOLATNNAME
43,Puerto Rico,430001,1,4,"Inattentive, careless, improper driving"
43,Puerto Rico,430001,1,22,Speeding (above the speed limit)
43,Puerto Rico,430002,1,4,"Inattentive, careless, improper driving"
43,Puerto Rico,430003,1,4,"Inattentive, careless, improper driving"
43,Puerto Rico,430003,1,52,"Driving on left, wrong side of road, generally"
43,Puerto Rico,430003,2,0,None
43,Puerto Rico,430004,1,4,"Inattentive, careless, improper driving"
43,Puerto Rico,430004,1,22,Speeding (above the speed limit)
43,Puerto Rico,430005,1,4,"Inattentive, careless, improper driving"
43,Puerto Rico,430005,1,49,"Turn, yield, signaling violations generally"
43,Puerto Rico,430005,2,0,None
43,Puerto Rico,430006,1,4,"Inattentive, careless, improper driving"
43,Puerto Rico,430006,1,22,Speeding (above the speed limit)
43,Puerto Rico,430007,1,4,"Inattentive, careless, improper driving"
43,Puerto Rico,430007,1,58,Following too closely
43,Puerto Rico,430007,2,0,None
43,Puerto Rico,430008,1,22,Speeding (above the speed limit)
43,Puerto Rico,430008,1,4,"Inattentive, careless, improper driving"
43,Puerto Rico,430009,1,0,None
43,Puerto Rico,430010,1,7,"Hit-and-run, fail to stop after crash"
43,Puerto Rico,430010,1,22,Speeding (above the speed limit)
43,Puerto Rico,430011,1,0,None
43,Puerto Rico,430012,1,4,"Inattentive, careless, improper driving"
43,Puerto Rico,430012,1,37,Fail to obey stop sign
43,Puerto Rico,430012,1,49,"Turn, yield, signaling violations generally"
43,Puerto Rico,430012,2,0,None
43,Puerto Rico,430013,1,7,"Hit-and-run, fail to stop after crash"
43,Puerto Rico,430013,1,46,Fail to yield generally
43,Puerto Rico,430014,1,4,"Inattentive, careless, improper driving"
43,Puerto Rico,430014,1,22,Speeding (above the speed limit)
43,Puerto Rico,430015,1,4,"Inattentive, careless, improper driving"
43,Puerto Rico,430015,1,22,Speeding (above the speed limit)
43,Puerto Rico,430016,1,4,"Inattentive, careless, improper driving"
43,Puerto Rico,430016,1,22,Speeding (above the speed limit)
43,Puerto Rico,430017,1,0,None
43,Puerto Rico,430018,1,4,"Inattentive, careless, improper driving"
43,Puerto Rico,430018,1,52,"Driving on left, wrong side of road, generally"
43,Puerto Rico,430018,2,0,None
43,Puerto Rico,430019,1,4,"Inattentive, careless, improper driving"
43,Puerto Rico,430019,1,22,Speeding (above the speed limit)
43,Puerto Rico,430019,1,52,"Driving on left, wrong side of road, generally"
43,Puerto Rico,430019,2,0,None
43,Puerto Rico,430020,1,0,None
43,Puerto Rico,430021,1,4,"Inattentive, careless, improper driving"
43,Puerto Rico,430021,1,46,Fail to yield generally
43,Puerto Rico,430022,1,4,"Inattentive, careless, improper driving"
43,Puerto Rico,430023,1,4,"Inattentive, careless, improper driving"
43,Puerto Rico,430023,1,22,Speeding (above the speed limit)
43,Puerto Rico,430023,2,0,None
43,Puerto Rico,430024,1,4,"Inattentive, careless, improper driving"
43,Puerto Rico,430024,1,22,Speeding (above the speed limit)
43,Puerto Rico,430024,1,46,Fail to yield generally
43,Puerto Rico,430025,1,4,"Inattentive, careless, improper driving"
43,Puerto Rico,430025,1,52,"Driving on left, wrong side of road, generally"
43,Puerto Rico,430025,2,0,None
43,Puerto Rico,430026,1,4,"Inattentive, careless, improper driving"
43,Puerto Rico,430026,1,22,Speeding (above the speed limit)
43,Puerto Rico,430026,1,49,"Turn, yield, signaling violations generally"
43,Puerto Rico,430027,1,4,"Inattentive, careless, improper driving"
43,Puerto Rico,430028,1,0,None
43,Puerto Rico,430029,1,4,"Inattentive, careless, improper driving"
43,Puerto Rico,430029,1,22,Speeding (above the speed limit)
43,Puerto Rico,430030,1,4,"Inattentive, careless, improper driving"
43,Puerto Rico,430030,1,46,Fail to yield generally
43,Puerto Rico,430031,1,4,"Inattentive, careless, improper driving"
43,Puerto Rico,430031,1,52,"Driving on left, wrong side of road, generally"
43,Puerto Rico,430031,2,0,None
43,Puerto Rico,430032,1,4,"Inattentive, careless, improper driving"
43,Puerto Rico,430033,1,4,"Inattentive, careless, improper driving"
43,Puerto Rico,430033,1,19,"Alcohol, drug, or impairment violations generally"
43,Puerto Rico,430034,1,4,"Inattentive, careless, improper driving"
43,Puerto Rico,430035,1,4,"Inattentive, careless, improper driving"
43,Puerto Rico,430035,1,22,Speeding (above the speed limit)
43,Puerto Rico,430036,1,4,"Inattentive, careless, improper driving"
43,Puerto Rico,430037,1,4,"Inattentive, careless, improper driving"
43,Puerto Rico,430037,1,52,"Driving on left, wrong side of road, generally"
43,Puerto Rico,430037,2,0,None
43,Puerto Rico,430038,1,4,"Inattentive, careless, improper driving"
43,Puerto Rico,430038,1,46,Fail to yield generally
43,Puerto Rico,430039,1,4,"Inattentive, careless, improper driving"
43,Puerto Rico,430039,1,46,Fail to yield generally
43,Puerto Rico,430040,1,4,"Inattentive, careless, improper driving"
43,Puerto Rico,430041,1,4,"Inattentive, careless, improper driving"
43,Puerto Rico,430041,1,52,"Driving on left, wrong side of road, generally"
43,Puerto Rico,430042,1,0,None
43,Puerto Rico,430043,1,0,None
43,Puerto Rico,430044,1,4,"Inattentive, careless, improper driving"
43,Puerto Rico,430044,1,58,Following too closely
43,Puerto Rico,430044,2,0,None
43,Puerto Rico,430044,3,0,None
43,Puerto Rico,430045,1,4,"Inattentive, careless, improper driving"
43,Puerto Rico,430045,1,22,Speeding (above the speed limit)
43,Puerto Rico,430046,1,4,"Inattentive, careless, improper driving"
43,Puerto Rico,430046,1,52,"Driving on left, wrong side of road, generally"
43,Puerto Rico,430046,2,0,None
43,Puerto Rico,430047,1,4,"Inattentive, careless, improper driving"
43,Puerto Rico,430047,1,22,Speeding (above the speed limit)
43,Puerto Rico,430048,1,0,None
43,Puerto Rico,430049,1,0,None
43,Puerto Rico,430050,1,4,"Inattentive, careless, improper driving"
43,Puerto Rico,430050,1,22,Speeding (above the speed limit)
43,Puerto Rico,430051,1,4,"Inattentive, careless, improper driving"
43,Puerto Rico,430051,1,22,Speeding (above the speed limit)
43,Puerto Rico,430052,1,7,"Hit-and-run, fail to stop after crash"
43,Puerto Rico,430052,1,46,Fail to yield generally
43,Puerto Rico,430053,1,4,"Inattentive, careless, improper driving"
43,Puerto Rico,430054,1,4,"Inattentive, careless, improper driving"
43,Puerto Rico,430054,1,22,Speeding (above the speed limit)
43,Puerto Rico,430055,1,4,"Inattentive, careless, improper driving"
43,Puerto Rico,430055,1,22,Speeding (above the speed limit)
43,Puerto Rico,430056,1,4,"Inattentive, careless, improper driving"
43,Puerto Rico,430057,1,22,Speeding (above the speed limit)
43,Puerto Rico,430057,1,2,Willful reckless driving; driving to endanger; negligent driving
43,Puerto Rico,430058,1,4,"Inattentive, careless, improper driving"
43,Puerto Rico,430058,1,22,Speeding (above the speed limit)
43,Puerto Rico,430059,1,4,"Inattentive, careless, improper driving"
43,Puerto Rico,430059,1,22,Speeding (above the speed limit)
43,Puerto Rico,430059,1,58,Following too closely
43,Puerto Rico,430059,2,0,None
43,Puerto Rico,430060,1,7,"Hit-and-run, fail to stop after crash"
43,Puerto Rico,430060,1,46,Fail to yield generally
43,Puerto Rico,430061,1,4,"Inattentive, careless, improper driving"
43,Puerto Rico,430061,1,46,Fail to yield generally
43,Puerto Rico,430062,1,4,"Inattentive, careless, improper driving"
43,Puerto Rico,430062,1,22,Speeding (above the speed limit)
43,Puerto Rico,430063,1,0,None
43,Puerto Rico,430064,1,4,"Inattentive, careless, improper driving"
43,Puerto Rico,430064,1,46,Fail to yield generally
43,Puerto Rico,430065,1,0,None
43,Puerto Rico,430066,1,4,"Inattentive, careless, improper driving"
43,Puerto Rico,430067,1,0,None
43,Puerto Rico,430068,1,0,None
43,Puerto Rico,430069,1,0,None
43,Puerto Rico,430070,1,4,"Inattentive, careless, improper driving"
43,Puerto Rico,430070,1,22,Speeding (above the speed limit)
43,Puerto Rico,430071,1,4,"Inattentive, careless, improper driving"
43,Puerto Rico,430071,1,37,Fail to obey stop sign
43,Puerto Rico,430071,1,46,Fail to yield generally
43,Puerto Rico,430071,2,0,None
43,Puerto Rico,430072,1,4,"Inattentive, careless, improper driving"
43,Puerto Rico,430072,1,52,"Driving on left, wrong side of road, generally"
43,Puerto Rico,430072,2,0,None
43,Puerto Rico,430073,1,4,"Inattentive, careless, improper driving"
43,Puerto Rico,430073,1,22,Speeding (above the speed limit)
43,Puerto Rico,430073,1,58,Following too closely
43,Puerto Rico,430073,2,0,None
43,Puerto Rico,430074,1,4,"Inattentive, careless, improper driving"
43,Puerto Rico,430074,1,22,Speeding (above the speed limit)
43,Puerto Rico,430075,1,4,"Inattentive, careless, improper driving"
43,Puerto Rico,430075,1,52,"Driving on left, wrong side of road, generally"
43,Puerto Rico,430076,1,4,"Inattentive, careless, improper driving"
43,Puerto Rico,430076,1,37,Fail to obey stop sign
43,Puerto Rico,430076,1,46,Fail to yield generally
43,Puerto Rico,430076,2,0,None
43,Puerto Rico,430077,1,4,"Inattentive, careless, improper driving"
43,Puerto Rico,430077,1,46,Fail to yield generally
43,Puerto Rico,430078,1,4,"Inattentive, careless, improper driving"
43,Puerto Rico,430078,1,22,Speeding (above the speed limit)
43,Puerto Rico,430078,2,0,None
43,Puerto Rico,430079,1,4,"Inattentive, careless, improper driving"
43,Puerto Rico,430079,1,22,Speeding (above the speed limit)
43,Puerto Rico,430080,1,4,"Inattentive, careless, improper driving"
43,Puerto Rico,430080,1,52,"Driving on left, wrong side of road, generally"
43,Puerto Rico,430080,2,0,None
43,Puerto Rico,430081,1,4,"Inattentive, careless, improper driving"
43,Puerto Rico,430082,1,0,None
43,Puerto Rico,430083,1,4,"Inattentive, careless, improper driving"
43,Puerto Rico,430083,1,22,Speeding (above the speed limit)
43,Puerto Rico,430083,1,58,Following too closely
43,Puerto Rico,430083,2,0,None
43,Puerto Rico,430084,1,4,"Inattentive, careless, improper driving"
43,Puerto Rico,430084,1,46,Fail to yield generally
43,Puerto Rico,430085,1,22,Speeding (above the speed limit)
43,Puerto Rico,430085,1,46,Fail to yield generally
43,Puerto Rico,430085,1,4,"Inattentive, careless, improper driving"
43,Puerto Rico,430086,1,4,"Inattentive, careless, improper driving"
43,Puerto Rico,430086,1,52,"Driving on left, wrong side of road, generally"
43,Puerto Rico,430086,1,56,Fail to give way when overtaken
43,Puerto Rico,430086,2,0,None
43,Puerto Rico,430087,1,4,"Inattentive, careless, improper driving"
43,Puerto Rico,430087,1,37,Fail to obey stop sign
43,Puerto Rico,430087,1,46,Fail to yield generally
43,Puerto Rico,430087,2,0,None
43,Puerto Rico,430088,1,4,"Inattentive, careless, improper driving"
43,Puerto Rico,430089,1,4,"Inattentive, careless, improper driving"
43,Puerto Rico,430089,1,22,Speeding (above the speed limit)
43,Puerto Rico,430089,1,52,"Driving on left, wrong side of road, generally"
43,Puerto Rico,430089,2,0,None
43,Puerto Rico,430090,1,4,"Inattentive, careless, improper driving"
43,Puerto Rico,430090,1,37,Fail to obey stop sign
43,Puerto Rico,430090,1,46,Fail to yield generally
43,Puerto Rico,430090,2,0,None
43,Puerto Rico,430091,1,4,"Inattentive, careless, improper driving"
43,Puerto Rico,430091,1,56,Fail to give way when overtaken
43,Puerto Rico,430091,1,69,"Lane violations, generally"
43,Puerto Rico,430092,1,4,"Inattentive, careless, improper driving"
43,Puerto Rico,430092,1,22,Speeding (above the speed limit)
43,Puerto Rico,430093,1,4,"Inattentive, careless, improper driving"
43,Puerto Rico,430093,1,22,Speeding (above the speed limit)
43,Puerto Rico,430093,1,46,Fail to yield generally
43,Puerto Rico,430094,1,4,"Inattentive, careless, improper driving"
43,Puerto Rico,430094,1,22,Speeding (above the speed limit)
43,Puerto Rico,430095,1,4,"Inattentive, careless, improper driving"
43,Puerto Rico,430095,1,37,Fail to obey stop sign
43,Puerto Rico,430095,1,46,Fail to yield generally
43,Puerto Rico,430095,2,0,None
43,Puerto Rico,430096,1,4,"Inattentive, careless, improper driving"
43,Puerto Rico,430096,1,22,Speeding (above the speed limit)
43,Puerto Rico,430097,1,4,"Inattentive, careless, improper driving"
43,Puerto Rico,430097,1,19,"Alcohol, drug, or impairment violations generally"
43,Puerto Rico,430097,1,58,Following too closely
43,Puerto Rico,430097,2,0,None
43,Puerto Rico,430098,1,4,"Inattentive, careless, improper driving"
43,Puerto Rico,430098,1,22,Speeding (above the speed limit)
43,Puerto Rico,430098,2,0,None
43,Puerto Rico,430099,1,4,"Inattentive, careless, improper driving"
43,Puerto Rico,430099,1,19,"Alcohol, drug, or impairment violations generally"
43,Puerto Rico,430099,1,22,Speeding (above the speed limit)
43,Puerto Rico,430099,2,0,None
43,Puerto Rico,430100,1,4,"Inattentive, careless, improper driving"
43,Puerto Rico,430101,1,4,"Inattentive, careless, improper driving"
43,Puerto Rico,430101,1,52,"Driving on left, wrong side of road, generally"
43,Puerto Rico,430101,2,0,None
43,Puerto Rico,430102,1,0,None
43,Puerto Rico,430103,1,4,"Inattentive, careless, improper driving"
43,Puerto Rico,430103,1,52,"Driving on left, wrong side of road, generally"
43,Puerto Rico,430103,2,0,None
43,Puerto Rico,430104,1,4,"Inattentive, careless, improper driving"
43,Puerto Rico,430104,1,22,Speeding (above the speed limit)
43,Puerto Rico,430105,1,0,None
43,Puerto Rico,430106,1,4,"Inattentive, careless, improper driving"
43,Puerto Rico,430106,1,22,Speeding (above the speed limit)
43,Puerto Rico,430106,1,52,"Driving on left, wrong side of road, generally"
43,Puerto Rico,430106,2,0,None
43,Puerto Rico,430107,1,0,None
43,Puerto Rico,430108,1,0,None
43,Puerto Rico,430109,1,0,None
43,Puerto Rico,430110,1,4,"Inattentive, careless, improper driving"
43,Puerto Rico,430110,1,22,Speeding (above the speed limit)
43,Puerto Rico,430110,2,0,None
43,Puerto Rico,430111,1,4,"Inattentive, careless, improper driving"
43,Puerto Rico,430111,1,22,Speeding (above the speed limit)
43,Puerto Rico,430112,1,0,None
43,Puerto Rico,430113,1,4,"Inattentive, careless, improper driving"
43,Puerto Rico,430113,1,22,Speeding (above the speed limit)
43,Puerto Rico,430113,1,52,"Driving on left, wrong side of road, generally"
43,Puerto Rico,430113,2,0,None
43,Puerto Rico,430114,1,4,"Inattentive, careless, improper driving"
43,Puerto Rico,430115,1,4,"Inattentive, careless, improper driving"
43,Puerto Rico,430115,1,46,Fail to yield generally
43,Puerto Rico,430115,1,69,"Lane violations, generally"
43,Puerto Rico,430116,1,22,Speeding (above the speed limit)
43,Puerto Rico,430116,1,37,Fail to obey stop sign
43,Puerto Rico,430116,1,46,Fail to yield generally
43,Puerto Rico,430116,2,0,None
43,Puerto Rico,430117,1,4,"Inattentive, careless, improper driving"
43,Puerto Rico,430117,1,22,Speeding (above the speed limit)
43,Puerto Rico,430117,1,56,Fail to give way when overtaken
43,Puerto Rico,430117,2,0,None
43,Puerto Rico,430118,1,4,"Inattentive, careless, improper driving"
43,Puerto Rico,430118,1,52,"Driving on left, wrong side of road, generally"
43,Puerto Rico,430118,1,56,Fail to give way when overtaken
43,Puerto Rico,430118,2,0,None
43,Puerto Rico,430119,1,4,"Inattentive, careless, improper driving"
43,Puerto Rico,430119,1,46,Fail to yield generally
43,Puerto Rico,430120,1,4,"Inattentive, careless, improper driving"
43,Puerto Rico,430120,1,22,Speeding (above the speed limit)
43,Puerto Rico,430120,1,46,Fail to yield generally
43,Puerto Rico,430121,1,4,"Inattentive, careless, improper driving"
43,Puerto Rico,430121,1,69,"Lane violations, generally"
43,Puerto Rico,430122,1,7,"Hit-and-run, fail to stop after crash"
43,Puerto Rico,430122,1,46,Fail to yield generally
43,Puerto Rico,430123,1,4,"Inattentive, careless, improper driving"
43,Puerto Rico,430123,1,52,"Driving on left, wrong side of road, generally"
43,Puerto Rico,430123,2,0,None
43,Puerto Rico,430124,1,4,"Inattentive, careless, improper driving"
43,Puerto Rico,430124,1,46,Fail to yield generally
43,Puerto Rico,430125,1,0,None
43,Puerto Rico,430126,1,4,"Inattentive, careless, improper driving"
43,Puerto Rico,430126,1,52,"Driving on left, wrong side of road, generally"
43,Puerto Rico,430126,2,0,None
43,Puerto Rico,430127,1,4,"Inattentive, careless, improper driving"
43,Puerto Rico,430127,1,46,Fail to yield generally
43,Puerto Rico,430128,1,37,Fail to obey stop sign
43,Puerto Rico,430128,1,46,Fail to yield generally
43,Puerto Rico,430128,1,49,"Turn, yield, signaling violations generally"
43,Puerto Rico,430128,2,0,None
43,Puerto Rico,430129,1,4,"Inattentive, careless, improper driving"
43,Puerto Rico,430129,1,22,Speeding (above the speed limit)
43,Puerto Rico,430130,1,0,None
43,Puerto Rico,430130,2,0,None
43,Puerto Rico,430131,1,4,"Inattentive, careless, improper driving"
43,Puerto Rico,430131,1,22,Speeding (above the speed limit)
43,Puerto Rico,430131,1,58,Following too closely
43,Puerto Rico,430131,2,0,None
43,Puerto Rico,430132,1,4,"Inattentive, careless, improper driving"
43,Puerto Rico,430132,1,22,Speeding (above the speed limit)
43,Puerto Rico,430133,1,7,"Hit-and-run, fail to stop after crash"
43,Puerto Rico,430133,1,46,Fail to yield generally
43,Puerto Rico,430134,1,0,None
43,Puerto Rico,430135,1,4,"Inattentive, careless, improper driving"
43,Puerto Rico,430135,1,22,Speeding (above the speed limit)
43,Puerto Rico,430136,1,4,"Inattentive, careless, improper driving"
43,Puerto Rico,430136,1,46,Fail to yield generally
43,Puerto Rico,430137,1,4,"Inattentive, careless, improper driving"
43,Puerto Rico,430137,1,46,Fail to yield generally
43,Puerto Rico,430138,1,4,"Inattentive, careless, improper driving"
43,Puerto Rico,430138,1,22,Speeding (above the speed limit)
43,Puerto Rico,430139,1,4,"Inattentive, careless, improper driving"
43,Puerto Rico,430139,1,52,"Driving on left, wrong side of road, generally"
43,Puerto Rico,430139,1,69,"Lane violations, generally"
43,Puerto Rico,430140,1,4,"Inattentive, careless, improper driving"
43,Puerto Rico,430140,1,58,Following too closely
43,Puerto Rico,430140,2,0,None
43,Puerto Rico,430141,1,7,"Hit-and-run, fail to stop after crash"
43,Puerto Rico,430141,1,46,Fail to yield generally
43,Puerto Rico,430142,1,4,"Inattentive, careless, improper driving"
43,Puerto Rico,430142,1,52,"Driving on left, wrong side of road, generally"
43,Puerto Rico,430142,1,69,"Lane violations, generally"
43,Puerto Rico,430142,2,0,None
43,Puerto Rico,430143,1,4,"Inattentive, careless, improper driving"
43,Puerto Rico,430143,1,22,Speeding (above the speed limit)
43,Puerto Rico,430144,1,4,"Inattentive, careless, improper driving"
43,Puerto Rico,430144,2,0,None
43,Puerto Rico,430145,1,0,None
43,Puerto Rico,430146,1,4,"Inattentive, careless, improper driving"
43,Puerto Rico,430146,1,52,"Driving on left, wrong side of road, generally"
43,Puerto Rico,430146,2,0,None
43,Puerto Rico,430147,1,7,"Hit-and-run, fail to stop after crash"
43,Puerto Rico,430147,1,46,Fail to yield generally
43,Puerto Rico,430148,1,0,None
43,Puerto Rico,430149,1,4,"Inattentive, careless, improper driving"
43,Puerto Rico,430149,1,52,"Driving on left, wrong side of road, generally"
43,Puerto Rico,430149,2,0,None
43,Puerto Rico,430150,1,7,"Hit-and-run, fail to stop after crash"
43,Puerto Rico,430150,1,46,Fail to yield generally
43,Puerto Rico,430151,1,4,"Inattentive, careless, improper driving"
43,Puerto Rico,430151,1,58,Following too closely
43,Puerto Rico,430151,2,0,None
43,Puerto Rico,430152,1,4,"Inattentive, careless, improper driving"
43,Puerto Rico,430152,1,22,Speeding (above the speed limit)
43,Puerto Rico,430153,1,4,"Inattentive, careless, improper driving"
43,Puerto Rico,430153,1,22,Speeding (above the speed limit)
43,Puerto Rico,430154,1,4,"Inattentive, careless, improper driving"
43,Puerto Rico,430155,1,0,None
43,Puerto Rico,430156,1,4,"Inattentive, careless, improper driving"
43,Puerto Rico,430156,1,52,"Driving on left, wrong side of road, generally"
43,Puerto Rico,430156,2,0,None
43,Puerto Rico,430157,1,4,"Inattentive, careless, improper driving"
43,Puerto Rico,430157,1,58,Following too closely
43,Puerto Rico,430157,2,0,None
43,Puerto Rico,430158,1,4,"Inattentive, careless, improper driving"
43,Puerto Rico,430158,1,22,Speeding (above the speed limit)
43,Puerto Rico,430159,1,4,"Inattentive, careless, improper driving"
43,Puerto Rico,430159,1,22,Speeding (above the speed limit)
43,Puerto Rico,430160,1,4,"Inattentive, careless, improper driving"
43,Puerto Rico,430160,1,22,Speeding (above the speed limit)
43,Puerto Rico,430161,1,4,"Inattentive, careless, improper driving"
43,Puerto Rico,430161,1,22,Speeding (above the speed limit)
43,Puerto Rico,430162,1,4,"Inattentive, careless, improper driving"
43,Puerto Rico,430162,1,51,Driving wrong way on one-way road
43,Puerto Rico,430163,1,4,"Inattentive, careless, improper driving"
43,Puerto Rico,430163,1,22,Speeding (above the speed limit)
43,Puerto Rico,430164,1,7,"Hit-and-run, fail to stop after crash"
43,Puerto Rico,430164,1,46,Fail to yield generally
43,Puerto Rico,430165,1,4,"Inattentive, careless, improper driving"
43,Puerto Rico,430165,1,22,Speeding (above the speed limit)
43,Puerto Rico,430165,1,51,Driving wrong way on one-way road
43,Puerto Rico,430165,2,0,None
43,Puerto Rico,430166,1,7,"Hit-and-run, fail to stop after crash"
43,Puerto Rico,430166,1,46,Fail to yield generally
43,Puerto Rico,430167,1,4,"Inattentive, careless, improper driving"
43,Puerto Rico,430167,1,61,Unsafe or prohibited lane change
43,Puerto Rico,430167,2,0,None
43,Puerto Rico,430168,1,4,"Inattentive, careless, improper driving"
43,Puerto Rico,430168,1,37,Fail to obey stop sign
43,Puerto Rico,430168,1,46,Fail to yield generally
43,Puerto Rico,430168,2,0,None
43,Puerto Rico,430169,1,4,"Inattentive, careless, improper driving"
43,Puerto Rico,430170,1,4,"Inattentive, careless, improper driving"
43,Puerto Rico,430170,1,52,"Driving on left, wrong side of road, generally"
43,Puerto Rico,430171,1,4,"Inattentive, careless, improper driving"
43,Puerto Rico,430171,1,22,Speeding (above the speed limit)
43,Puerto Rico,430171,1,52,"Driving on left, wrong side of road, generally"
43,Puerto Rico,430171,2,0,None
43,Puerto Rico,430171,3,0,None
43,Puerto Rico,430172,1,4,"Inattentive, careless, improper driving"
43,Puerto Rico,430172,1,22,Speeding (above the speed limit)
43,Puerto Rico,430173,1,4,"Inattentive, careless, improper driving"
43,Puerto Rico,430173,1,22,Speeding (above the speed limit)
43,Puerto Rico,430174,1,0,None
43,Puerto Rico,430175,1,0,None
43,Puerto Rico,430176,1,4,"Inattentive, careless, improper driving"
43,Puerto Rico,430177,1,4,"Inattentive, careless, improper driving"
43,Puerto Rico,430177,1,22,Speeding (above the speed limit)
43,Puerto Rico,430177,2,0,None
43,Puerto Rico,430177,3,0,None
43,Puerto Rico,430178,1,4,"Inattentive, careless, improper driving"
43,Puerto Rico,430178,1,22,Speeding (above the speed limit)
43,Puerto Rico,430178,2,0,None
43,Puerto Rico,430179,1,4,"Inattentive, careless, improper driving"
43,Puerto Rico,430180,1,4,"Inattentive, careless, improper driving"
43,Puerto Rico,430181,1,4,"Inattentive, careless, improper driving"
43,Puerto Rico,430181,1,22,Speeding (above the speed limit)
43,Puerto Rico,430182,1,4,"Inattentive, careless, improper driving"
43,Puerto Rico,430182,1,22,Speeding (above the speed limit)
43,Puerto Rico,430183,1,4,"Inattentive, careless, improper driving"
43,Puerto Rico,430183,1,46,Fail to yield generally
43,Puerto Rico,430184,1,4,"Inattentive, careless, improper driving"
43,Puerto Rico,430184,1,46,Fail to yield generally
43,Puerto Rico,430185,1,4,"Inattentive, careless, improper driving"
43,Puerto Rico,430185,1,22,Speeding (above the speed limit)
43,Puerto Rico,430186,1,4,"Inattentive, careless, improper driving"
43,Puerto Rico,430186,1,37,Fail to obey stop sign
43,Puerto Rico,430186,1,52,"Driving on left, wrong side of road, generally"
43,Puerto Rico,430186,2,0,None
43,Puerto Rico,430187,1,7,"Hit-and-run, fail to stop after crash"
43,Puerto Rico,430187,1,46,Fail to yield generally
43,Puerto Rico,430188,1,4,"Inattentive, careless, improper driving"
43,Puerto Rico,430189,1,0,None
43,Puerto Rico,430190,1,4,"Inattentive, careless, improper driving"
43,Puerto Rico,430190,1,52,"Driving on left, wrong side of road, generally"
43,Puerto Rico,430190,2,0,None
43,Puerto Rico,430191,1,4,"Inattentive, careless, improper driving"
43,Puerto Rico,430191,1,22,Speeding (above the speed limit)
43,Puerto Rico,430191,1,52,"Driving on left, wrong side of road, generally"
43,Puerto Rico,430191,2,0,None
43,Puerto Rico,430192,1,0,None
43,Puerto Rico,430193,1,4,"Inattentive, careless, improper driving"
43,Puerto Rico,430193,1,46,Fail to yield generally
43,Puerto Rico,430194,1,4,"Inattentive, careless, improper driving"
43,Puerto Rico,430194,1,46,Fail to yield generally
43,Puerto Rico,430195,1,4,"Inattentive, careless, improper driving"
43,Puerto Rico,430195,1,46,Fail to yield generally
43,Puerto Rico,430196,1,4,"Inattentive, careless, improper driving"
43,Puerto Rico,430197,1,4,"Inattentive, careless, improper driving"
43,Puerto Rico,430197,1,46,Fail to yield generally
43,Puerto Rico,430198,1,4,"Inattentive, careless, improper driving"
43,Puerto Rico,430198,1,46,Fail to yield generally
43,Puerto Rico,430199,1,4,"Inattentive, careless, improper driving"
43,Puerto Rico,430199,1,52,"Driving on left, wrong side of road, generally"
43,Puerto Rico,430199,2,0,None
43,Puerto Rico,430200,1,4,"Inattentive, careless, improper driving"
43,Puerto Rico,430200,1,58,Following too closely
43,Puerto Rico,430201,1,4,"Inattentive, careless, improper driving"
43,Puerto Rico,430201,1,22,Speeding (above the speed limit)
43,Puerto Rico,430202,1,4,"Inattentive, careless, improper driving"
43,Puerto Rico,430202,1,37,Fail to obey stop sign
43,Puerto Rico,430202,1,46,Fail to yield generally
43,Puerto Rico,430203,1,4,"Inattentive, careless, improper driving"
43,Puerto Rico,430203,1,46,Fail to yield generally
43,Puerto Rico,430204,1,4,"Inattentive, careless, improper driving"
43,Puerto Rico,430204,1,52,"Driving on left, wrong side of road, generally"
43,Puerto Rico,430204,2,0,None
43,Puerto Rico,430205,1,4,"Inattentive, careless, improper driving"
43,Puerto Rico,430205,1,22,Speeding (above the speed limit)
43,Puerto Rico,430205,1,58,Following too closely
43,Puerto Rico,430205,2,0,None
43,Puerto Rico,430206,1,4,"Inattentive, careless, improper driving"
43,Puerto Rico,430206,1,46,Fail to yield generally
43,Puerto Rico,430207,1,4,"Inattentive, careless, improper driving"
43,Puerto Rico,430207,1,22,Speeding (above the speed limit)
43,Puerto Rico,430208,1,4,"Inattentive, careless, improper driving"
43,Puerto Rico,430209,1,4,"Inattentive, careless, improper driving"
43,Puerto Rico,430209,1,22,Speeding (above the speed limit)
43,Puerto Rico,430210,1,4,"Inattentive, careless, improper driving"
43,Puerto Rico,430210,1,46,Fail to yield generally
43,Puerto Rico,430211,1,7,"Hit-and-run, fail to stop after crash"
43,Puerto Rico,430211,1,46,Fail to yield generally
43,Puerto Rico,430212,1,0,None
43,Puerto Rico,430213,1,4,"Inattentive, careless, improper driving"
43,Puerto Rico,430214,1,4,"Inattentive, careless, improper driving"
43,Puerto Rico,430214,1,46,Fail to yield generally
43,Puerto Rico,430215,1,4,"Inattentive, careless, improper driving"
43,Puerto Rico,430216,1,4,"Inattentive, careless, improper driving"
43,Puerto Rico,430216,1,46,Fail to yield generally
43,Puerto Rico,430217,1,4,"Inattentive, careless, improper driving"
43,Puerto Rico,430218,1,0,None
43,Puerto Rico,430219,1,4,"Inattentive, careless, improper driving"
43,Puerto Rico,430219,1,46,Fail to yield generally
43,Puerto Rico,430220,1,4,"Inattentive, careless, improper driving"
43,Puerto Rico,430220,1,58,Following too closely
43,Puerto Rico,430220,2,0,None
43,Puerto Rico,430221,1,7,"Hit-and-run, fail to stop after crash"
43,Puerto Rico,430221,1,46,Fail to yield generally
43,Puerto Rico,430222,1,4,"Inattentive, careless, improper driving"
43,Puerto Rico,430222,1,46,Fail to yield generally
43,Puerto Rico,430223,1,4,"Inattentive, careless, improper driving"
43,Puerto Rico,430223,1,22,Speeding (above the speed limit)
43,Puerto Rico,430223,1,52,"Driving on left, wrong side of road, generally"
43,Puerto Rico,430223,2,0,None
43,Puerto Rico,430224,1,4,"Inattentive, careless, improper driving"
43,Puerto Rico,430224,1,46,Fail to yield generally
43,Puerto Rico,430224,2,0,None
43,Puerto Rico,430224,3,0,None
43,Puerto Rico,430225,1,4,"Inattentive, careless, improper driving"
43,Puerto Rico,430225,1,22,Speeding (above the speed limit)
43,Puerto Rico,430226,1,4,"Inattentive, careless, improper driving"
43,Puerto Rico,430226,1,46,Fail to yield generally
43,Puerto Rico,430226,2,0,None
43,Puerto Rico,430227,1,7,"Hit-and-run, fail to stop after crash"
43,Puerto Rico,430227,1,46,Fail to yield generally
43,Puerto Rico,430228,1,7,"Hit-and-run, fail to stop after crash"
43,Puerto Rico,430228,1,46,Fail to yield generally
43,Puerto Rico,430229,1,22,Speeding (above the speed limit)
43,Puerto Rico,430229,1,4,"Inattentive, careless, improper driving"
43,Puerto Rico,430230,1,4,"Inattentive, careless, improper driving"
43,Puerto Rico,430230,1,22,Speeding (above the speed limit)
43,Puerto Rico,430231,1,4,"Inattentive, careless, improper driving"
43,Puerto Rico,430231,1,22,Speeding (above the speed limit)
43,Puerto Rico,430232,1,4,"Inattentive, careless, improper driving"
43,Puerto Rico,430232,1,22,Speeding (above the speed limit)
43,Puerto Rico,430233,1,4,"Inattentive, careless, improper driving"
43,Puerto Rico,430233,1,46,Fail to yield generally
43,Puerto Rico,430234,1,4,"Inattentive, careless, improper driving"
43,Puerto Rico,430234,1,69,"Lane violations, generally"
43,Puerto Rico,430235,1,4,"Inattentive, careless, improper driving"
43,Puerto Rico,430235,1,22,Speeding (above the speed limit)
43,Puerto Rico,430235,1,69,"Lane violations, generally"
43,Puerto Rico,430235,2,0,None
43,Puerto Rico,430236,1,4,"Inattentive, careless, improper driving"
43,Puerto Rico,430236,1,22,Speeding (above the speed limit)
43,Puerto Rico,430237,1,0,None
43,Puerto Rico,430238,1,4,"Inattentive, careless, improper driving"
43,Puerto Rico,430238,1,46,Fail to yield generally
43,Puerto Rico,430239,1,4,"Inattentive, careless, improper driving"
43,Puerto Rico,430239,1,22,Speeding (above the speed limit)
43,Puerto Rico,430240,1,95,No Driver Present/Unknown if Driver Present
43,Puerto Rico,430241,1,4,"Inattentive, careless, improper driving"
43,Puerto Rico,430241,1,52,"Driving on left, wrong side of road, generally"
43,Puerto Rico,430241,2,0,None
43,Puerto Rico,430242,1,4,"Inattentive, careless, improper driving"
43,Puerto Rico,430242,1,46,Fail to yield generally
43,Puerto Rico,430242,1,49,"Turn, yield, signaling violations generally"
43,Puerto Rico,430243,1,4,"Inattentive, careless, improper driving"
43,Puerto Rico,430244,1,4,"Inattentive, careless, improper driving"
43,Puerto Rico,430244,1,22,Speeding (above the speed limit)
43,Puerto Rico,430245,1,4,"Inattentive, careless, improper driving"
43,Puerto Rico,430245,1,52,"Driving on left, wrong side of road, generally"
43,Puerto Rico,430245,2,0,None
43,Puerto Rico,430246,1,0,None
43,Puerto Rico,430247,1,4,"Inattentive, careless, improper driving"
43,Puerto Rico,430247,1,22,Speeding (above the speed limit)
43,Puerto Rico,430248,1,4,"Inattentive, careless, improper driving"
43,Puerto Rico,430248,1,49,"Turn, yield, signaling violations generally"
43,Puerto Rico,430248,2,0,None
43,Puerto Rico,430249,1,4,"Inattentive, careless, improper driving"
43,Puerto Rico,430249,1,52,"Driving on left, wrong side of road, generally"
43,Puerto Rico,430250,1,4,"Inattentive, careless, improper driving"
43,Puerto Rico,430250,1,49,"Turn, yield, signaling violations generally"
43,Puerto Rico,430250,1,52,"Driving on left, wrong side of road, generally"
43,Puerto Rico,430250,2,0,None
43,Puerto Rico,430251,1,4,"Inattentive, careless, improper driving"
43,Puerto Rico,430251,1,58,Following too closely
43,Puerto Rico,430251,2,0,None
43,Puerto Rico,430252,1,4,"Inattentive, careless, improper driving"
43,Puerto Rico,430252,1,22,Speeding (above the speed limit)
43,Puerto Rico,430253,1,4,"Inattentive, careless, improper driving"
43,Puerto Rico,430253,1,98,"Other moving violation (coasting, backing, opening door)"
43,Puerto Rico,430254,1,0,None
43,Puerto Rico,430255,1,0,None
43,Puerto Rico,430256,1,4,"Inattentive, careless, improper driving"
43,Puerto Rico,430257,1,4,"Inattentive, careless, improper driving"
43,Puerto Rico,430257,1,22,Speeding (above the speed limit)
43,Puerto Rico,430258,1,4,"Inattentive, careless, improper driving"
43,Puerto Rico,430258,1,22,Speeding (above the speed limit)
43,Puerto Rico,430259,1,4,"Inattentive, careless, improper driving"
43,Puerto Rico,430259,1,22,Speeding (above the speed limit)
43,Puerto Rico,430260,1,4,"Inattentive, careless, improper driving"
43,Puerto Rico,430260,1,22,Speeding (above the speed limit)
43,Puerto Rico,430261,1,4,"Inattentive, careless, improper driving"
43,Puerto Rico,430262,1,4,"Inattentive, careless, improper driving"
43,Puerto Rico,430262,1,22,Speeding (above the speed limit)
43,Puerto Rico,430263,1,4,"Inattentive, careless, improper driving"
43,Puerto Rico,430263,1,22,Speeding (above the speed limit)
43,Puerto Rico,430263,1,46,Fail to yield generally
43,Puerto Rico,430264,1,4,"Inattentive, careless, improper driving"
43,Puerto Rico,430264,1,22,Speeding (above the speed limit)
43,Puerto Rico,430264,2,0,None
43,Puerto Rico,430265,1,4,"Inattentive, careless, improper driving"
43,Puerto Rico,430265,1,46,Fail to yield generally
43,Puerto Rico,430266,1,4,"Inattentive, careless, improper driving"
43,Puerto Rico,430266,1,46,Fail to yield generally
43,Puerto Rico,430267,1,4,"Inattentive, careless, improper driving"
43,Puerto Rico,430267,1,52,"Driving on left, wrong side of road, generally"
43,Puerto Rico,430267,2,0,None
43,Puerto Rico,430268,1,4,"Inattentive, careless, improper driving"
43,Puerto Rico,430268,1,53,"Improper, unsafe passing"
43,Puerto Rico,430268,1,61,Unsafe or prohibited lane change
43,Puerto Rico,430268,2,0,None
43,Puerto Rico,430269,1,4,"Inattentive, careless, improper driving"
