STATE,STATENAME,ST_CASE,VEH_NO,DRIVERRF,DRIVERRFNAME
43,Puerto Rico,430001,1,38,Failure to Yield Right-of-Way
43,Puerto Rico,430001,1,36,"Operating the Vehicle in an Erratic, Reckless or Negligent Manner."
43,Puerto Rico,430002,1,0,None
43,Puerto Rico,430003,1,38,Failure to Yield Right-of-Way
43,Puerto Rico,430003,1,36,"Operating the Vehicle in an Erratic, Reckless or Negligent Manner."
43,Puerto Rico,430004,1,38,Failure to Yield Right-of-Way
43,Puerto Rico,430004,1,36,"Operating the Vehicle in an Erratic, Reckless or Negligent Manner."
43,Puerto Rico,430004,2,0,None
43,Puerto Rico,430005,1,36,"Operating the Vehicle in an Erratic, Reckless or Negligent Manner."
43,Puerto Rico,430006,1,38,Failure to Yield Right-of-Way
43,Puerto Rico,430006,1,36,"Operating the Vehicle in an Erratic, Reckless or Negligent Manner."
43,Puerto Rico,430006,1,26,Following Improperly
43,Puerto Rico,430007,1,51,Driving on Wrong Side of Two-Way Trafficway (Intentional or Unintentional)
43,Puerto Rico,430007,1,36,"Operating the Vehicle in an Erratic, Reckless or Negligent Manner."
43,Puerto Rico,430007,1,35,Passing with Insufficient Distance or Inadequate Visibility or Failing to Yield to Overtaking Vehicle
43,Puerto Rico,430007,2,0,None
43,Puerto Rico,430008,1,38,Failure to Yield Right-of-Way
43,Puerto Rico,430008,1,36,"Operating the Vehicle in an Erratic, Reckless or Negligent Manner."
43,Puerto Rico,430009,1,0,None
43,Puerto Rico,430010,1,51,Driving on Wrong Side of Two-Way Trafficway (Intentional or Unintentional)
43,Puerto Rico,430010,1,38,Failure to Yield Right-of-Way
43,Puerto Rico,430010,1,36,"Operating the Vehicle in an Erratic, Reckless or Negligent Manner."
43,Puerto Rico,430010,2,0,None
43,Puerto Rico,430011,1,36,"Operating the Vehicle in an Erratic, Reckless or Negligent Manner."
43,Puerto Rico,430011,1,28,Improper Lane Usage
43,Puerto Rico,430012,1,36,"Operating the Vehicle in an Erratic, Reckless or Negligent Manner."
43,Puerto Rico,430012,1,28,Improper Lane Usage
43,Puerto Rico,430013,1,36,"Operating the Vehicle in an Erratic, Reckless or Negligent Manner."
43,Puerto Rico,430013,1,28,Improper Lane Usage
43,Puerto Rico,430014,1,51,Driving on Wrong Side of Two-Way Trafficway (Intentional or Unintentional)
43,Puerto Rico,430014,1,36,"Operating the Vehicle in an Erratic, Reckless or Negligent Manner."
43,Puerto Rico,430014,2,0,None
43,Puerto Rico,430015,1,36,"Operating the Vehicle in an Erratic, Reckless or Negligent Manner."
43,Puerto Rico,430015,1,28,Improper Lane Usage
43,Puerto Rico,430016,1,0,None
43,Puerto Rico,430017,1,36,"Operating the Vehicle in an Erratic, Reckless or Negligent Manner."
43,Puerto Rico,430017,1,28,Improper Lane Usage
43,Puerto Rico,430018,1,36,"Operating the Vehicle in an Erratic, Reckless or Negligent Manner."
43,Puerto Rico,430018,1,28,Improper Lane Usage
43,Puerto Rico,430018,1,27,Improper or Erratic Lane Changing
43,Puerto Rico,430018,2,0,None
43,Puerto Rico,430019,1,36,"Operating the Vehicle in an Erratic, Reckless or Negligent Manner."
43,Puerto Rico,430020,1,39,"Failure to Obey Actual Traffic Signs, Traffic Control Devices, or Traffic Officers. Failure to Obey Safety Zone Traffic Laws"
43,Puerto Rico,430020,1,38,Failure to Yield Right-of-Way
43,Puerto Rico,430020,1,36,"Operating the Vehicle in an Erratic, Reckless or Negligent Manner."
43,Puerto Rico,430020,1,26,Following Improperly
43,Puerto Rico,430020,2,0,None
43,Puerto Rico,430021,1,38,Failure to Yield Right-of-Way
43,Puerto Rico,430021,1,36,"Operating the Vehicle in an Erratic, Reckless or Negligent Manner."
43,Puerto Rico,430022,1,36,"Operating the Vehicle in an Erratic, Reckless or Negligent Manner."
43,Puerto Rico,430022,1,28,Improper Lane Usage
43,Puerto Rico,430023,1,38,Failure to Yield Right-of-Way
43,Puerto Rico,430023,1,36,"Operating the Vehicle in an Erratic, Reckless or Negligent Manner."
43,Puerto Rico,430024,1,59,Getting Off/Out of a Vehicle
43,Puerto Rico,430024,1,36,"Operating the Vehicle in an Erratic, Reckless or Negligent Manner."
43,Puerto Rico,430024,1,35,Passing with Insufficient Distance or Inadequate Visibility or Failing to Yield to Overtaking Vehicle
43,Puerto Rico,430024,1,28,Improper Lane Usage
43,Puerto Rico,430024,2,59,Getting Off/Out of a Vehicle
43,Puerto Rico,430024,2,36,"Operating the Vehicle in an Erratic, Reckless or Negligent Manner."
43,Puerto Rico,430024,2,35,Passing with Insufficient Distance or Inadequate Visibility or Failing to Yield to Overtaking Vehicle
43,Puerto Rico,430024,2,28,Improper Lane Usage
43,Puerto Rico,430024,3,0,None
43,Puerto Rico,430024,4,0,None
43,Puerto Rico,430025,1,51,Driving on Wrong Side of Two-Way Trafficway (Intentional or Unintentional)
43,Puerto Rico,430025,1,36,"Operating the Vehicle in an Erratic, Reckless or Negligent Manner."
43,Puerto Rico,430025,2,0,None
43,Puerto Rico,430026,1,38,Failure to Yield Right-of-Way
43,Puerto Rico,430026,1,36,"Operating the Vehicle in an Erratic, Reckless or Negligent Manner."
43,Puerto Rico,430026,2,0,None
43,Puerto Rico,430027,1,0,None
43,Puerto Rico,430028,1,39,"Failure to Obey Actual Traffic Signs, Traffic Control Devices, or Traffic Officers. Failure to Obey Safety Zone Traffic Laws"
43,Puerto Rico,430028,1,38,Failure to Yield Right-of-Way
43,Puerto Rico,430028,1,36,"Operating the Vehicle in an Erratic, Reckless or Negligent Manner."
43,Puerto Rico,430028,1,26,Following Improperly
43,Puerto Rico,430028,2,0,None
43,Puerto Rico,430029,1,36,"Operating the Vehicle in an Erratic, Reckless or Negligent Manner."
43,Puerto Rico,430029,1,28,Improper Lane Usage
43,Puerto Rico,430029,2,0,None
43,Puerto Rico,430030,1,36,"Operating the Vehicle in an Erratic, Reckless or Negligent Manner."
43,Puerto Rico,430030,1,28,Improper Lane Usage
43,Puerto Rico,430031,1,36,"Operating the Vehicle in an Erratic, Reckless or Negligent Manner."
43,Puerto Rico,430031,1,28,Improper Lane Usage
43,Puerto Rico,430032,1,36,"Operating the Vehicle in an Erratic, Reckless or Negligent Manner."
43,Puerto Rico,430033,1,36,"Operating the Vehicle in an Erratic, Reckless or Negligent Manner."
43,Puerto Rico,430033,1,28,Improper Lane Usage
43,Puerto Rico,430034,1,38,Failure to Yield Right-of-Way
43,Puerto Rico,430034,1,36,"Operating the Vehicle in an Erratic, Reckless or Negligent Manner."
43,Puerto Rico,430034,1,26,Following Improperly
43,Puerto Rico,430034,2,0,None
43,Puerto Rico,430035,1,36,"Operating the Vehicle in an Erratic, Reckless or Negligent Manner."
43,Puerto Rico,430035,1,28,Improper Lane Usage
43,Puerto Rico,430036,1,48,Making Other Improper Turn
43,Puerto Rico,430036,1,36,"Operating the Vehicle in an Erratic, Reckless or Negligent Manner."
43,Puerto Rico,430036,1,51,Driving on Wrong Side of Two-Way Trafficway (Intentional or Unintentional)
43,Puerto Rico,430036,2,0,None
43,Puerto Rico,430037,1,36,"Operating the Vehicle in an Erratic, Reckless or Negligent Manner."
43,Puerto Rico,430037,1,28,Improper Lane Usage
43,Puerto Rico,430038,1,38,Failure to Yield Right-of-Way
43,Puerto Rico,430038,1,36,"Operating the Vehicle in an Erratic, Reckless or Negligent Manner."
43,Puerto Rico,430039,1,36,"Operating the Vehicle in an Erratic, Reckless or Negligent Manner."
43,Puerto Rico,430039,1,28,Improper Lane Usage
43,Puerto Rico,430039,2,0,None
43,Puerto Rico,430040,1,48,Making Other Improper Turn
43,Puerto Rico,430040,1,38,Failure to Yield Right-of-Way
43,Puerto Rico,430040,1,36,"Operating the Vehicle in an Erratic, Reckless or Negligent Manner."
43,Puerto Rico,430040,2,0,None
43,Puerto Rico,430041,1,36,"Operating the Vehicle in an Erratic, Reckless or Negligent Manner."
43,Puerto Rico,430041,1,28,Improper Lane Usage
43,Puerto Rico,430041,2,0,None
43,Puerto Rico,430042,1,36,"Operating the Vehicle in an Erratic, Reckless or Negligent Manner."
43,Puerto Rico,430042,1,28,Improper Lane Usage
43,Puerto Rico,430043,1,38,Failure to Yield Right-of-Way
43,Puerto Rico,430043,1,36,"Operating the Vehicle in an Erratic, Reckless or Negligent Manner."
43,Puerto Rico,430044,1,36,"Operating the Vehicle in an Erratic, Reckless or Negligent Manner."
43,Puerto Rico,430044,1,28,Improper Lane Usage
43,Puerto Rico,430045,1,36,"Operating the Vehicle in an Erratic, Reckless or Negligent Manner."
43,Puerto Rico,430045,1,28,Improper Lane Usage
43,Puerto Rico,430046,1,36,"Operating the Vehicle in an Erratic, Reckless or Negligent Manner."
43,Puerto Rico,430046,1,28,Improper Lane Usage
43,Puerto Rico,430047,1,36,"Operating the Vehicle in an Erratic, Reckless or Negligent Manner."
43,Puerto Rico,430047,1,26,Following Improperly
43,Puerto Rico,430047,2,0,None
43,Puerto Rico,430048,1,36,"Operating the Vehicle in an Erratic, Reckless or Negligent Manner."
43,Puerto Rico,430048,1,35,Passing with Insufficient Distance or Inadequate Visibility or Failing to Yield to Overtaking Vehicle
43,Puerto Rico,430048,1,28,Improper Lane Usage
43,Puerto Rico,430048,2,0,None
43,Puerto Rico,430049,1,0,None
43,Puerto Rico,430050,1,38,Failure to Yield Right-of-Way
43,Puerto Rico,430050,1,36,"Operating the Vehicle in an Erratic, Reckless or Negligent Manner."
43,Puerto Rico,430051,1,36,"Operating the Vehicle in an Erratic, Reckless or Negligent Manner."
43,Puerto Rico,430051,1,28,Improper Lane Usage
43,Puerto Rico,430051,1,27,Improper or Erratic Lane Changing
43,Puerto Rico,430051,2,0,None
43,Puerto Rico,430051,3,0,None
43,Puerto Rico,430052,1,0,None
43,Puerto Rico,430053,1,0,None
43,Puerto Rico,430054,1,36,"Operating the Vehicle in an Erratic, Reckless or Negligent Manner."
43,Puerto Rico,430054,1,28,Improper Lane Usage
43,Puerto Rico,430054,2,0,None
43,Puerto Rico,430055,1,38,Failure to Yield Right-of-Way
43,Puerto Rico,430055,1,36,"Operating the Vehicle in an Erratic, Reckless or Negligent Manner."
43,Puerto Rico,430056,1,36,"Operating the Vehicle in an Erratic, Reckless or Negligent Manner."
43,Puerto Rico,430056,1,28,Improper Lane Usage
43,Puerto Rico,430056,2,0,None
43,Puerto Rico,430057,1,36,"Operating the Vehicle in an Erratic, Reckless or Negligent Manner."
43,Puerto Rico,430057,1,28,Improper Lane Usage
43,Puerto Rico,430058,1,36,"Operating the Vehicle in an Erratic, Reckless or Negligent Manner."
43,Puerto Rico,430058,1,31,Starting or Backing Improperly
43,Puerto Rico,430058,2,0,None
43,Puerto Rico,430059,1,0,None
43,Puerto Rico,430060,1,0,None
43,Puerto Rico,430061,1,38,Failure to Yield Right-of-Way
43,Puerto Rico,430061,1,36,"Operating the Vehicle in an Erratic, Reckless or Negligent Manner."
43,Puerto Rico,430062,1,36,"Operating the Vehicle in an Erratic, Reckless or Negligent Manner."
43,Puerto Rico,430062,1,26,Following Improperly
43,Puerto Rico,430062,2,0,None
43,Puerto Rico,430063,1,36,"Operating the Vehicle in an Erratic, Reckless or Negligent Manner."
43,Puerto Rico,430063,1,28,Improper Lane Usage
43,Puerto Rico,430063,2,0,None
43,Puerto Rico,430064,1,51,Driving on Wrong Side of Two-Way Trafficway (Intentional or Unintentional)
43,Puerto Rico,430064,1,36,"Operating the Vehicle in an Erratic, Reckless or Negligent Manner."
43,Puerto Rico,430064,2,0,None
43,Puerto Rico,430065,1,36,"Operating the Vehicle in an Erratic, Reckless or Negligent Manner."
43,Puerto Rico,430065,1,28,Improper Lane Usage
43,Puerto Rico,430066,1,0,None
43,Puerto Rico,430067,1,36,"Operating the Vehicle in an Erratic, Reckless or Negligent Manner."
43,Puerto Rico,430067,1,28,Improper Lane Usage
43,Puerto Rico,430067,2,0,None
43,Puerto Rico,430068,1,36,"Operating the Vehicle in an Erratic, Reckless or Negligent Manner."
43,Puerto Rico,430068,1,28,Improper Lane Usage
43,Puerto Rico,430069,1,0,None
43,Puerto Rico,430070,1,36,"Operating the Vehicle in an Erratic, Reckless or Negligent Manner."
43,Puerto Rico,430070,1,28,Improper Lane Usage
43,Puerto Rico,430070,1,26,Following Improperly
43,Puerto Rico,430070,2,0,None
43,Puerto Rico,430071,1,0,None
43,Puerto Rico,430072,1,53,Unfamiliar with Roadway
43,Puerto Rico,430072,1,36,"Operating the Vehicle in an Erratic, Reckless or Negligent Manner."
43,Puerto Rico,430072,1,28,Improper Lane Usage
43,Puerto Rico,430073,1,36,"Operating the Vehicle in an Erratic, Reckless or Negligent Manner."
43,Puerto Rico,430073,1,28,Improper Lane Usage
43,Puerto Rico,430073,2,0,None
43,Puerto Rico,430074,1,38,Failure to Yield Right-of-Way
43,Puerto Rico,430074,1,36,"Operating the Vehicle in an Erratic, Reckless or Negligent Manner."
43,Puerto Rico,430075,1,36,"Operating the Vehicle in an Erratic, Reckless or Negligent Manner."
43,Puerto Rico,430075,1,28,Improper Lane Usage
43,Puerto Rico,430075,2,0,None
43,Puerto Rico,430076,1,38,Failure to Yield Right-of-Way
43,Puerto Rico,430076,1,36,"Operating the Vehicle in an Erratic, Reckless or Negligent Manner."
43,Puerto Rico,430077,1,0,None
43,Puerto Rico,430078,1,36,"Operating the Vehicle in an Erratic, Reckless or Negligent Manner."
43,Puerto Rico,430078,1,28,Improper Lane Usage
43,Puerto Rico,430079,1,36,"Operating the Vehicle in an Erratic, Reckless or Negligent Manner."
43,Puerto Rico,430079,1,28,Improper Lane Usage
43,Puerto Rico,430080,1,36,"Operating the Vehicle in an Erratic, Reckless or Negligent Manner."
43,Puerto Rico,430080,1,28,Improper Lane Usage
43,Puerto Rico,430081,1,36,"Operating the Vehicle in an Erratic, Reckless or Negligent Manner."
43,Puerto Rico,430081,1,28,Improper Lane Usage
43,Puerto Rico,430082,1,36,"Operating the Vehicle in an Erratic, Reckless or Negligent Manner."
43,Puerto Rico,430082,1,28,Improper Lane Usage
43,Puerto Rico,430082,2,0,None
43,Puerto Rico,430083,1,38,Failure to Yield Right-of-Way
43,Puerto Rico,430083,1,36,"Operating the Vehicle in an Erratic, Reckless or Negligent Manner."
43,Puerto Rico,430084,1,36,"Operating the Vehicle in an Erratic, Reckless or Negligent Manner."
43,Puerto Rico,430084,1,26,Following Improperly
43,Puerto Rico,430084,2,0,None
43,Puerto Rico,430085,1,36,"Operating the Vehicle in an Erratic, Reckless or Negligent Manner."
43,Puerto Rico,430085,1,35,Passing with Insufficient Distance or Inadequate Visibility or Failing to Yield to Overtaking Vehicle
43,Puerto Rico,430085,1,28,Improper Lane Usage
43,Puerto Rico,430085,2,0,None
43,Puerto Rico,430086,1,36,"Operating the Vehicle in an Erratic, Reckless or Negligent Manner."
43,Puerto Rico,430086,1,28,Improper Lane Usage
43,Puerto Rico,430086,2,0,None
43,Puerto Rico,430087,1,36,"Operating the Vehicle in an Erratic, Reckless or Negligent Manner."
43,Puerto Rico,430087,1,28,Improper Lane Usage
43,Puerto Rico,430088,1,36,"Operating the Vehicle in an Erratic, Reckless or Negligent Manner."
43,Puerto Rico,430088,1,28,Improper Lane Usage
43,Puerto Rico,430088,2,0,None
43,Puerto Rico,430089,1,36,"Operating the Vehicle in an Erratic, Reckless or Negligent Manner."
43,Puerto Rico,430090,1,36,"Operating the Vehicle in an Erratic, Reckless or Negligent Manner."
43,Puerto Rico,430090,1,28,Improper Lane Usage
43,Puerto Rico,430090,2,0,None
43,Puerto Rico,430091,1,36,"Operating the Vehicle in an Erratic, Reckless or Negligent Manner."
43,Puerto Rico,430091,2,0,None
43,Puerto Rico,430092,1,36,"Operating the Vehicle in an Erratic, Reckless or Negligent Manner."
43,Puerto Rico,430092,1,28,Improper Lane Usage
43,Puerto Rico,430093,1,36,"Operating the Vehicle in an Erratic, Reckless or Negligent Manner."
43,Puerto Rico,430094,1,31,Starting or Backing Improperly
43,Puerto Rico,430094,1,36,"Operating the Vehicle in an Erratic, Reckless or Negligent Manner."
43,Puerto Rico,430095,1,36,"Operating the Vehicle in an Erratic, Reckless or Negligent Manner."
43,Puerto Rico,430095,1,28,Improper Lane Usage
43,Puerto Rico,430096,1,36,"Operating the Vehicle in an Erratic, Reckless or Negligent Manner."
43,Puerto Rico,430097,1,36,"Operating the Vehicle in an Erratic, Reckless or Negligent Manner."
43,Puerto Rico,430097,1,26,Following Improperly
43,Puerto Rico,430097,2,0,None
43,Puerto Rico,430098,1,36,"Operating the Vehicle in an Erratic, Reckless or Negligent Manner."
43,Puerto Rico,430098,1,35,Passing with Insufficient Distance or Inadequate Visibility or Failing to Yield to Overtaking Vehicle
43,Puerto Rico,430098,1,28,Improper Lane Usage
43,Puerto Rico,430099,1,51,Driving on Wrong Side of Two-Way Trafficway (Intentional or Unintentional)
43,Puerto Rico,430099,1,36,"Operating the Vehicle in an Erratic, Reckless or Negligent Manner."
43,Puerto Rico,430099,2,0,None
43,Puerto Rico,430100,1,36,"Operating the Vehicle in an Erratic, Reckless or Negligent Manner."
43,Puerto Rico,430100,1,28,Improper Lane Usage
43,Puerto Rico,430101,1,36,"Operating the Vehicle in an Erratic, Reckless or Negligent Manner."
43,Puerto Rico,430101,1,26,Following Improperly
43,Puerto Rico,430102,1,36,"Operating the Vehicle in an Erratic, Reckless or Negligent Manner."
43,Puerto Rico,430102,1,28,Improper Lane Usage
43,Puerto Rico,430102,2,0,None
43,Puerto Rico,430103,1,36,"Operating the Vehicle in an Erratic, Reckless or Negligent Manner."
43,Puerto Rico,430103,1,28,Improper Lane Usage
43,Puerto Rico,430104,1,51,Driving on Wrong Side of Two-Way Trafficway (Intentional or Unintentional)
43,Puerto Rico,430104,1,36,"Operating the Vehicle in an Erratic, Reckless or Negligent Manner."
43,Puerto Rico,430104,2,0,None
43,Puerto Rico,430105,1,38,Failure to Yield Right-of-Way
43,Puerto Rico,430105,1,36,"Operating the Vehicle in an Erratic, Reckless or Negligent Manner."
43,Puerto Rico,430106,1,51,Driving on Wrong Side of Two-Way Trafficway (Intentional or Unintentional)
43,Puerto Rico,430106,1,36,"Operating the Vehicle in an Erratic, Reckless or Negligent Manner."
43,Puerto Rico,430106,2,0,None
43,Puerto Rico,430107,1,36,"Operating the Vehicle in an Erratic, Reckless or Negligent Manner."
43,Puerto Rico,430107,1,28,Improper Lane Usage
43,Puerto Rico,430108,1,36,"Operating the Vehicle in an Erratic, Reckless or Negligent Manner."
43,Puerto Rico,430108,1,26,Following Improperly
43,Puerto Rico,430108,2,0,None
43,Puerto Rico,430109,1,39,"Failure to Obey Actual Traffic Signs, Traffic Control Devices, or Traffic Officers. Failure to Obey Safety Zone Traffic Laws"
43,Puerto Rico,430109,1,36,"Operating the Vehicle in an Erratic, Reckless or Negligent Manner."
43,Puerto Rico,430109,1,35,Passing with Insufficient Distance or Inadequate Visibility or Failing to Yield to Overtaking Vehicle
43,Puerto Rico,430109,1,28,Improper Lane Usage
43,Puerto Rico,430109,2,0,None
43,Puerto Rico,430110,1,38,Failure to Yield Right-of-Way
43,Puerto Rico,430110,1,36,"Operating the Vehicle in an Erratic, Reckless or Negligent Manner."
43,Puerto Rico,430111,1,36,"Operating the Vehicle in an Erratic, Reckless or Negligent Manner."
43,Puerto Rico,430112,1,36,"Operating the Vehicle in an Erratic, Reckless or Negligent Manner."
43,Puerto Rico,430112,1,28,Improper Lane Usage
43,Puerto Rico,430112,2,0,None
43,Puerto Rico,430113,1,38,Failure to Yield Right-of-Way
43,Puerto Rico,430113,1,36,"Operating the Vehicle in an Erratic, Reckless or Negligent Manner."
43,Puerto Rico,430113,2,0,None
43,Puerto Rico,430114,1,38,Failure to Yield Right-of-Way
43,Puerto Rico,430114,1,36,"Operating the Vehicle in an Erratic, Reckless or Negligent Manner."
43,Puerto Rico,430115,1,0,None
43,Puerto Rico,430116,1,36,"Operating the Vehicle in an Erratic, Reckless or Negligent Manner."
43,Puerto Rico,430116,1,35,Passing with Insufficient Distance or Inadequate Visibility or Failing to Yield to Overtaking Vehicle
43,Puerto Rico,430116,1,28,Improper Lane Usage
43,Puerto Rico,430116,2,0,None
43,Puerto Rico,430117,1,36,"Operating the Vehicle in an Erratic, Reckless or Negligent Manner."
43,Puerto Rico,430117,2,0,None
43,Puerto Rico,430117,3,0,None
43,Puerto Rico,430118,1,38,Failure to Yield Right-of-Way
43,Puerto Rico,430118,1,36,"Operating the Vehicle in an Erratic, Reckless or Negligent Manner."
43,Puerto Rico,430119,1,36,"Operating the Vehicle in an Erratic, Reckless or Negligent Manner."
43,Puerto Rico,430119,1,28,Improper Lane Usage
43,Puerto Rico,430120,1,36,"Operating the Vehicle in an Erratic, Reckless or Negligent Manner."
43,Puerto Rico,430120,1,28,Improper Lane Usage
43,Puerto Rico,430120,2,0,None
43,Puerto Rico,430121,1,36,"Operating the Vehicle in an Erratic, Reckless or Negligent Manner."
43,Puerto Rico,430121,1,28,Improper Lane Usage
43,Puerto Rico,430122,1,38,Failure to Yield Right-of-Way
43,Puerto Rico,430122,1,36,"Operating the Vehicle in an Erratic, Reckless or Negligent Manner."
43,Puerto Rico,430123,1,20,Leaving Vehicle Unattended with Engine Running. Leaving Vehicle Unattended in Roadway
43,Puerto Rico,430124,1,38,Failure to Yield Right-of-Way
43,Puerto Rico,430124,1,36,"Operating the Vehicle in an Erratic, Reckless or Negligent Manner."
43,Puerto Rico,430125,1,36,"Operating the Vehicle in an Erratic, Reckless or Negligent Manner."
43,Puerto Rico,430125,1,28,Improper Lane Usage
43,Puerto Rico,430126,1,36,"Operating the Vehicle in an Erratic, Reckless or Negligent Manner."
43,Puerto Rico,430126,1,28,Improper Lane Usage
43,Puerto Rico,430127,1,36,"Operating the Vehicle in an Erratic, Reckless or Negligent Manner."
43,Puerto Rico,430127,1,28,Improper Lane Usage
43,Puerto Rico,430128,1,0,None
43,Puerto Rico,430129,1,0,None
43,Puerto Rico,430130,1,36,"Operating the Vehicle in an Erratic, Reckless or Negligent Manner."
43,Puerto Rico,430130,1,28,Improper Lane Usage
43,Puerto Rico,430131,1,0,None
43,Puerto Rico,430132,1,36,"Operating the Vehicle in an Erratic, Reckless or Negligent Manner."
43,Puerto Rico,430133,1,36,"Operating the Vehicle in an Erratic, Reckless or Negligent Manner."
43,Puerto Rico,430133,1,28,Improper Lane Usage
43,Puerto Rico,430134,1,36,"Operating the Vehicle in an Erratic, Reckless or Negligent Manner."
43,Puerto Rico,430134,1,28,Improper Lane Usage
43,Puerto Rico,430135,1,36,"Operating the Vehicle in an Erratic, Reckless or Negligent Manner."
43,Puerto Rico,430135,1,28,Improper Lane Usage
43,Puerto Rico,430136,1,36,"Operating the Vehicle in an Erratic, Reckless or Negligent Manner."
43,Puerto Rico,430136,1,28,Improper Lane Usage
43,Puerto Rico,430137,1,0,None
43,Puerto Rico,430138,1,36,"Operating the Vehicle in an Erratic, Reckless or Negligent Manner."
43,Puerto Rico,430138,1,28,Improper Lane Usage
43,Puerto Rico,430138,2,0,None
43,Puerto Rico,430139,1,51,Driving on Wrong Side of Two-Way Trafficway (Intentional or Unintentional)
43,Puerto Rico,430139,1,36,"Operating the Vehicle in an Erratic, Reckless or Negligent Manner."
43,Puerto Rico,430139,2,0,None
43,Puerto Rico,430140,1,38,Failure to Yield Right-of-Way
43,Puerto Rico,430140,1,36,"Operating the Vehicle in an Erratic, Reckless or Negligent Manner."
43,Puerto Rico,430141,1,36,"Operating the Vehicle in an Erratic, Reckless or Negligent Manner."
43,Puerto Rico,430141,2,0,None
43,Puerto Rico,430142,1,36,"Operating the Vehicle in an Erratic, Reckless or Negligent Manner."
43,Puerto Rico,430142,1,28,Improper Lane Usage
43,Puerto Rico,430142,2,0,None
43,Puerto Rico,430144,1,36,"Operating the Vehicle in an Erratic, Reckless or Negligent Manner."
43,Puerto Rico,430144,1,28,Improper Lane Usage
43,Puerto Rico,430145,1,36,"Operating the Vehicle in an Erratic, Reckless or Negligent Manner."
43,Puerto Rico,430145,1,28,Improper Lane Usage
43,Puerto Rico,430145,1,27,Improper or Erratic Lane Changing
43,Puerto Rico,430145,2,0,None
43,Puerto Rico,430146,1,36,"Operating the Vehicle in an Erratic, Reckless or Negligent Manner."
43,Puerto Rico,430146,1,28,Improper Lane Usage
43,Puerto Rico,430146,1,27,Improper or Erratic Lane Changing
43,Puerto Rico,430146,2,0,None
43,Puerto Rico,430148,1,36,"Operating the Vehicle in an Erratic, Reckless or Negligent Manner."
43,Puerto Rico,430148,1,28,Improper Lane Usage
43,Puerto Rico,430148,1,26,Following Improperly
43,Puerto Rico,430148,2,0,None
43,Puerto Rico,430149,1,36,"Operating the Vehicle in an Erratic, Reckless or Negligent Manner."
43,Puerto Rico,430149,2,0,None
43,Puerto Rico,430150,1,36,"Operating the Vehicle in an Erratic, Reckless or Negligent Manner."
43,Puerto Rico,430150,1,28,Improper Lane Usage
43,Puerto Rico,430151,1,0,None
43,Puerto Rico,430152,1,36,"Operating the Vehicle in an Erratic, Reckless or Negligent Manner."
43,Puerto Rico,430152,1,28,Improper Lane Usage
43,Puerto Rico,430153,1,0,None
43,Puerto Rico,430154,1,38,Failure to Yield Right-of-Way
43,Puerto Rico,430154,1,36,"Operating the Vehicle in an Erratic, Reckless or Negligent Manner."
43,Puerto Rico,430155,1,28,Improper Lane Usage
43,Puerto Rico,430155,1,36,"Operating the Vehicle in an Erratic, Reckless or Negligent Manner."
43,Puerto Rico,430155,2,0,None
43,Puerto Rico,430156,1,51,Driving on Wrong Side of Two-Way Trafficway (Intentional or Unintentional)
43,Puerto Rico,430156,1,36,"Operating the Vehicle in an Erratic, Reckless or Negligent Manner."
43,Puerto Rico,430156,2,0,None
43,Puerto Rico,430157,1,36,"Operating the Vehicle in an Erratic, Reckless or Negligent Manner."
43,Puerto Rico,430157,1,28,Improper Lane Usage
43,Puerto Rico,430157,2,0,None
43,Puerto Rico,430158,1,36,"Operating the Vehicle in an Erratic, Reckless or Negligent Manner."
43,Puerto Rico,430158,1,28,Improper Lane Usage
43,Puerto Rico,430159,1,51,Driving on Wrong Side of Two-Way Trafficway (Intentional or Unintentional)
43,Puerto Rico,430159,1,36,"Operating the Vehicle in an Erratic, Reckless or Negligent Manner."
43,Puerto Rico,430160,1,38,Failure to Yield Right-of-Way
43,Puerto Rico,430160,1,36,"Operating the Vehicle in an Erratic, Reckless or Negligent Manner."
43,Puerto Rico,430161,1,36,"Operating the Vehicle in an Erratic, Reckless or Negligent Manner."
43,Puerto Rico,430161,1,28,Improper Lane Usage
43,Puerto Rico,430162,1,0,None
43,Puerto Rico,430163,1,51,Driving on Wrong Side of Two-Way Trafficway (Intentional or Unintentional)
43,Puerto Rico,430163,1,36,"Operating the Vehicle in an Erratic, Reckless or Negligent Manner."
43,Puerto Rico,430163,2,0,None
43,Puerto Rico,430164,1,36,"Operating the Vehicle in an Erratic, Reckless or Negligent Manner."
43,Puerto Rico,430165,1,36,"Operating the Vehicle in an Erratic, Reckless or Negligent Manner."
43,Puerto Rico,430165,1,28,Improper Lane Usage
43,Puerto Rico,430166,1,36,"Operating the Vehicle in an Erratic, Reckless or Negligent Manner."
43,Puerto Rico,430166,1,28,Improper Lane Usage
43,Puerto Rico,430167,1,0,None
43,Puerto Rico,430168,1,53,Unfamiliar with Roadway
43,Puerto Rico,430168,1,36,"Operating the Vehicle in an Erratic, Reckless or Negligent Manner."
43,Puerto Rico,430168,1,28,Improper Lane Usage
43,Puerto Rico,430168,2,0,None
43,Puerto Rico,430169,1,36,"Operating the Vehicle in an Erratic, Reckless or Negligent Manner."
43,Puerto Rico,430170,1,36,"Operating the Vehicle in an Erratic, Reckless or Negligent Manner."
43,Puerto Rico,430170,1,28,Improper Lane Usage
43,Puerto Rico,430171,1,36,"Operating the Vehicle in an Erratic, Reckless or Negligent Manner."
43,Puerto Rico,430171,1,28,Improper Lane Usage
43,Puerto Rico,430171,2,0,None
43,Puerto Rico,430172,1,36,"Operating the Vehicle in an Erratic, Reckless or Negligent Manner."
43,Puerto Rico,430172,1,31,Starting or Backing Improperly
43,Puerto Rico,430173,1,36,"Operating the Vehicle in an Erratic, Reckless or Negligent Manner."
43,Puerto Rico,430173,1,35,Passing with Insufficient Distance or Inadequate Visibility or Failing to Yield to Overtaking Vehicle
43,Puerto Rico,430173,1,28,Improper Lane Usage
43,Puerto Rico,430173,2,0,None
43,Puerto Rico,430174,1,36,"Operating the Vehicle in an Erratic, Reckless or Negligent Manner."
43,Puerto Rico,430174,1,28,Improper Lane Usage
43,Puerto Rico,430175,1,38,Failure to Yield Right-of-Way
43,Puerto Rico,430175,1,36,"Operating the Vehicle in an Erratic, Reckless or Negligent Manner."
43,Puerto Rico,430176,1,36,"Operating the Vehicle in an Erratic, Reckless or Negligent Manner."
43,Puerto Rico,430177,1,36,"Operating the Vehicle in an Erratic, Reckless or Negligent Manner."
43,Puerto Rico,430177,1,28,Improper Lane Usage
43,Puerto Rico,430178,1,51,Driving on Wrong Side of Two-Way Trafficway (Intentional or Unintentional)
43,Puerto Rico,430178,1,36,"Operating the Vehicle in an Erratic, Reckless or Negligent Manner."
43,Puerto Rico,430178,2,0,None
43,Puerto Rico,430178,3,0,None
43,Puerto Rico,430179,1,38,Failure to Yield Right-of-Way
43,Puerto Rico,430179,1,36,"Operating the Vehicle in an Erratic, Reckless or Negligent Manner."
43,Puerto Rico,430180,1,0,None
43,Puerto Rico,430181,1,36,"Operating the Vehicle in an Erratic, Reckless or Negligent Manner."
43,Puerto Rico,430181,1,28,Improper Lane Usage
43,Puerto Rico,430182,1,36,"Operating the Vehicle in an Erratic, Reckless or Negligent Manner."
43,Puerto Rico,430182,1,28,Improper Lane Usage
43,Puerto Rico,430182,1,27,Improper or Erratic Lane Changing
43,Puerto Rico,430182,2,0,None
43,Puerto Rico,430183,1,36,"Operating the Vehicle in an Erratic, Reckless or Negligent Manner."
43,Puerto Rico,430183,2,0,None
43,Puerto Rico,430183,3,0,None
43,Puerto Rico,430184,1,48,Making Other Improper Turn
43,Puerto Rico,430184,1,38,Failure to Yield Right-of-Way
43,Puerto Rico,430184,1,36,"Operating the Vehicle in an Erratic, Reckless or Negligent Manner."
43,Puerto Rico,430184,2,0,None
43,Puerto Rico,430185,1,38,Failure to Yield Right-of-Way
43,Puerto Rico,430185,1,36,"Operating the Vehicle in an Erratic, Reckless or Negligent Manner."
43,Puerto Rico,430185,2,0,None
43,Puerto Rico,430186,1,36,"Operating the Vehicle in an Erratic, Reckless or Negligent Manner."
43,Puerto Rico,430186,1,28,Improper Lane Usage
43,Puerto Rico,430187,1,51,Driving on Wrong Side of Two-Way Trafficway (Intentional or Unintentional)
43,Puerto Rico,430187,1,36,"Operating the Vehicle in an Erratic, Reckless or Negligent Manner."
43,Puerto Rico,430187,2,0,None
43,Puerto Rico,430188,1,36,"Operating the Vehicle in an Erratic, Reckless or Negligent Manner."
43,Puerto Rico,430188,1,28,Improper Lane Usage
43,Puerto Rico,430189,1,36,"Operating the Vehicle in an Erratic, Reckless or Negligent Manner."
43,Puerto Rico,430190,1,36,"Operating the Vehicle in an Erratic, Reckless or Negligent Manner."
43,Puerto Rico,430190,1,28,Improper Lane Usage
43,Puerto Rico,430191,1,36,"Operating the Vehicle in an Erratic, Reckless or Negligent Manner."
43,Puerto Rico,430191,1,28,Improper Lane Usage
43,Puerto Rico,430192,1,36,"Operating the Vehicle in an Erratic, Reckless or Negligent Manner."
43,Puerto Rico,430192,1,28,Improper Lane Usage
43,Puerto Rico,430193,1,36,"Operating the Vehicle in an Erratic, Reckless or Negligent Manner."
43,Puerto Rico,430194,1,38,Failure to Yield Right-of-Way
43,Puerto Rico,430194,1,36,"Operating the Vehicle in an Erratic, Reckless or Negligent Manner."
43,Puerto Rico,430195,1,36,"Operating the Vehicle in an Erratic, Reckless or Negligent Manner."
43,Puerto Rico,430196,1,0,None
43,Puerto Rico,430197,1,28,Improper Lane Usage
43,Puerto Rico,430197,1,36,"Operating the Vehicle in an Erratic, Reckless or Negligent Manner."
43,Puerto Rico,430198,1,36,"Operating the Vehicle in an Erratic, Reckless or Negligent Manner."
43,Puerto Rico,430198,1,28,Improper Lane Usage
43,Puerto Rico,430198,2,0,None
43,Puerto Rico,430199,1,36,"Operating the Vehicle in an Erratic, Reckless or Negligent Manner."
43,Puerto Rico,430199,1,28,Improper Lane Usage
43,Puerto Rico,430200,1,53,Unfamiliar with Roadway
43,Puerto Rico,430200,1,36,"Operating the Vehicle in an Erratic, Reckless or Negligent Manner."
43,Puerto Rico,430200,1,28,Improper Lane Usage
43,Puerto Rico,430200,2,0,None
43,Puerto Rico,430200,3,0,None
43,Puerto Rico,430201,1,0,None
43,Puerto Rico,430202,1,36,"Operating the Vehicle in an Erratic, Reckless or Negligent Manner."
43,Puerto Rico,430202,1,51,Driving on Wrong Side of Two-Way Trafficway (Intentional or Unintentional)
43,Puerto Rico,430202,2,0,None
43,Puerto Rico,430202,3,0,None
43,Puerto Rico,430203,1,0,None
43,Puerto Rico,430204,1,51,Driving on Wrong Side of Two-Way Trafficway (Intentional or Unintentional)
43,Puerto Rico,430204,1,36,"Operating the Vehicle in an Erratic, Reckless or Negligent Manner."
43,Puerto Rico,430204,2,0,None
43,Puerto Rico,430205,1,38,Failure to Yield Right-of-Way
43,Puerto Rico,430205,1,36,"Operating the Vehicle in an Erratic, Reckless or Negligent Manner."
43,Puerto Rico,430205,2,0,None
43,Puerto Rico,430206,1,38,Failure to Yield Right-of-Way
43,Puerto Rico,430206,1,36,"Operating the Vehicle in an Erratic, Reckless or Negligent Manner."
43,Puerto Rico,430207,1,38,Failure to Yield Right-of-Way
43,Puerto Rico,430207,1,36,"Operating the Vehicle in an Erratic, Reckless or Negligent Manner."
43,Puerto Rico,430208,1,51,Driving on Wrong Side of Two-Way Trafficway (Intentional or Unintentional)
43,Puerto Rico,430208,1,36,"Operating the Vehicle in an Erratic, Reckless or Negligent Manner."
43,Puerto Rico,430208,1,35,Passing with Insufficient Distance or Inadequate Visibility or Failing to Yield to Overtaking Vehicle
43,Puerto Rico,430208,2,0,None
43,Puerto Rico,430209,1,38,Failure to Yield Right-of-Way
43,Puerto Rico,430209,1,36,"Operating the Vehicle in an Erratic, Reckless or Negligent Manner."
43,Puerto Rico,430210,1,0,None
43,Puerto Rico,430211,1,36,"Operating the Vehicle in an Erratic, Reckless or Negligent Manner."
43,Puerto Rico,430211,1,28,Improper Lane Usage
43,Puerto Rico,430212,1,36,"Operating the Vehicle in an Erratic, Reckless or Negligent Manner."
43,Puerto Rico,430212,1,31,Starting or Backing Improperly
43,Puerto Rico,430213,1,36,"Operating the Vehicle in an Erratic, Reckless or Negligent Manner."
43,Puerto Rico,430213,1,28,Improper Lane Usage
43,Puerto Rico,430214,1,0,None
43,Puerto Rico,430215,1,36,"Operating the Vehicle in an Erratic, Reckless or Negligent Manner."
43,Puerto Rico,430216,1,36,"Operating the Vehicle in an Erratic, Reckless or Negligent Manner."
43,Puerto Rico,430216,1,28,Improper Lane Usage
43,Puerto Rico,430217,1,0,None
43,Puerto Rico,430218,1,38,Failure to Yield Right-of-Way
43,Puerto Rico,430218,1,36,"Operating the Vehicle in an Erratic, Reckless or Negligent Manner."
43,Puerto Rico,430219,1,39,"Failure to Obey Actual Traffic Signs, Traffic Control Devices, or Traffic Officers. Failure to Obey Safety Zone Traffic Laws"
43,Puerto Rico,430219,1,38,Failure to Yield Right-of-Way
43,Puerto Rico,430219,1,36,"Operating the Vehicle in an Erratic, Reckless or Negligent Manner."
43,Puerto Rico,430219,1,26,Following Improperly
43,Puerto Rico,430219,2,0,None
43,Puerto Rico,430220,1,36,"Operating the Vehicle in an Erratic, Reckless or Negligent Manner."
43,Puerto Rico,430221,1,36,"Operating the Vehicle in an Erratic, Reckless or Negligent Manner."
43,Puerto Rico,430221,1,28,Improper Lane Usage
43,Puerto Rico,430221,2,0,None
43,Puerto Rico,430222,1,36,"Operating the Vehicle in an Erratic, Reckless or Negligent Manner."
43,Puerto Rico,430223,1,36,"Operating the Vehicle in an Erratic, Reckless or Negligent Manner."
43,Puerto Rico,430223,1,28,Improper Lane Usage
43,Puerto Rico,430223,2,0,None
43,Puerto Rico,430224,1,36,"Operating the Vehicle in an Erratic, Reckless or Negligent Manner."
43,Puerto Rico,430224,1,28,Improper Lane Usage
43,Puerto Rico,430224,2,0,None
43,Puerto Rico,430225,1,36,"Operating the Vehicle in an Erratic, Reckless or Negligent Manner."
43,Puerto Rico,430225,2,0,None
43,Puerto Rico,430226,1,36,"Operating the Vehicle in an Erratic, Reckless or Negligent Manner."
43,Puerto Rico,430226,1,35,Passing with Insufficient Distance or Inadequate Visibility or Failing to Yield to Overtaking Vehicle
43,Puerto Rico,430226,1,28,Improper Lane Usage
43,Puerto Rico,430226,2,0,None
43,Puerto Rico,430227,1,36,"Operating the Vehicle in an Erratic, Reckless or Negligent Manner."
43,Puerto Rico,430227,1,28,Improper Lane Usage
43,Puerto Rico,430228,1,36,"Operating the Vehicle in an Erratic, Reckless or Negligent Manner."
43,Puerto Rico,430228,1,26,Following Improperly
43,Puerto Rico,430228,2,0,None
43,Puerto Rico,430229,1,36,"Operating the Vehicle in an Erratic, Reckless or Negligent Manner."
43,Puerto Rico,430229,1,28,Improper Lane Usage
43,Puerto Rico,430229,2,0,None
43,Puerto Rico,430229,3,0,None
43,Puerto Rico,430230,1,36,"Operating the Vehicle in an Erratic, Reckless or Negligent Manner."
43,Puerto Rico,430230,1,28,Improper Lane Usage
43,Puerto Rico,430231,1,0,None
