STATE,STATENAME,ST_CASE,VEH_NO,PER_NO,NMIMPAIR,NMIMPAIRNAME
43,Puerto Rico,430001,0,1,0,None/Apparently Normal
43,Puerto Rico,430002,0,1,0,None/Apparently Normal
43,Puerto Rico,430003,0,1,0,None/Apparently Normal
43,Puerto Rico,430006,0,1,0,None/Apparently Normal
43,Puerto Rico,430008,0,1,0,None/Apparently Normal
43,Puerto Rico,430009,0,1,0,None/Apparently Normal
43,Puerto Rico,430016,0,1,0,None/Apparently Normal
43,Puerto Rico,430021,0,1,0,None/Apparently Normal
43,Puerto Rico,430023,0,1,0,None/Apparently Normal
43,Puerto Rico,430027,0,1,0,None/Apparently Normal
43,Puerto Rico,430031,0,1,0,None/Apparently Normal
43,Puerto Rico,430032,0,1,0,None/Apparently Normal
43,Puerto Rico,430038,0,1,0,None/Apparently Normal
43,Puerto Rico,430043,0,1,0,None/Apparently Normal
43,Puerto Rico,430049,0,1,0,None/Apparently Normal
43,Puerto Rico,430050,0,1,0,None/Apparently Normal
43,Puerto Rico,430052,0,1,0,None/Apparently Normal
43,Puerto Rico,430053,0,1,0,None/Apparently Normal
43,Puerto Rico,430055,0,1,0,None/Apparently Normal
43,Puerto Rico,430059,0,1,0,None/Apparently Normal
43,Puerto Rico,430060,0,1,0,None/Apparently Normal
43,Puerto Rico,430061,0,1,0,None/Apparently Normal
43,Puerto Rico,430066,0,1,0,None/Apparently Normal
43,Puerto Rico,430069,0,1,0,None/Apparently Normal
43,Puerto Rico,430071,0,1,0,None/Apparently Normal
43,Puerto Rico,430072,0,1,0,None/Apparently Normal
43,Puerto Rico,430074,0,1,0,None/Apparently Normal
43,Puerto Rico,430074,0,2,0,None/Apparently Normal
43,Puerto Rico,430076,0,1,0,None/Apparently Normal
43,Puerto Rico,430083,0,1,0,None/Apparently Normal
43,Puerto Rico,430091,0,1,0,None/Apparently Normal
43,Puerto Rico,430091,0,2,0,None/Apparently Normal
43,Puerto Rico,430094,0,1,0,None/Apparently Normal
43,Puerto Rico,430101,0,1,0,None/Apparently Normal
43,Puerto Rico,430101,0,2,0,None/Apparently Normal
43,Puerto Rico,430101,0,3,0,None/Apparently Normal
43,Puerto Rico,430101,0,4,0,None/Apparently Normal
43,Puerto Rico,430105,0,1,0,None/Apparently Normal
43,Puerto Rico,430110,0,1,0,None/Apparently Normal
43,Puerto Rico,430114,0,1,0,None/Apparently Normal
43,Puerto Rico,430115,0,1,0,None/Apparently Normal
43,Puerto Rico,430118,0,1,0,None/Apparently Normal
43,Puerto Rico,430121,0,1,0,None/Apparently Normal
43,Puerto Rico,430122,0,1,0,None/Apparently Normal
43,Puerto Rico,430123,0,1,0,None/Apparently Normal
43,Puerto Rico,430124,0,1,0,None/Apparently Normal
43,Puerto Rico,430128,0,1,0,None/Apparently Normal
43,Puerto Rico,430129,0,1,0,None/Apparently Normal
43,Puerto Rico,430131,0,1,0,None/Apparently Normal
43,Puerto Rico,430132,0,1,0,None/Apparently Normal
43,Puerto Rico,430137,0,1,0,None/Apparently Normal
43,Puerto Rico,430140,0,1,0,None/Apparently Normal
43,Puerto Rico,430144,0,1,0,None/Apparently Normal
43,Puerto Rico,430149,0,1,0,None/Apparently Normal
43,Puerto Rico,430153,0,1,0,None/Apparently Normal
43,Puerto Rico,430154,0,1,0,None/Apparently Normal
43,Puerto Rico,430159,0,1,0,None/Apparently Normal
43,Puerto Rico,430160,0,1,0,None/Apparently Normal
43,Puerto Rico,430162,0,1,0,None/Apparently Normal
43,Puerto Rico,430169,0,1,0,None/Apparently Normal
43,Puerto Rico,430175,0,1,0,None/Apparently Normal
43,Puerto Rico,430176,0,1,0,None/Apparently Normal
43,Puerto Rico,430179,0,1,0,None/Apparently Normal
43,Puerto Rico,430180,0,1,0,None/Apparently Normal
43,Puerto Rico,430194,0,1,0,None/Apparently Normal
43,Puerto Rico,430196,0,1,0,None/Apparently Normal
43,Puerto Rico,430201,0,1,0,None/Apparently Normal
43,Puerto Rico,430203,0,1,0,None/Apparently Normal
43,Puerto Rico,430206,0,1,0,None/Apparently Normal
43,Puerto Rico,430207,0,1,0,None/Apparently Normal
43,Puerto Rico,430209,0,1,0,None/Apparently Normal
43,Puerto Rico,430210,0,1,0,None/Apparently Normal
43,Puerto Rico,430214,0,1,0,None/Apparently Normal
43,Puerto Rico,430215,0,1,0,None/Apparently Normal
43,Puerto Rico,430218,0,1,0,None/Apparently Normal
43,Puerto Rico,430231,0,1,0,None/Apparently Normal
