STATE,STATENAME,ST_CASE,VEH_NO,PVE_FORMS,PNUMOCCS,PNUMOCCSNAME,PDAY,PDAYNAME,PMONTH,PMONTHNAME,PHOUR,PHOURNAME,PMINUTE,PMINUTENAME,PHARM_EV,PHARM_EVNAME,PMAN_COLL,PMAN_COLLNAME,PTYPE,PTYPENAME,PHIT_RUN,PHIT_RUNNAME,PREG_STAT,PREG_STATNAME,POWNER,POWNERNAME,PMAKE,PMAKENAME,PMODEL,PMAK_MOD,PMAK_MODNAME,PBODYTYP,PBODYTYPNAME,PMODYEAR,PMODYEARNAME,PVIN,PVINNAME,PVIN_1,PVIN_2,PVIN_3,PVIN_4,PVIN_5,PVIN_6,PVIN_7,PVIN_8,PVIN_9,PVIN_10,PVIN_11,PVIN_12,PTRAILER,PTRAILERNAME,PMCARR_I1,PMCARR_I1NAME,PMCARR_I2,PMCARR_I2NAME,PMCARR_ID,PMCARR_IDNAME,PV_CONFIG,PV_CONFIGNAME,PCARGTYP,PCARGTYPNAME,PHAZ_INV,PHAZ_INVNAME,PHAZPLAC,PHAZPLACNAME,PHAZ_ID,PHAZ_IDNAME,PHAZ_CNO,PHAZ_CNONAME,PHAZ_REL,PHAZ_RELNAME,PBUS_USE,PBUS_USENAME,PSP_USE,PSP_USENAME,PEM_USE,PEM_USENAME,PUNDERIDE,PUNDERIDENAME,PIMPACT1,PIMPACT1NAME,PVEH_SEV,PVEH_SEVNAME,PTOWED,PTOWEDNAME,PM_HARM,PM_HARMNAME,PFIRE,PFIRENAME,PDEATHS,PTRLR1VIN,PTRLR1VINNAME,PTRLR2VIN,PTRLR2VINNAME,PTRLR3VIN,PTRLR3VINNAME,PVPICMAKE,PVPICMAKENAME,PVPICMODEL,PVPICMODELNAME,PVPICBODYCLASS,PVPICBODYCLASSNAME,PGVWR_FROM,PGVWR_FROMNAME,PGVWR_TO,PGVWR_TONAME,PICFINALBODY,PICFINALBODYNAME,PTRLR1GVWR,PTRLR1GVWRNAME,PTRLR2GVWR,PTRLR2GVWRNAME,PTRLR3GVWR,PTRLR3GVWRNAME
43,Puerto Rico,430019,2,1,1,01,1,1,3,March,1,1:00am-1:59am,9,9,14,Parked Motor Vehicle,0,The First Harmful Event was Not a Collision with a Motor Vehicle in Transport,3,Motor Vehicle Not In-Transport Outside the Trafficway,0,No,43,Puerto Rico,6,Driverless/Motor Vehicle Parked/Stopped Off Roadway,52,Mitsubishi,46,52046,Mitsubishi Lancer/Lancer Sportback/ Lancer Evolution,4,"4-door sedan, hardtop",2014,2014,JA32U1FU3EU0,JA32U1FU3EU0,J,A,3,2,U,1,F,U,3,E,U,0,0,No Trailing Units,0,Not Applicable,000000000,Not Applicable,00000000000,Not Applicable,0,Not Applicable,0,Not Applicable (N/A),1,No,0,Not Applicable,0,Not Applicable,0,Not Applicable,0,Not Applicable,0,Not a Bus,0,No Special Use,0,Not Applicable,0,No Underride or Override Noted,9,9 Clock Point,4,Functional Damage,3,Towed But Not Due to Disabling Damage,12,Motor Vehicle In-Transport,0,No or Not Reported,0,777777777777,No Trailing Units,777777777777,No Trailing Units,777777777777,No Trailing Units,481,Mitsubishi,2164,Lancer,13,Sedan/Saloon,11,"Class 1: 6,000 lbs. or less (2,722 kg or less)",11,"Class 1: 6,000 lbs. or less (2,722 kg or less)",0,Not Applicable,77,No Trailing Units,77,No Trailing Units,77,No Trailing Units
43,Puerto Rico,430019,3,1,1,01,1,1,3,March,1,1:00am-1:59am,9,9,14,Parked Motor Vehicle,0,The First Harmful Event was Not a Collision with a Motor Vehicle in Transport,3,Motor Vehicle Not In-Transport Outside the Trafficway,0,No,43,Puerto Rico,6,Driverless/Motor Vehicle Parked/Stopped Off Roadway,55,Hyundai,35,55035,Hyundai Elantra,4,"4-door sedan, hardtop",2020,2020,KMHD74LF6LU9,KMHD74LF6LU9,K,M,H,D,7,4,L,F,6,L,U,9,0,No Trailing Units,0,Not Applicable,000000000,Not Applicable,00000000000,Not Applicable,0,Not Applicable,0,Not Applicable (N/A),1,No,0,Not Applicable,0,Not Applicable,0,Not Applicable,0,Not Applicable,0,Not a Bus,0,No Special Use,0,Not Applicable,0,No Underride or Override Noted,6,6 Clock Point,2,Minor Damage,3,Towed But Not Due to Disabling Damage,12,Motor Vehicle In-Transport,0,No or Not Reported,0,777777777777,No Trailing Units,777777777777,No Trailing Units,777777777777,No Trailing Units,498,Hyundai,2735,Elantra,13,Sedan/Saloon,11,"Class 1: 6,000 lbs. or less (2,722 kg or less)",11,"Class 1: 6,000 lbs. or less (2,722 kg or less)",0,Not Applicable,77,No Trailing Units,77,No Trailing Units,77,No Trailing Units
43,Puerto Rico,430019,4,1,1,01,1,1,3,March,1,1:00am-1:59am,9,9,14,Parked Motor Vehicle,0,The First Harmful Event was Not a Collision with a Motor Vehicle in Transport,3,Motor Vehicle Not In-Transport Outside the Trafficway,0,No,43,Puerto Rico,6,Driverless/Motor Vehicle Parked/Stopped Off Roadway,42,Mercedes-Benz,42,42042,Mercedes-Benz C Class (94 on),4,"4-door sedan, hardtop",2018,2018,55SWF4JB0JU2,55SWF4JB0JU2,5,5,S,W,F,4,J,B,0,J,U,2,0,No Trailing Units,0,Not Applicable,000000000,Not Applicable,00000000000,Not Applicable,0,Not Applicable,0,Not Applicable (N/A),1,No,0,Not Applicable,0,Not Applicable,0,Not Applicable,0,Not Applicable,0,Not a Bus,0,No Special Use,0,Not Applicable,0,No Underride or Override Noted,6,6 Clock Point,2,Minor Damage,3,Towed But Not Due to Disabling Damage,12,Motor Vehicle In-Transport,0,No or Not Reported,0,777777777777,No Trailing Units,777777777777,No Trailing Units,777777777777,No Trailing Units,449,Mercedes-Benz,2085,C-Class,13,Sedan/Saloon,11,"Class 1: 6,000 lbs. or less (2,722 kg or less)",11,"Class 1: 6,000 lbs. or less (2,722 kg or less)",0,Not Applicable,77,No Trailing Units,77,No Trailing Units,77,No Trailing Units
43,Puerto Rico,430031,2,1,0,None,27,27,3,March,10,10:00am-10:59am,57,57,14,Parked Motor Vehicle,0,The First Harmful Event was Not a Collision with a Motor Vehicle in Transport,2,Motor Vehicle Not In-Transport Within the Trafficway,0,No,43,Puerto Rico,6,Driverless/Motor Vehicle Parked/Stopped Off Roadway,37,Honda,441,37441,Honda Odyssey,20,"Minivan (Chrysler Town and Country, Caravan, Grand Caravan, Voyager, Voyager, Honda-Odyssey, ...)",2011,2011,5FNRL5H93BB0,5FNRL5H93BB0,5,F,N,R,L,5,H,9,3,B,B,0,0,No Trailing Units,0,Not Applicable,000000000,Not Applicable,00000000000,Not Applicable,0,Not Applicable,0,Not Applicable (N/A),1,No,0,Not Applicable,0,Not Applicable,0,Not Applicable,0,Not Applicable,0,Not a Bus,0,No Special Use,0,Not Applicable,0,No Underride or Override Noted,9,9 Clock Point,2,Minor Damage,5,Not Towed,12,Motor Vehicle In-Transport,0,No or Not Reported,0,777777777777,No Trailing Units,777777777777,No Trailing Units,777777777777,No Trailing Units,474,Honda,1869,Odyssey,2,Minivan,12,"Class 2: 6,001 - 10,000 lbs. (2,722 - 4,536 kg)",12,"Class 2: 6,001 - 10,000 lbs. (2,722 - 4,536 kg)",0,Not Applicable,77,No Trailing Units,77,No Trailing Units,77,No Trailing Units
43,Puerto Rico,430050,2,1,0,None,29,29,5,May,7,7:00am-7:59am,11,11,8,Pedestrian,0,The First Harmful Event was Not a Collision with a Motor Vehicle in Transport,2,Motor Vehicle Not In-Transport Within the Trafficway,0,No,43,Puerto Rico,6,Driverless/Motor Vehicle Parked/Stopped Off Roadway,49,Toyota,38,49038,Toyota Tercel,4,"4-door sedan, hardtop",1995,1995,JT2EL56E0S00,JT2EL56E0S00,J,T,2,E,L,5,6,E,0,S,0,0,0,No Trailing Units,0,Not Applicable,000000000,Not Applicable,00000000000,Not Applicable,0,Not Applicable,0,Not Applicable (N/A),1,No,0,Not Applicable,0,Not Applicable,0,Not Applicable,0,Not Applicable,0,Not a Bus,0,No Special Use,0,Not Applicable,0,No Underride or Override Noted,6,6 Clock Point,2,Minor Damage,5,Not Towed,12,Motor Vehicle In-Transport,0,No or Not Reported,0,777777777777,No Trailing Units,777777777777,No Trailing Units,777777777777,No Trailing Units,448,Toyota,3644,Tercel,13,Sedan/Saloon,11,"Class 1: 6,000 lbs. or less (2,722 kg or less)",11,"Class 1: 6,000 lbs. or less (2,722 kg or less)",0,Not Applicable,77,No Trailing Units,77,No Trailing Units,77,No Trailing Units
43,Puerto Rico,430101,2,1,0,None,24,24,6,June,1,1:00am-1:59am,0,0,14,Parked Motor Vehicle,0,The First Harmful Event was Not a Collision with a Motor Vehicle in Transport,2,Motor Vehicle Not In-Transport Within the Trafficway,0,No,43,Puerto Rico,6,Driverless/Motor Vehicle Parked/Stopped Off Roadway,37,Honda,31,37031,"Honda Civic/CRX, del Sol",2,"2-door sedan,hardtop,coupe",2002,2002,1HGEM22292L0,1HGEM22292L0,1,H,G,E,M,2,2,2,9,2,L,0,0,No Trailing Units,0,Not Applicable,000000000,Not Applicable,00000000000,Not Applicable,0,Not Applicable,0,Not Applicable (N/A),1,No,0,Not Applicable,0,Not Applicable,0,Not Applicable,0,Not Applicable,0,Not a Bus,0,No Special Use,0,Not Applicable,0,No Underride or Override Noted,6,6 Clock Point,2,Minor Damage,5,Not Towed,14,Parked Motor Vehicle,0,No or Not Reported,0,777777777777,No Trailing Units,777777777777,No Trailing Units,777777777777,No Trailing Units,474,Honda,1863,Civic,3,Coupe,11,"Class 1: 6,000 lbs. or less (2,722 kg or less)",11,"Class 1: 6,000 lbs. or less (2,722 kg or less)",0,Not Applicable,77,No Trailing Units,77,No Trailing Units,77,No Trailing Units
43,Puerto Rico,430101,3,1,0,None,24,24,6,June,1,1:00am-1:59am,0,0,14,Parked Motor Vehicle,0,The First Harmful Event was Not a Collision with a Motor Vehicle in Transport,2,Motor Vehicle Not In-Transport Within the Trafficway,0,No,43,Puerto Rico,6,Driverless/Motor Vehicle Parked/Stopped Off Roadway,55,Hyundai,36,55036,Hyundai Accent,4,"4-door sedan, hardtop",2019,2019,3KPC24A3XKE0,3KPC24A3XKE0,3,K,P,C,2,4,A,3,X,K,E,0,0,No Trailing Units,0,Not Applicable,000000000,Not Applicable,00000000000,Not Applicable,0,Not Applicable,0,Not Applicable (N/A),1,No,0,Not Applicable,0,Not Applicable,0,Not Applicable,0,Not Applicable,0,Not a Bus,0,No Special Use,0,Not Applicable,0,No Underride or Override Noted,6,6 Clock Point,2,Minor Damage,5,Not Towed,14,Parked Motor Vehicle,0,No or Not Reported,0,777777777777,No Trailing Units,777777777777,No Trailing Units,777777777777,No Trailing Units,498,Hyundai,2773,Accent,13,Sedan/Saloon,11,"Class 1: 6,000 lbs. or less (2,722 kg or less)",11,"Class 1: 6,000 lbs. or less (2,722 kg or less)",0,Not Applicable,77,No Trailing Units,77,No Trailing Units,77,No Trailing Units
43,Puerto Rico,430171,3,2,0,None,3,3,10,October,0,0:00am-0:59am,20,20,12,Motor Vehicle In-Transport,2,Front-to-Front,3,Motor Vehicle Not In-Transport Outside the Trafficway,0,No,43,Puerto Rico,6,Driverless/Motor Vehicle Parked/Stopped Off Roadway,38,Isuzu,402,38402,Isuzu Rodeo/ Rodeo Sport,14,"Compact Utility (Utility Vehicle Categories ""Small"" and ""Midsize"")",1995,1995,4S2CK58V9S43,4S2CK58V9S43,4,S,2,C,K,5,8,V,9,S,4,3,0,No Trailing Units,0,Not Applicable,000000000,Not Applicable,00000000000,Not Applicable,0,Not Applicable,0,Not Applicable (N/A),1,No,0,Not Applicable,0,Not Applicable,0,Not Applicable,0,Not Applicable,0,Not a Bus,0,No Special Use,0,Not Applicable,0,No Underride or Override Noted,6,6 Clock Point,2,Minor Damage,5,Not Towed,14,Parked Motor Vehicle,0,No or Not Reported,0,777777777777,No Trailing Units,777777777777,No Trailing Units,777777777777,No Trailing Units,542,Isuzu,2818,Rodeo,7,Sport Utility Vehicle (SUV)/Multi-Purpose Vehicle (MPV),11,"Class 1: 6,000 lbs. or less (2,722 kg or less)",11,"Class 1: 6,000 lbs. or less (2,722 kg or less)",0,Not Applicable,77,No Trailing Units,77,No Trailing Units,77,No Trailing Units
43,Puerto Rico,430171,4,2,0,None,3,3,10,October,0,0:00am-0:59am,20,20,12,Motor Vehicle In-Transport,2,Front-to-Front,3,Motor Vehicle Not In-Transport Outside the Trafficway,0,No,43,Puerto Rico,6,Driverless/Motor Vehicle Parked/Stopped Off Roadway,49,Toyota,472,49472,Toyota Tacoma,34,Light Pickup,2013,2013,5TFJX4GN3DX0,5TFJX4GN3DX0,5,T,F,J,X,4,G,N,3,D,X,0,0,No Trailing Units,0,Not Applicable,000000000,Not Applicable,00000000000,Not Applicable,0,Not Applicable,0,Not Applicable (N/A),1,No,0,Not Applicable,0,Not Applicable,0,Not Applicable,0,Not Applicable,0,Not a Bus,0,No Special Use,0,Not Applicable,0,No Underride or Override Noted,6,6 Clock Point,2,Minor Damage,5,Not Towed,14,Parked Motor Vehicle,0,No or Not Reported,0,777777777777,No Trailing Units,777777777777,No Trailing Units,777777777777,No Trailing Units,448,Toyota,2223,Tacoma,60,Pickup,11,"Class 1: 6,000 lbs. or less (2,722 kg or less)",11,"Class 1: 6,000 lbs. or less (2,722 kg or less)",0,Not Applicable,77,No Trailing Units,77,No Trailing Units,77,No Trailing Units
43,Puerto Rico,430220,2,1,0,None,13,13,2,February,14,2:00pm-2:59pm,0,0,25,Concrete Traffic Barrier,0,The First Harmful Event was Not a Collision with a Motor Vehicle in Transport,3,Motor Vehicle Not In-Transport Outside the Trafficway,0,No,43,Puerto Rico,6,Driverless/Motor Vehicle Parked/Stopped Off Roadway,49,Toyota,404,49404,Toyota FJ Cruiser,14,"Compact Utility (Utility Vehicle Categories ""Small"" and ""Midsize"")",2007,2007,JTEZU11F5700,JTEZU11F5700,J,T,E,Z,U,1,1,F,5,7,0,0,0,No Trailing Units,0,Not Applicable,000000000,Not Applicable,00000000000,Not Applicable,0,Not Applicable,0,Not Applicable (N/A),1,No,0,Not Applicable,0,Not Applicable,0,Not Applicable,0,Not Applicable,0,Not a Bus,0,No Special Use,0,Not Applicable,0,No Underride or Override Noted,9,9 Clock Point,4,Functional Damage,3,Towed But Not Due to Disabling Damage,14,Parked Motor Vehicle,0,No or Not Reported,0,777777777777,No Trailing Units,777777777777,No Trailing Units,777777777777,No Trailing Units,448,Toyota,2463,FJ Cruiser,7,Sport Utility Vehicle (SUV)/Multi-Purpose Vehicle (MPV),11,"Class 1: 6,000 lbs. or less (2,722 kg or less)",11,"Class 1: 6,000 lbs. or less (2,722 kg or less)",0,Not Applicable,77,No Trailing Units,77,No Trailing Units,77,No Trailing Units
43,Puerto Rico,430220,3,1,0,None,13,13,2,February,14,2:00pm-2:59pm,0,0,25,Concrete Traffic Barrier,0,The First Harmful Event was Not a Collision with a Motor Vehicle in Transport,3,Motor Vehicle Not In-Transport Outside the Trafficway,0,No,43,Puerto Rico,6,Driverless/Motor Vehicle Parked/Stopped Off Roadway,12,Ford,444,12444,Ford Transit Connect,20,"Minivan (Chrysler Town and Country, Caravan, Grand Caravan, Voyager, Voyager, Honda-Odyssey, ...)",2012,2012,NM0LS7AN1CT1,NM0LS7AN1CT1,N,M,0,L,S,7,A,N,1,C,T,1,0,No Trailing Units,0,Not Applicable,000000000,Not Applicable,00000000000,Not Applicable,0,Not Applicable,0,Not Applicable (N/A),1,No,0,Not Applicable,0,Not Applicable,0,Not Applicable,0,Not Applicable,0,Not a Bus,0,No Special Use,0,Not Applicable,0,No Underride or Override Noted,9,9 Clock Point,4,Functional Damage,3,Towed But Not Due to Disabling Damage,12,Motor Vehicle In-Transport,0,No or Not Reported,0,777777777777,No Trailing Units,777777777777,No Trailing Units,777777777777,No Trailing Units,460,Ford,1811,Transit Connect,9,Van,11,"Class 1: 6,000 lbs. or less (2,722 kg or less)",11,"Class 1: 6,000 lbs. or less (2,722 kg or less)",0,Not Applicable,77,No Trailing Units,77,No Trailing Units,77,No Trailing Units
