STATE,STATENAME,ST_CASE,VEH_NO,PER_NO,PBPTYPE,PBPTYPENAME,PBAGE,PBAGENAME,PBSEX,PBSEXNAME,PBCWALK,PBCWALKNAME,PBSWALK,PBSWALKNAME,PBSZONE,PBSZONENAME,PEDCTYPE,PEDCTYPENAME,BIKECTYPE,BIKECTYPENAME,PEDLOC,PEDLOCNAME,BIKELOC,BIKELOCNAME,PEDPOS,PEDPOSNAME,BIKEPOS,BIKEPOSNAME,PEDDIR,PEDDIRNAME,BIKEDIR,BIKEDIRNAME,MOTDIR,MOTDIRNAME,MOTMAN,MOTMANNAME,PEDLEG,PEDLEGNAME,PEDSNR,PEDSNRNAME,PEDCGP,PEDCGPNAME,BIKECGP,BIKECGPNAME
43,Puerto Rico,430001,0,1,5,Pedestrian,998,Not Reported,1,Male,0,None Noted,0,None Noted,0,None Noted,770,Motorist Failed to Yield,0,Not a Cyclist,3,Not At Intersection,7,Not a Cyclist,3,Travel Lane,7,Not a Cyclist,8,Not Applicable,7,Not a Cyclist,8,Not Applicable,8,Not Applicable,8,Not Applicable,8,Not Applicable,750,Crossing Roadway - Vehicle Not Turning,0,Not a Cyclist
43,Puerto Rico,430002,0,1,5,Pedestrian,47,47 Years,1,Male,0,None Noted,0,None Noted,0,None Noted,760,Pedestrian Failed to Yield,0,Not a Cyclist,3,Not At Intersection,7,Not a Cyclist,3,Travel Lane,7,Not a Cyclist,8,Not Applicable,7,Not a Cyclist,8,Not Applicable,8,Not Applicable,8,Not Applicable,8,Not Applicable,750,Crossing Roadway - Vehicle Not Turning,0,Not a Cyclist
43,Puerto Rico,430003,0,1,5,Pedestrian,998,Not Reported,1,Male,0,None Noted,0,None Noted,0,None Noted,770,Motorist Failed to Yield,0,Not a Cyclist,3,Not At Intersection,7,Not a Cyclist,3,Travel Lane,7,Not a Cyclist,8,Not Applicable,7,Not a Cyclist,8,Not Applicable,8,Not Applicable,8,Not Applicable,8,Not Applicable,750,Crossing Roadway - Vehicle Not Turning,0,Not a Cyclist
43,Puerto Rico,430006,0,1,5,Pedestrian,37,37 Years,1,Male,0,None Noted,0,None Noted,0,None Noted,770,Motorist Failed to Yield,0,Not a Cyclist,3,Not At Intersection,7,Not a Cyclist,3,Travel Lane,7,Not a Cyclist,8,Not Applicable,7,Not a Cyclist,8,Not Applicable,8,Not Applicable,8,Not Applicable,8,Not Applicable,750,Crossing Roadway - Vehicle Not Turning,0,Not a Cyclist
43,Puerto Rico,430008,0,1,5,Pedestrian,68,68 Years,2,Female,0,None Noted,0,None Noted,0,None Noted,770,Motorist Failed to Yield,0,Not a Cyclist,3,Not At Intersection,7,Not a Cyclist,3,Travel Lane,7,Not a Cyclist,8,Not Applicable,7,Not a Cyclist,8,Not Applicable,8,Not Applicable,8,Not Applicable,8,Not Applicable,750,Crossing Roadway - Vehicle Not Turning,0,Not a Cyclist
43,Puerto Rico,430009,0,1,5,Pedestrian,67,67 Years,1,Male,0,None Noted,0,None Noted,0,None Noted,420,Walking/Running Along Roadway With Traffic - From Front,0,Not a Cyclist,3,Not At Intersection,7,Not a Cyclist,3,Travel Lane,7,Not a Cyclist,8,Not Applicable,7,Not a Cyclist,8,Not Applicable,8,Not Applicable,8,Not Applicable,8,Not Applicable,400,Walking/Running Along Roadway,0,Not a Cyclist
43,Puerto Rico,430016,0,1,5,Pedestrian,63,63 Years,1,Male,0,None Noted,0,None Noted,0,None Noted,760,Pedestrian Failed to Yield,0,Not a Cyclist,3,Not At Intersection,7,Not a Cyclist,3,Travel Lane,7,Not a Cyclist,8,Not Applicable,7,Not a Cyclist,8,Not Applicable,8,Not Applicable,8,Not Applicable,8,Not Applicable,750,Crossing Roadway - Vehicle Not Turning,0,Not a Cyclist
43,Puerto Rico,430021,0,1,5,Pedestrian,40,40 Years,1,Male,0,None Noted,0,None Noted,0,None Noted,770,Motorist Failed to Yield,0,Not a Cyclist,3,Not At Intersection,7,Not a Cyclist,3,Travel Lane,7,Not a Cyclist,8,Not Applicable,7,Not a Cyclist,8,Not Applicable,8,Not Applicable,8,Not Applicable,8,Not Applicable,750,Crossing Roadway - Vehicle Not Turning,0,Not a Cyclist
43,Puerto Rico,430023,0,1,5,Pedestrian,67,67 Years,2,Female,0,None Noted,0,None Noted,0,None Noted,770,Motorist Failed to Yield,0,Not a Cyclist,3,Not At Intersection,7,Not a Cyclist,3,Travel Lane,7,Not a Cyclist,8,Not Applicable,7,Not a Cyclist,8,Not Applicable,8,Not Applicable,8,Not Applicable,8,Not Applicable,750,Crossing Roadway - Vehicle Not Turning,0,Not a Cyclist
43,Puerto Rico,430027,0,1,5,Pedestrian,37,37 Years,2,Female,0,None Noted,0,None Noted,0,None Noted,760,Pedestrian Failed to Yield,0,Not a Cyclist,3,Not At Intersection,7,Not a Cyclist,3,Travel Lane,7,Not a Cyclist,8,Not Applicable,7,Not a Cyclist,8,Not Applicable,8,Not Applicable,8,Not Applicable,8,Not Applicable,750,Crossing Roadway - Vehicle Not Turning,0,Not a Cyclist
43,Puerto Rico,430031,0,1,5,Pedestrian,42,42 Years,2,Female,0,None Noted,0,None Noted,0,None Noted,680,Not At Intersection - Other / Unknown,0,Not a Cyclist,3,Not At Intersection,7,Not a Cyclist,3,Travel Lane,7,Not a Cyclist,8,Not Applicable,7,Not a Cyclist,8,Not Applicable,8,Not Applicable,8,Not Applicable,8,Not Applicable,990,Other / Unknown - Insufficient Details,0,Not a Cyclist
43,Puerto Rico,430032,0,1,5,Pedestrian,57,57 Years,1,Male,0,None Noted,0,None Noted,0,None Noted,311,Working in Roadway,0,Not a Cyclist,3,Not At Intersection,7,Not a Cyclist,3,Travel Lane,7,Not a Cyclist,8,Not Applicable,7,Not a Cyclist,8,Not Applicable,8,Not Applicable,8,Not Applicable,8,Not Applicable,310,Working or Playing in Roadway,0,Not a Cyclist
43,Puerto Rico,430038,0,1,5,Pedestrian,35,35 Years,1,Male,0,None Noted,0,None Noted,0,None Noted,770,Motorist Failed to Yield,0,Not a Cyclist,3,Not At Intersection,7,Not a Cyclist,3,Travel Lane,7,Not a Cyclist,8,Not Applicable,7,Not a Cyclist,8,Not Applicable,8,Not Applicable,8,Not Applicable,8,Not Applicable,750,Crossing Roadway - Vehicle Not Turning,0,Not a Cyclist
43,Puerto Rico,430043,0,1,5,Pedestrian,998,Not Reported,1,Male,0,None Noted,0,None Noted,0,None Noted,440,Walking/Running Along Roadway Against Traffic - From Front,0,Not a Cyclist,3,Not At Intersection,7,Not a Cyclist,4,Paved Shoulder / Bicycle Lane / Parking Lane,7,Not a Cyclist,8,Not Applicable,7,Not a Cyclist,8,Not Applicable,8,Not Applicable,8,Not Applicable,8,Not Applicable,400,Walking/Running Along Roadway,0,Not a Cyclist
43,Puerto Rico,430049,0,1,6,Bicyclist,65,65 Years,1,Male,0,None Noted,0,None Noted,0,None Noted,0,Not a Pedestrian,970,Unknown Approach Paths,7,Not a Pedestrian,3,Not At Intersection,77,Not a Pedestrian,1,Travel Lane,7,Not a Pedestrian,1,With Traffic,7,Not a Pedestrian,7,Not a Pedestrian,7,Not a Pedestrian,7,Not a Pedestrian,0,Not a Pedestrian,990,Other / Unknown - Insufficient Details
43,Puerto Rico,430050,0,1,5,Pedestrian,79,79 Years,1,Male,0,None Noted,0,None Noted,0,None Noted,770,Motorist Failed to Yield,0,Not a Cyclist,3,Not At Intersection,7,Not a Cyclist,3,Travel Lane,7,Not a Cyclist,8,Not Applicable,7,Not a Cyclist,8,Not Applicable,8,Not Applicable,8,Not Applicable,8,Not Applicable,750,Crossing Roadway - Vehicle Not Turning,0,Not a Cyclist
43,Puerto Rico,430052,0,1,5,Pedestrian,48,48 Years,1,Male,0,None Noted,0,None Noted,0,None Noted,313,Lying in Roadway,0,Not a Cyclist,3,Not At Intersection,7,Not a Cyclist,3,Travel Lane,7,Not a Cyclist,8,Not Applicable,7,Not a Cyclist,8,Not Applicable,8,Not Applicable,8,Not Applicable,8,Not Applicable,600,Pedestrian in Roadway - Circumstances Unknown,0,Not a Cyclist
43,Puerto Rico,430053,0,1,5,Pedestrian,43,43 Years,1,Male,0,None Noted,0,None Noted,0,None Noted,430,Walking/Running Along Roadway Against Traffic - From Behind,0,Not a Cyclist,3,Not At Intersection,7,Not a Cyclist,3,Travel Lane,7,Not a Cyclist,8,Not Applicable,7,Not a Cyclist,8,Not Applicable,8,Not Applicable,8,Not Applicable,8,Not Applicable,400,Walking/Running Along Roadway,0,Not a Cyclist
43,Puerto Rico,430055,0,1,5,Pedestrian,81,81 Years,2,Female,0,None Noted,0,None Noted,0,None Noted,770,Motorist Failed to Yield,0,Not a Cyclist,3,Not At Intersection,7,Not a Cyclist,3,Travel Lane,7,Not a Cyclist,8,Not Applicable,7,Not a Cyclist,8,Not Applicable,8,Not Applicable,8,Not Applicable,8,Not Applicable,750,Crossing Roadway - Vehicle Not Turning,0,Not a Cyclist
43,Puerto Rico,430059,0,1,5,Pedestrian,30,30 Years,1,Male,0,None Noted,0,None Noted,0,None Noted,760,Pedestrian Failed to Yield,0,Not a Cyclist,3,Not At Intersection,7,Not a Cyclist,3,Travel Lane,7,Not a Cyclist,8,Not Applicable,7,Not a Cyclist,8,Not Applicable,8,Not Applicable,8,Not Applicable,8,Not Applicable,750,Crossing Roadway - Vehicle Not Turning,0,Not a Cyclist
43,Puerto Rico,430060,0,1,5,Pedestrian,63,63 Years,1,Male,0,None Noted,1,Yes,0,None Noted,760,Pedestrian Failed to Yield,0,Not a Cyclist,3,Not At Intersection,7,Not a Cyclist,3,Travel Lane,7,Not a Cyclist,8,Not Applicable,7,Not a Cyclist,8,Not Applicable,8,Not Applicable,8,Not Applicable,8,Not Applicable,750,Crossing Roadway - Vehicle Not Turning,0,Not a Cyclist
43,Puerto Rico,430061,0,1,5,Pedestrian,55,55 Years,1,Male,0,None Noted,0,None Noted,0,None Noted,770,Motorist Failed to Yield,0,Not a Cyclist,3,Not At Intersection,7,Not a Cyclist,3,Travel Lane,7,Not a Cyclist,8,Not Applicable,7,Not a Cyclist,8,Not Applicable,8,Not Applicable,8,Not Applicable,8,Not Applicable,750,Crossing Roadway - Vehicle Not Turning,0,Not a Cyclist
43,Puerto Rico,430066,0,1,5,Pedestrian,36,36 Years,1,Male,0,None Noted,0,None Noted,0,None Noted,440,Walking/Running Along Roadway Against Traffic - From Front,0,Not a Cyclist,3,Not At Intersection,7,Not a Cyclist,4,Paved Shoulder / Bicycle Lane / Parking Lane,7,Not a Cyclist,8,Not Applicable,7,Not a Cyclist,8,Not Applicable,8,Not Applicable,8,Not Applicable,8,Not Applicable,400,Walking/Running Along Roadway,0,Not a Cyclist
43,Puerto Rico,430069,0,1,5,Pedestrian,41,41 Years,1,Male,0,None Noted,0,None Noted,0,None Noted,760,Pedestrian Failed to Yield,0,Not a Cyclist,3,Not At Intersection,7,Not a Cyclist,3,Travel Lane,7,Not a Cyclist,8,Not Applicable,7,Not a Cyclist,8,Not Applicable,8,Not Applicable,8,Not Applicable,8,Not Applicable,750,Crossing Roadway - Vehicle Not Turning,0,Not a Cyclist
43,Puerto Rico,430071,0,1,6,Bicyclist,75,75 Years,1,Male,0,None Noted,0,None Noted,0,None Noted,0,Not a Pedestrian,241,Bicyclist Overtaking - Passing on Right,7,Not a Pedestrian,3,Not At Intersection,77,Not a Pedestrian,1,Travel Lane,7,Not a Pedestrian,1,With Traffic,7,Not a Pedestrian,7,Not a Pedestrian,7,Not a Pedestrian,7,Not a Pedestrian,0,Not a Pedestrian,240,Bicyclist Overtaking Motorist
43,Puerto Rico,430072,0,1,5,Pedestrian,74,74 Years,2,Female,0,None Noted,0,None Noted,0,None Noted,520,Waiting to Cross - Vehicle Not Turning,0,Not a Cyclist,3,Not At Intersection,7,Not a Cyclist,6,Unpaved Right-of-Way,7,Not a Cyclist,8,Not Applicable,7,Not a Cyclist,8,Not Applicable,8,Not Applicable,8,Not Applicable,8,Not Applicable,500,Waiting to Cross,0,Not a Cyclist
43,Puerto Rico,430074,0,1,5,Pedestrian,50,50 Years,2,Female,0,None Noted,0,None Noted,0,None Noted,770,Motorist Failed to Yield,0,Not a Cyclist,3,Not At Intersection,7,Not a Cyclist,3,Travel Lane,7,Not a Cyclist,8,Not Applicable,7,Not a Cyclist,8,Not Applicable,8,Not Applicable,8,Not Applicable,8,Not Applicable,750,Crossing Roadway - Vehicle Not Turning,0,Not a Cyclist
43,Puerto Rico,430074,0,2,5,Pedestrian,58,58 Years,1,Male,0,None Noted,0,None Noted,0,None Noted,770,Motorist Failed to Yield,0,Not a Cyclist,3,Not At Intersection,7,Not a Cyclist,3,Travel Lane,7,Not a Cyclist,8,Not Applicable,7,Not a Cyclist,8,Not Applicable,8,Not Applicable,8,Not Applicable,8,Not Applicable,750,Crossing Roadway - Vehicle Not Turning,0,Not a Cyclist
43,Puerto Rico,430076,0,1,5,Pedestrian,998,Not Reported,1,Male,0,None Noted,0,None Noted,0,None Noted,770,Motorist Failed to Yield,0,Not a Cyclist,3,Not At Intersection,7,Not a Cyclist,3,Travel Lane,7,Not a Cyclist,8,Not Applicable,7,Not a Cyclist,8,Not Applicable,8,Not Applicable,8,Not Applicable,8,Not Applicable,750,Crossing Roadway - Vehicle Not Turning,0,Not a Cyclist
43,Puerto Rico,430083,0,1,5,Pedestrian,998,Not Reported,1,Male,0,None Noted,0,None Noted,0,None Noted,770,Motorist Failed to Yield,0,Not a Cyclist,3,Not At Intersection,7,Not a Cyclist,3,Travel Lane,7,Not a Cyclist,8,Not Applicable,7,Not a Cyclist,8,Not Applicable,8,Not Applicable,8,Not Applicable,8,Not Applicable,750,Crossing Roadway - Vehicle Not Turning,0,Not a Cyclist
43,Puerto Rico,430091,0,1,5,Pedestrian,71,71 Years,1,Male,0,None Noted,0,None Noted,0,None Noted,520,Waiting to Cross - Vehicle Not Turning,0,Not a Cyclist,3,Not At Intersection,7,Not a Cyclist,6,Unpaved Right-of-Way,7,Not a Cyclist,8,Not Applicable,7,Not a Cyclist,8,Not Applicable,8,Not Applicable,8,Not Applicable,8,Not Applicable,500,Waiting to Cross,0,Not a Cyclist
43,Puerto Rico,430091,0,2,5,Pedestrian,23,23 Years,2,Female,0,None Noted,0,None Noted,0,None Noted,520,Waiting to Cross - Vehicle Not Turning,0,Not a Cyclist,3,Not At Intersection,7,Not a Cyclist,6,Unpaved Right-of-Way,7,Not a Cyclist,8,Not Applicable,7,Not a Cyclist,8,Not Applicable,8,Not Applicable,8,Not Applicable,8,Not Applicable,500,Waiting to Cross,0,Not a Cyclist
43,Puerto Rico,430094,0,1,5,Pedestrian,48,48 Years,1,Male,0,None Noted,0,None Noted,0,None Noted,213,Backing Vehicle - Trafficway,0,Not a Cyclist,3,Not At Intersection,7,Not a Cyclist,3,Travel Lane,7,Not a Cyclist,8,Not Applicable,7,Not a Cyclist,8,Not Applicable,8,Not Applicable,8,Not Applicable,8,Not Applicable,200,Backing Vehicle,0,Not a Cyclist
43,Puerto Rico,430101,0,1,5,Pedestrian,19,19 Years,1,Male,0,None Noted,0,None Noted,0,None Noted,230,Disabled Vehicle-Related,0,Not a Cyclist,3,Not At Intersection,7,Not a Cyclist,3,Travel Lane,7,Not a Cyclist,8,Not Applicable,7,Not a Cyclist,8,Not Applicable,8,Not Applicable,8,Not Applicable,8,Not Applicable,100,Unusual Circumstances,0,Not a Cyclist
43,Puerto Rico,430101,0,2,5,Pedestrian,20,20 Years,2,Female,0,None Noted,0,None Noted,0,None Noted,230,Disabled Vehicle-Related,0,Not a Cyclist,3,Not At Intersection,7,Not a Cyclist,3,Travel Lane,7,Not a Cyclist,8,Not Applicable,7,Not a Cyclist,8,Not Applicable,8,Not Applicable,8,Not Applicable,8,Not Applicable,100,Unusual Circumstances,0,Not a Cyclist
43,Puerto Rico,430101,0,3,5,Pedestrian,18,18 Years,2,Female,0,None Noted,0,None Noted,0,None Noted,230,Disabled Vehicle-Related,0,Not a Cyclist,3,Not At Intersection,7,Not a Cyclist,3,Travel Lane,7,Not a Cyclist,8,Not Applicable,7,Not a Cyclist,8,Not Applicable,8,Not Applicable,8,Not Applicable,8,Not Applicable,100,Unusual Circumstances,0,Not a Cyclist
43,Puerto Rico,430101,0,4,5,Pedestrian,45,45 Years,1,Male,0,None Noted,0,None Noted,0,None Noted,230,Disabled Vehicle-Related,0,Not a Cyclist,3,Not At Intersection,7,Not a Cyclist,3,Travel Lane,7,Not a Cyclist,8,Not Applicable,7,Not a Cyclist,8,Not Applicable,8,Not Applicable,8,Not Applicable,8,Not Applicable,100,Unusual Circumstances,0,Not a Cyclist
43,Puerto Rico,430105,0,1,5,Pedestrian,45,45 Years,1,Male,0,None Noted,0,None Noted,0,None Noted,770,Motorist Failed to Yield,0,Not a Cyclist,3,Not At Intersection,7,Not a Cyclist,3,Travel Lane,7,Not a Cyclist,8,Not Applicable,7,Not a Cyclist,8,Not Applicable,8,Not Applicable,8,Not Applicable,8,Not Applicable,750,Crossing Roadway - Vehicle Not Turning,0,Not a Cyclist
43,Puerto Rico,430110,0,1,5,Pedestrian,53,53 Years,2,Female,0,None Noted,0,None Noted,0,None Noted,770,Motorist Failed to Yield,0,Not a Cyclist,3,Not At Intersection,7,Not a Cyclist,3,Travel Lane,7,Not a Cyclist,8,Not Applicable,7,Not a Cyclist,8,Not Applicable,8,Not Applicable,8,Not Applicable,8,Not Applicable,750,Crossing Roadway - Vehicle Not Turning,0,Not a Cyclist
43,Puerto Rico,430114,0,1,6,Bicyclist,58,58 Years,1,Male,0,None Noted,0,None Noted,0,None Noted,0,Not a Pedestrian,250,Wrong-Way / Wrong-Side - Bicyclist,7,Not a Pedestrian,3,Not At Intersection,77,Not a Pedestrian,1,Travel Lane,7,Not a Pedestrian,1,With Traffic,7,Not a Pedestrian,7,Not a Pedestrian,7,Not a Pedestrian,7,Not a Pedestrian,0,Not a Pedestrian,258,Wrong-Way / Wrong-Side
43,Puerto Rico,430115,0,1,5,Pedestrian,66,66 Years,1,Male,0,None Noted,0,None Noted,0,None Noted,760,Pedestrian Failed to Yield,0,Not a Cyclist,3,Not At Intersection,7,Not a Cyclist,3,Travel Lane,7,Not a Cyclist,8,Not Applicable,7,Not a Cyclist,8,Not Applicable,8,Not Applicable,8,Not Applicable,8,Not Applicable,750,Crossing Roadway - Vehicle Not Turning,0,Not a Cyclist
43,Puerto Rico,430118,0,1,5,Pedestrian,84,84 Years,1,Male,0,None Noted,0,None Noted,0,None Noted,690,At Intersection - Other / Unknown,0,Not a Cyclist,1,At Intersection,7,Not a Cyclist,1,Intersection Area,7,Not a Cyclist,9,Not Derived/Unknown Initial Direction of Travel,7,Not a Cyclist,1,Northbound,3,Straight through,1,Nearside,2c,"Motorist traveling straight through - Crash Occurred on Near (Approach) Side of Intersection / Pedestrian outside crosswalk area, approach direction unknown.",990,Other / Unknown - Insufficient Details,0,Not a Cyclist
43,Puerto Rico,430121,0,1,6,Bicyclist,72,72 Years,1,Male,0,None Noted,0,None Noted,0,None Noted,0,Not a Pedestrian,280,Parallel Paths - Other / Unknown,7,Not a Pedestrian,3,Not At Intersection,77,Not a Pedestrian,1,Travel Lane,7,Not a Pedestrian,1,With Traffic,7,Not a Pedestrian,7,Not a Pedestrian,7,Not a Pedestrian,7,Not a Pedestrian,0,Not a Pedestrian,290,Parallel Paths - Other Circumstances
43,Puerto Rico,430122,0,1,6,Bicyclist,62,62 Years,1,Male,0,None Noted,0,None Noted,0,None Noted,0,Not a Pedestrian,180,Crossing Paths - Intersection - Other / Unknown Control,7,Not a Pedestrian,1,At Intersection,77,Not a Pedestrian,1,Travel Lane,7,Not a Pedestrian,1,With Traffic,7,Not a Pedestrian,7,Not a Pedestrian,7,Not a Pedestrian,7,Not a Pedestrian,0,Not a Pedestrian,190,Crossing Paths - Other Circumstances
43,Puerto Rico,430123,0,1,5,Pedestrian,55,55 Years,1,Male,0,None Noted,0,None Noted,0,None Noted,220,Driverless Vehicle,0,Not a Cyclist,3,Not At Intersection,7,Not a Cyclist,3,Travel Lane,7,Not a Cyclist,8,Not Applicable,7,Not a Cyclist,8,Not Applicable,8,Not Applicable,8,Not Applicable,8,Not Applicable,100,Unusual Circumstances,0,Not a Cyclist
43,Puerto Rico,430124,0,1,5,Pedestrian,78,78 Years,1,Male,0,None Noted,0,None Noted,0,None Noted,770,Motorist Failed to Yield,0,Not a Cyclist,3,Not At Intersection,7,Not a Cyclist,3,Travel Lane,7,Not a Cyclist,8,Not Applicable,7,Not a Cyclist,8,Not Applicable,8,Not Applicable,8,Not Applicable,8,Not Applicable,750,Crossing Roadway - Vehicle Not Turning,0,Not a Cyclist
43,Puerto Rico,430128,0,1,6,Bicyclist,57,57 Years,1,Male,0,None Noted,0,None Noted,0,None Noted,0,Not a Pedestrian,280,Parallel Paths - Other / Unknown,7,Not a Pedestrian,3,Not At Intersection,77,Not a Pedestrian,1,Travel Lane,7,Not a Pedestrian,1,With Traffic,7,Not a Pedestrian,7,Not a Pedestrian,7,Not a Pedestrian,7,Not a Pedestrian,0,Not a Pedestrian,290,Parallel Paths - Other Circumstances
43,Puerto Rico,430129,0,1,5,Pedestrian,84,84 Years,2,Female,0,None Noted,0,None Noted,0,None Noted,220,Driverless Vehicle,0,Not a Cyclist,3,Not At Intersection,7,Not a Cyclist,3,Travel Lane,7,Not a Cyclist,8,Not Applicable,7,Not a Cyclist,8,Not Applicable,8,Not Applicable,8,Not Applicable,8,Not Applicable,100,Unusual Circumstances,0,Not a Cyclist
43,Puerto Rico,430131,0,1,5,Pedestrian,39,39 Years,1,Male,0,None Noted,0,None Noted,0,None Noted,760,Pedestrian Failed to Yield,0,Not a Cyclist,3,Not At Intersection,7,Not a Cyclist,3,Travel Lane,7,Not a Cyclist,8,Not Applicable,7,Not a Cyclist,8,Not Applicable,8,Not Applicable,8,Not Applicable,8,Not Applicable,750,Crossing Roadway - Vehicle Not Turning,0,Not a Cyclist
43,Puerto Rico,430132,0,1,5,Pedestrian,88,88 Years,2,Female,0,None Noted,0,None Noted,0,None Noted,440,Walking/Running Along Roadway Against Traffic - From Front,0,Not a Cyclist,3,Not At Intersection,7,Not a Cyclist,6,Unpaved Right-of-Way,7,Not a Cyclist,8,Not Applicable,7,Not a Cyclist,8,Not Applicable,8,Not Applicable,8,Not Applicable,8,Not Applicable,400,Walking/Running Along Roadway,0,Not a Cyclist
43,Puerto Rico,430137,0,1,6,Bicyclist,65,65 Years,1,Male,0,None Noted,0,None Noted,0,None Noted,0,Not a Pedestrian,280,Parallel Paths - Other / Unknown,7,Not a Pedestrian,3,Not At Intersection,77,Not a Pedestrian,1,Travel Lane,7,Not a Pedestrian,1,With Traffic,7,Not a Pedestrian,7,Not a Pedestrian,7,Not a Pedestrian,7,Not a Pedestrian,0,Not a Pedestrian,290,Parallel Paths - Other Circumstances
43,Puerto Rico,430140,0,1,5,Pedestrian,998,Not Reported,2,Female,0,None Noted,0,None Noted,0,None Noted,770,Motorist Failed to Yield,0,Not a Cyclist,3,Not At Intersection,7,Not a Cyclist,3,Travel Lane,7,Not a Cyclist,8,Not Applicable,7,Not a Cyclist,8,Not Applicable,8,Not Applicable,8,Not Applicable,8,Not Applicable,750,Crossing Roadway - Vehicle Not Turning,0,Not a Cyclist
43,Puerto Rico,430144,0,1,5,Pedestrian,70,70 Years,2,Female,0,None Noted,0,None Noted,0,None Noted,770,Motorist Failed to Yield,0,Not a Cyclist,3,Not At Intersection,7,Not a Cyclist,3,Travel Lane,7,Not a Cyclist,8,Not Applicable,7,Not a Cyclist,8,Not Applicable,8,Not Applicable,8,Not Applicable,8,Not Applicable,750,Crossing Roadway - Vehicle Not Turning,0,Not a Cyclist
43,Puerto Rico,430149,0,1,5,Pedestrian,37,37 Years,1,Male,0,None Noted,0,None Noted,0,None Noted,520,Waiting to Cross - Vehicle Not Turning,0,Not a Cyclist,3,Not At Intersection,7,Not a Cyclist,3,Travel Lane,7,Not a Cyclist,8,Not Applicable,7,Not a Cyclist,8,Not Applicable,8,Not Applicable,8,Not Applicable,8,Not Applicable,500,Waiting to Cross,0,Not a Cyclist
43,Puerto Rico,430153,0,1,5,Pedestrian,55,55 Years,1,Male,0,None Noted,0,None Noted,0,None Noted,770,Motorist Failed to Yield,0,Not a Cyclist,3,Not At Intersection,7,Not a Cyclist,3,Travel Lane,7,Not a Cyclist,8,Not Applicable,7,Not a Cyclist,8,Not Applicable,8,Not Applicable,8,Not Applicable,8,Not Applicable,750,Crossing Roadway - Vehicle Not Turning,0,Not a Cyclist
43,Puerto Rico,430154,0,1,6,Bicyclist,47,47 Years,2,Female,0,None Noted,0,None Noted,0,None Noted,0,Not a Pedestrian,800,Unusual Circumstances,7,Not a Pedestrian,3,Not At Intersection,77,Not a Pedestrian,1,Travel Lane,7,Not a Pedestrian,1,With Traffic,7,Not a Pedestrian,7,Not a Pedestrian,7,Not a Pedestrian,7,Not a Pedestrian,0,Not a Pedestrian,850,Other / Unusual Circumstances
43,Puerto Rico,430159,0,1,5,Pedestrian,49,49 Years,1,Male,0,None Noted,0,None Noted,0,None Noted,680,Not At Intersection - Other / Unknown,0,Not a Cyclist,3,Not At Intersection,7,Not a Cyclist,3,Travel Lane,7,Not a Cyclist,8,Not Applicable,7,Not a Cyclist,8,Not Applicable,8,Not Applicable,8,Not Applicable,8,Not Applicable,990,Other / Unknown - Insufficient Details,0,Not a Cyclist
43,Puerto Rico,430160,0,1,5,Pedestrian,77,77 Years,1,Male,0,None Noted,0,None Noted,0,None Noted,770,Motorist Failed to Yield,0,Not a Cyclist,3,Not At Intersection,7,Not a Cyclist,3,Travel Lane,7,Not a Cyclist,8,Not Applicable,7,Not a Cyclist,8,Not Applicable,8,Not Applicable,8,Not Applicable,8,Not Applicable,750,Crossing Roadway - Vehicle Not Turning,0,Not a Cyclist
43,Puerto Rico,430162,0,1,5,Pedestrian,52,52 Years,2,Female,0,None Noted,0,None Noted,0,None Noted,760,Pedestrian Failed to Yield,0,Not a Cyclist,3,Not At Intersection,7,Not a Cyclist,3,Travel Lane,7,Not a Cyclist,8,Not Applicable,7,Not a Cyclist,8,Not Applicable,8,Not Applicable,8,Not Applicable,8,Not Applicable,750,Crossing Roadway - Vehicle Not Turning,0,Not a Cyclist
43,Puerto Rico,430169,0,1,5,Pedestrian,65,65 Years,1,Male,0,None Noted,0,None Noted,0,None Noted,690,At Intersection - Other / Unknown,0,Not a Cyclist,1,At Intersection,7,Not a Cyclist,1,Intersection Area,7,Not a Cyclist,4,Westbound,7,Not a Cyclist,1,Northbound,3,Straight through,1,Nearside,2b,"Motorist traveling straight through - Crash Occurred on Near (Approach) Side of Intersection / Pedestrian outside crosswalk area, traveled from motorist�s right.",990,Other / Unknown - Insufficient Details,0,Not a Cyclist
43,Puerto Rico,430175,0,1,5,Pedestrian,998,Not Reported,1,Male,0,None Noted,0,None Noted,0,None Noted,770,Motorist Failed to Yield,0,Not a Cyclist,3,Not At Intersection,7,Not a Cyclist,3,Travel Lane,7,Not a Cyclist,8,Not Applicable,7,Not a Cyclist,8,Not Applicable,8,Not Applicable,8,Not Applicable,8,Not Applicable,750,Crossing Roadway - Vehicle Not Turning,0,Not a Cyclist
43,Puerto Rico,430176,0,1,5,Pedestrian,29,29 Years,1,Male,0,None Noted,0,None Noted,0,None Noted,770,Motorist Failed to Yield,0,Not a Cyclist,3,Not At Intersection,7,Not a Cyclist,3,Travel Lane,7,Not a Cyclist,8,Not Applicable,7,Not a Cyclist,8,Not Applicable,8,Not Applicable,8,Not Applicable,8,Not Applicable,750,Crossing Roadway - Vehicle Not Turning,0,Not a Cyclist
43,Puerto Rico,430179,0,1,5,Pedestrian,82,82 Years,1,Male,0,None Noted,0,None Noted,0,None Noted,770,Motorist Failed to Yield,0,Not a Cyclist,3,Not At Intersection,7,Not a Cyclist,3,Travel Lane,7,Not a Cyclist,8,Not Applicable,7,Not a Cyclist,8,Not Applicable,8,Not Applicable,8,Not Applicable,8,Not Applicable,750,Crossing Roadway - Vehicle Not Turning,0,Not a Cyclist
43,Puerto Rico,430180,0,1,5,Pedestrian,70,70 Years,1,Male,0,None Noted,0,None Noted,0,None Noted,760,Pedestrian Failed to Yield,0,Not a Cyclist,3,Not At Intersection,7,Not a Cyclist,3,Travel Lane,7,Not a Cyclist,8,Not Applicable,7,Not a Cyclist,8,Not Applicable,8,Not Applicable,8,Not Applicable,8,Not Applicable,750,Crossing Roadway - Vehicle Not Turning,0,Not a Cyclist
43,Puerto Rico,430194,0,1,5,Pedestrian,66,66 Years,2,Female,0,None Noted,0,None Noted,0,None Noted,770,Motorist Failed to Yield,0,Not a Cyclist,1,At Intersection,7,Not a Cyclist,1,Intersection Area,7,Not a Cyclist,9,Not Derived/Unknown Initial Direction of Travel,7,Not a Cyclist,1,Northbound,3,Straight through,1,Nearside,2c,"Motorist traveling straight through - Crash Occurred on Near (Approach) Side of Intersection / Pedestrian outside crosswalk area, approach direction unknown.",750,Crossing Roadway - Vehicle Not Turning,0,Not a Cyclist
43,Puerto Rico,430196,0,1,6,Bicyclist,76,76 Years,1,Male,0,None Noted,0,None Noted,0,None Noted,0,Not a Pedestrian,280,Parallel Paths - Other / Unknown,7,Not a Pedestrian,3,Not At Intersection,77,Not a Pedestrian,1,Travel Lane,7,Not a Pedestrian,1,With Traffic,7,Not a Pedestrian,7,Not a Pedestrian,7,Not a Pedestrian,7,Not a Pedestrian,0,Not a Pedestrian,290,Parallel Paths - Other Circumstances
43,Puerto Rico,430201,0,1,5,Pedestrian,63,63 Years,1,Male,0,None Noted,0,None Noted,0,None Noted,420,Walking/Running Along Roadway With Traffic - From Front,0,Not a Cyclist,3,Not At Intersection,7,Not a Cyclist,3,Travel Lane,7,Not a Cyclist,8,Not Applicable,7,Not a Cyclist,8,Not Applicable,8,Not Applicable,8,Not Applicable,8,Not Applicable,400,Walking/Running Along Roadway,0,Not a Cyclist
43,Puerto Rico,430203,0,1,5,Pedestrian,76,76 Years,1,Male,0,None Noted,0,None Noted,0,None Noted,420,Walking/Running Along Roadway With Traffic - From Front,0,Not a Cyclist,3,Not At Intersection,7,Not a Cyclist,3,Travel Lane,7,Not a Cyclist,8,Not Applicable,7,Not a Cyclist,8,Not Applicable,8,Not Applicable,8,Not Applicable,8,Not Applicable,400,Walking/Running Along Roadway,0,Not a Cyclist
43,Puerto Rico,430206,0,1,5,Pedestrian,998,Not Reported,1,Male,0,None Noted,0,None Noted,0,None Noted,770,Motorist Failed to Yield,0,Not a Cyclist,3,Not At Intersection,7,Not a Cyclist,3,Travel Lane,7,Not a Cyclist,8,Not Applicable,7,Not a Cyclist,8,Not Applicable,8,Not Applicable,8,Not Applicable,8,Not Applicable,750,Crossing Roadway - Vehicle Not Turning,0,Not a Cyclist
43,Puerto Rico,430207,0,1,5,Pedestrian,75,75 Years,1,Male,1,Yes,0,None Noted,0,None Noted,770,Motorist Failed to Yield,0,Not a Cyclist,3,Not At Intersection,7,Not a Cyclist,2,Crosswalk Area,7,Not a Cyclist,8,Not Applicable,7,Not a Cyclist,8,Not Applicable,8,Not Applicable,8,Not Applicable,8,Not Applicable,750,Crossing Roadway - Vehicle Not Turning,0,Not a Cyclist
43,Puerto Rico,430209,0,1,5,Pedestrian,68,68 Years,1,Male,0,None Noted,0,None Noted,0,None Noted,770,Motorist Failed to Yield,0,Not a Cyclist,3,Not At Intersection,7,Not a Cyclist,3,Travel Lane,7,Not a Cyclist,8,Not Applicable,7,Not a Cyclist,8,Not Applicable,8,Not Applicable,8,Not Applicable,8,Not Applicable,750,Crossing Roadway - Vehicle Not Turning,0,Not a Cyclist
43,Puerto Rico,430210,0,1,5,Pedestrian,998,Not Reported,1,Male,1,Yes,0,None Noted,0,None Noted,760,Pedestrian Failed to Yield,0,Not a Cyclist,3,Not At Intersection,7,Not a Cyclist,3,Travel Lane,7,Not a Cyclist,8,Not Applicable,7,Not a Cyclist,8,Not Applicable,8,Not Applicable,8,Not Applicable,8,Not Applicable,750,Crossing Roadway - Vehicle Not Turning,0,Not a Cyclist
43,Puerto Rico,430214,0,1,5,Pedestrian,78,78 Years,1,Male,1,Yes,0,None Noted,0,None Noted,760,Pedestrian Failed to Yield,0,Not a Cyclist,3,Not At Intersection,7,Not a Cyclist,3,Travel Lane,7,Not a Cyclist,8,Not Applicable,7,Not a Cyclist,8,Not Applicable,8,Not Applicable,8,Not Applicable,8,Not Applicable,750,Crossing Roadway - Vehicle Not Turning,0,Not a Cyclist
43,Puerto Rico,430215,0,1,5,Pedestrian,998,Not Reported,1,Male,0,None Noted,0,None Noted,0,None Noted,760,Pedestrian Failed to Yield,0,Not a Cyclist,3,Not At Intersection,7,Not a Cyclist,3,Travel Lane,7,Not a Cyclist,8,Not Applicable,7,Not a Cyclist,8,Not Applicable,8,Not Applicable,8,Not Applicable,8,Not Applicable,750,Crossing Roadway - Vehicle Not Turning,0,Not a Cyclist
43,Puerto Rico,430218,0,1,5,Pedestrian,54,54 Years,1,Male,0,None Noted,0,None Noted,0,None Noted,770,Motorist Failed to Yield,0,Not a Cyclist,3,Not At Intersection,7,Not a Cyclist,3,Travel Lane,7,Not a Cyclist,8,Not Applicable,7,Not a Cyclist,8,Not Applicable,8,Not Applicable,8,Not Applicable,8,Not Applicable,750,Crossing Roadway - Vehicle Not Turning,0,Not a Cyclist
43,Puerto Rico,430231,0,1,5,Pedestrian,998,Not Reported,1,Male,0,None Noted,0,None Noted,0,None Noted,420,Walking/Running Along Roadway With Traffic - From Front,0,Not a Cyclist,3,Not At Intersection,7,Not a Cyclist,3,Travel Lane,7,Not a Cyclist,8,Not Applicable,7,Not a Cyclist,8,Not Applicable,8,Not Applicable,8,Not Applicable,8,Not Applicable,400,Walking/Running Along Roadway,0,Not a Cyclist
