STATE,STATENAME,ST_CASE,VEH_NO,PER_NO,PERSONRF,PERSONRFNAME
43,Puerto Rico,430001,0,1,0,None
43,Puerto Rico,430001,1,1,0,None
43,Puerto Rico,430002,0,1,0,None
43,Puerto Rico,430002,1,1,0,None
43,Puerto Rico,430003,0,1,0,None
43,Puerto Rico,430003,1,1,0,None
43,Puerto Rico,430004,1,1,0,None
43,Puerto Rico,430004,2,1,0,None
43,Puerto Rico,430005,1,1,0,None
43,Puerto Rico,430005,1,2,0,None
43,Puerto Rico,430006,0,1,0,None
43,Puerto Rico,430006,1,1,0,None
43,Puerto Rico,430007,1,1,0,None
43,Puerto Rico,430007,2,1,0,None
43,Puerto Rico,430008,0,1,0,None
43,Puerto Rico,430008,1,1,0,None
43,Puerto Rico,430009,0,1,60,"Rain, Snow, Fog, Smoke, Sand, Dust"
43,Puerto Rico,430009,1,1,0,None
43,Puerto Rico,430009,1,2,0,None
43,Puerto Rico,430010,1,1,0,None
43,Puerto Rico,430010,2,1,0,None
43,Puerto Rico,430010,2,2,0,None
43,Puerto Rico,430011,1,1,0,None
43,Puerto Rico,430012,1,1,0,None
43,Puerto Rico,430013,1,1,0,None
43,Puerto Rico,430014,1,1,0,None
43,Puerto Rico,430014,2,1,0,None
43,Puerto Rico,430015,1,1,0,None
43,Puerto Rico,430016,0,1,0,None
43,Puerto Rico,430016,1,1,0,None
43,Puerto Rico,430017,1,1,0,None
43,Puerto Rico,430018,1,1,0,None
43,Puerto Rico,430018,2,1,0,None
43,Puerto Rico,430019,1,1,0,None
43,Puerto Rico,430019,2,1,0,None
43,Puerto Rico,430019,3,1,0,None
43,Puerto Rico,430019,4,1,0,None
43,Puerto Rico,430020,1,1,0,None
43,Puerto Rico,430020,1,2,0,None
43,Puerto Rico,430020,2,1,0,None
43,Puerto Rico,430021,0,1,0,None
43,Puerto Rico,430021,1,1,0,None
43,Puerto Rico,430022,1,1,0,None
43,Puerto Rico,430023,0,1,0,None
43,Puerto Rico,430023,1,1,0,None
43,Puerto Rico,430023,1,2,0,None
43,Puerto Rico,430024,1,1,0,None
43,Puerto Rico,430024,2,1,0,None
43,Puerto Rico,430024,3,1,0,None
43,Puerto Rico,430024,3,2,0,None
43,Puerto Rico,430024,4,1,0,None
43,Puerto Rico,430024,4,2,0,None
43,Puerto Rico,430025,1,1,0,None
43,Puerto Rico,430025,2,1,0,None
43,Puerto Rico,430026,1,1,0,None
43,Puerto Rico,430026,2,1,0,None
43,Puerto Rico,430027,0,1,0,None
43,Puerto Rico,430027,1,1,0,None
43,Puerto Rico,430028,1,1,0,None
43,Puerto Rico,430028,1,2,0,None
43,Puerto Rico,430028,2,1,0,None
43,Puerto Rico,430029,1,1,0,None
43,Puerto Rico,430029,1,2,0,None
43,Puerto Rico,430029,1,3,0,None
43,Puerto Rico,430029,2,1,0,None
43,Puerto Rico,430030,1,1,0,None
43,Puerto Rico,430031,0,1,0,None
43,Puerto Rico,430031,1,1,0,None
43,Puerto Rico,430032,0,1,0,None
43,Puerto Rico,430032,1,1,0,None
43,Puerto Rico,430033,1,1,0,None
43,Puerto Rico,430033,1,2,0,None
43,Puerto Rico,430033,1,3,0,None
43,Puerto Rico,430033,1,4,0,None
43,Puerto Rico,430034,1,1,0,None
43,Puerto Rico,430034,2,1,0,None
43,Puerto Rico,430034,2,2,0,None
43,Puerto Rico,430035,1,1,0,None
43,Puerto Rico,430036,1,1,0,None
43,Puerto Rico,430036,2,1,0,None
43,Puerto Rico,430037,1,1,0,None
43,Puerto Rico,430038,0,1,0,None
43,Puerto Rico,430038,1,1,0,None
43,Puerto Rico,430039,1,1,0,None
43,Puerto Rico,430039,2,1,0,None
43,Puerto Rico,430040,1,1,0,None
43,Puerto Rico,430040,2,1,0,None
43,Puerto Rico,430041,1,1,0,None
43,Puerto Rico,430041,2,1,0,None
43,Puerto Rico,430042,1,1,0,None
43,Puerto Rico,430043,0,1,0,None
43,Puerto Rico,430043,1,1,0,None
43,Puerto Rico,430044,1,1,0,None
43,Puerto Rico,430045,1,1,0,None
43,Puerto Rico,430046,1,1,0,None
43,Puerto Rico,430047,1,1,0,None
43,Puerto Rico,430047,2,1,0,None
43,Puerto Rico,430048,1,1,0,None
43,Puerto Rico,430048,2,1,0,None
43,Puerto Rico,430049,0,1,0,None
43,Puerto Rico,430049,1,1,0,None
43,Puerto Rico,430050,0,1,0,None
43,Puerto Rico,430050,1,1,0,None
43,Puerto Rico,430051,1,1,0,None
43,Puerto Rico,430051,2,1,0,None
43,Puerto Rico,430051,2,2,0,None
43,Puerto Rico,430051,3,1,0,None
43,Puerto Rico,430052,0,1,0,None
43,Puerto Rico,430052,1,1,0,None
43,Puerto Rico,430053,0,1,0,None
43,Puerto Rico,430053,1,1,0,None
43,Puerto Rico,430054,1,1,0,None
43,Puerto Rico,430054,2,1,0,None
43,Puerto Rico,430055,0,1,0,None
43,Puerto Rico,430055,1,1,0,None
43,Puerto Rico,430056,1,1,0,None
43,Puerto Rico,430056,1,2,0,None
43,Puerto Rico,430056,2,1,0,None
43,Puerto Rico,430057,1,1,0,None
43,Puerto Rico,430058,1,1,0,None
43,Puerto Rico,430058,2,1,0,None
43,Puerto Rico,430059,0,1,0,None
43,Puerto Rico,430059,1,1,0,None
43,Puerto Rico,430060,0,1,0,None
43,Puerto Rico,430060,1,1,0,None
43,Puerto Rico,430061,0,1,0,None
43,Puerto Rico,430061,1,1,0,None
43,Puerto Rico,430062,1,1,0,None
43,Puerto Rico,430062,1,2,0,None
43,Puerto Rico,430062,2,1,0,None
43,Puerto Rico,430063,1,1,0,None
43,Puerto Rico,430063,2,1,0,None
43,Puerto Rico,430063,2,2,0,None
43,Puerto Rico,430064,1,1,0,None
43,Puerto Rico,430064,2,1,0,None
43,Puerto Rico,430064,2,2,0,None
43,Puerto Rico,430064,2,3,0,None
43,Puerto Rico,430065,1,1,0,None
43,Puerto Rico,430066,0,1,0,None
43,Puerto Rico,430066,1,1,0,None
43,Puerto Rico,430067,1,1,0,None
43,Puerto Rico,430067,2,1,0,None
43,Puerto Rico,430067,2,2,0,None
43,Puerto Rico,430068,1,1,0,None
43,Puerto Rico,430069,0,1,0,None
43,Puerto Rico,430069,1,1,0,None
43,Puerto Rico,430070,1,1,0,None
43,Puerto Rico,430070,2,1,0,None
43,Puerto Rico,430071,0,1,0,None
43,Puerto Rico,430071,1,1,0,None
43,Puerto Rico,430072,0,1,0,None
43,Puerto Rico,430072,1,1,0,None
43,Puerto Rico,430073,1,1,0,None
43,Puerto Rico,430073,2,1,0,None
43,Puerto Rico,430074,0,1,0,None
43,Puerto Rico,430074,0,2,0,None
43,Puerto Rico,430074,1,1,0,None
43,Puerto Rico,430075,1,1,0,None
43,Puerto Rico,430075,2,1,0,None
43,Puerto Rico,430076,0,1,0,None
43,Puerto Rico,430076,1,1,0,None
43,Puerto Rico,430077,1,1,0,None
43,Puerto Rico,430078,1,1,0,None
43,Puerto Rico,430079,1,1,0,None
43,Puerto Rico,430080,1,1,0,None
43,Puerto Rico,430080,1,2,0,None
43,Puerto Rico,430081,1,1,0,None
43,Puerto Rico,430082,1,1,0,None
43,Puerto Rico,430082,2,1,0,None
43,Puerto Rico,430083,0,1,0,None
43,Puerto Rico,430083,1,1,0,None
43,Puerto Rico,430083,1,2,0,None
43,Puerto Rico,430084,1,1,0,None
43,Puerto Rico,430084,2,1,0,None
43,Puerto Rico,430085,1,1,0,None
43,Puerto Rico,430085,2,1,0,None
43,Puerto Rico,430086,1,1,0,None
43,Puerto Rico,430086,2,1,0,None
43,Puerto Rico,430087,1,1,0,None
43,Puerto Rico,430088,1,1,0,None
43,Puerto Rico,430088,2,1,0,None
43,Puerto Rico,430089,1,1,0,None
43,Puerto Rico,430090,1,1,0,None
43,Puerto Rico,430090,2,1,0,None
43,Puerto Rico,430090,2,2,0,None
43,Puerto Rico,430090,2,3,0,None
43,Puerto Rico,430090,2,4,0,None
43,Puerto Rico,430091,0,1,0,None
43,Puerto Rico,430091,0,2,0,None
43,Puerto Rico,430091,1,1,0,None
43,Puerto Rico,430091,2,1,0,None
43,Puerto Rico,430092,1,1,0,None
43,Puerto Rico,430093,1,1,0,None
43,Puerto Rico,430093,1,2,0,None
43,Puerto Rico,430094,0,1,0,None
43,Puerto Rico,430094,1,1,0,None
43,Puerto Rico,430094,1,2,0,None
43,Puerto Rico,430095,1,1,0,None
43,Puerto Rico,430096,1,1,0,None
43,Puerto Rico,430096,1,2,0,None
43,Puerto Rico,430096,1,3,0,None
43,Puerto Rico,430096,1,4,0,None
43,Puerto Rico,430097,1,1,0,None
43,Puerto Rico,430097,1,2,0,None
43,Puerto Rico,430097,2,1,0,None
43,Puerto Rico,430098,1,1,0,None
43,Puerto Rico,430098,1,2,0,None
43,Puerto Rico,430098,1,3,0,None
43,Puerto Rico,430099,1,1,0,None
43,Puerto Rico,430099,2,1,0,None
43,Puerto Rico,430100,1,1,0,None
43,Puerto Rico,430100,1,2,0,None
43,Puerto Rico,430101,0,1,0,None
43,Puerto Rico,430101,0,2,0,None
43,Puerto Rico,430101,0,3,0,None
43,Puerto Rico,430101,0,4,0,None
43,Puerto Rico,430101,1,1,0,None
43,Puerto Rico,430102,1,1,0,None
43,Puerto Rico,430102,1,2,0,None
43,Puerto Rico,430102,1,3,0,None
43,Puerto Rico,430102,1,4,0,None
43,Puerto Rico,430102,2,1,0,None
43,Puerto Rico,430103,1,1,0,None
43,Puerto Rico,430104,1,1,0,None
43,Puerto Rico,430104,1,2,0,None
43,Puerto Rico,430104,1,3,0,None
43,Puerto Rico,430104,1,4,0,None
43,Puerto Rico,430104,1,5,0,None
43,Puerto Rico,430104,2,1,0,None
43,Puerto Rico,430105,0,1,0,None
43,Puerto Rico,430105,1,1,0,None
43,Puerto Rico,430106,1,1,0,None
43,Puerto Rico,430106,2,1,0,None
43,Puerto Rico,430107,1,1,0,None
43,Puerto Rico,430108,1,1,0,None
43,Puerto Rico,430108,2,1,0,None
43,Puerto Rico,430109,1,1,0,None
43,Puerto Rico,430109,2,1,0,None
43,Puerto Rico,430110,0,1,0,None
43,Puerto Rico,430110,1,1,0,None
43,Puerto Rico,430111,1,1,0,None
43,Puerto Rico,430112,1,1,0,None
43,Puerto Rico,430112,2,1,0,None
43,Puerto Rico,430113,1,1,0,None
43,Puerto Rico,430113,2,1,0,None
43,Puerto Rico,430114,0,1,0,None
43,Puerto Rico,430114,1,1,0,None
43,Puerto Rico,430115,0,1,0,None
43,Puerto Rico,430115,1,1,0,None
43,Puerto Rico,430116,1,1,0,None
43,Puerto Rico,430116,2,1,0,None
43,Puerto Rico,430116,2,2,0,None
43,Puerto Rico,430117,1,1,0,None
43,Puerto Rico,430117,2,1,0,None
43,Puerto Rico,430117,2,2,0,None
43,Puerto Rico,430117,3,1,0,None
43,Puerto Rico,430118,0,1,0,None
43,Puerto Rico,430118,1,1,0,None
43,Puerto Rico,430119,1,1,0,None
43,Puerto Rico,430119,1,2,0,None
43,Puerto Rico,430120,1,1,0,None
43,Puerto Rico,430120,1,2,0,None
43,Puerto Rico,430120,2,1,0,None
43,Puerto Rico,430121,0,1,0,None
43,Puerto Rico,430121,1,1,0,None
43,Puerto Rico,430122,0,1,0,None
43,Puerto Rico,430122,1,1,0,None
43,Puerto Rico,430123,0,1,0,None
43,Puerto Rico,430124,0,1,0,None
43,Puerto Rico,430124,1,1,0,None
43,Puerto Rico,430125,1,1,0,None
43,Puerto Rico,430126,1,1,0,None
43,Puerto Rico,430127,1,1,0,None
43,Puerto Rico,430127,1,2,0,None
43,Puerto Rico,430128,0,1,0,None
43,Puerto Rico,430128,1,1,0,None
43,Puerto Rico,430129,0,1,0,None
43,Puerto Rico,430130,1,1,0,None
43,Puerto Rico,430131,0,1,0,None
43,Puerto Rico,430131,1,1,0,None
43,Puerto Rico,430132,0,1,0,None
43,Puerto Rico,430132,1,1,0,None
43,Puerto Rico,430133,1,1,0,None
43,Puerto Rico,430134,1,1,0,None
43,Puerto Rico,430135,1,1,0,None
43,Puerto Rico,430135,1,2,0,None
43,Puerto Rico,430136,1,1,0,None
43,Puerto Rico,430137,0,1,0,None
43,Puerto Rico,430137,1,1,0,None
43,Puerto Rico,430138,1,1,0,None
43,Puerto Rico,430138,2,1,0,None
43,Puerto Rico,430139,1,1,0,None
43,Puerto Rico,430139,2,1,0,None
43,Puerto Rico,430140,0,1,0,None
43,Puerto Rico,430140,1,1,0,None
43,Puerto Rico,430141,1,1,0,None
43,Puerto Rico,430141,2,1,0,None
43,Puerto Rico,430142,1,1,0,None
43,Puerto Rico,430142,1,2,0,None
43,Puerto Rico,430142,1,3,0,None
43,Puerto Rico,430142,2,1,0,None
43,Puerto Rico,430144,0,1,0,None
43,Puerto Rico,430144,1,1,0,None
43,Puerto Rico,430145,1,1,0,None
43,Puerto Rico,430145,1,2,0,None
43,Puerto Rico,430145,1,3,0,None
43,Puerto Rico,430145,1,4,0,None
43,Puerto Rico,430145,2,1,0,None
43,Puerto Rico,430146,1,1,0,None
43,Puerto Rico,430146,2,1,0,None
43,Puerto Rico,430148,1,1,0,None
43,Puerto Rico,430148,2,1,0,None
43,Puerto Rico,430149,0,1,0,None
43,Puerto Rico,430149,1,1,0,None
43,Puerto Rico,430149,2,1,0,None
43,Puerto Rico,430150,1,1,0,None
43,Puerto Rico,430151,1,1,0,None
43,Puerto Rico,430152,1,1,0,None
43,Puerto Rico,430153,0,1,0,None
43,Puerto Rico,430153,1,1,0,None
43,Puerto Rico,430154,0,1,0,None
43,Puerto Rico,430154,1,1,0,None
43,Puerto Rico,430155,1,1,0,None
43,Puerto Rico,430155,1,2,0,None
43,Puerto Rico,430155,1,3,0,None
43,Puerto Rico,430155,1,4,0,None
43,Puerto Rico,430155,1,5,0,None
43,Puerto Rico,430155,2,1,0,None
43,Puerto Rico,430156,1,1,0,None
43,Puerto Rico,430156,1,2,0,None
43,Puerto Rico,430156,2,1,0,None
43,Puerto Rico,430157,1,1,0,None
43,Puerto Rico,430157,2,1,0,None
43,Puerto Rico,430157,2,2,0,None
43,Puerto Rico,430158,1,1,0,None
43,Puerto Rico,430159,0,1,0,None
43,Puerto Rico,430159,1,1,0,None
43,Puerto Rico,430159,1,2,0,None
43,Puerto Rico,430159,1,3,0,None
43,Puerto Rico,430159,1,4,0,None
43,Puerto Rico,430160,0,1,0,None
43,Puerto Rico,430160,1,1,0,None
43,Puerto Rico,430161,1,1,0,None
43,Puerto Rico,430162,0,1,0,None
43,Puerto Rico,430162,1,1,0,None
43,Puerto Rico,430163,1,1,0,None
43,Puerto Rico,430163,2,1,0,None
43,Puerto Rico,430164,1,1,0,None
43,Puerto Rico,430165,1,1,0,None
43,Puerto Rico,430166,1,1,0,None
43,Puerto Rico,430167,1,1,0,None
43,Puerto Rico,430168,1,1,0,None
43,Puerto Rico,430168,1,2,0,None
43,Puerto Rico,430168,2,1,0,None
43,Puerto Rico,430169,0,1,0,None
43,Puerto Rico,430169,1,1,0,None
43,Puerto Rico,430170,1,1,0,None
43,Puerto Rico,430171,1,1,0,None
43,Puerto Rico,430171,1,2,0,None
43,Puerto Rico,430171,2,1,0,None
43,Puerto Rico,430172,1,1,0,None
43,Puerto Rico,430173,1,1,0,None
43,Puerto Rico,430173,2,1,0,None
43,Puerto Rico,430174,1,1,0,None
43,Puerto Rico,430174,1,2,0,None
43,Puerto Rico,430175,0,1,0,None
43,Puerto Rico,430175,1,1,0,None
43,Puerto Rico,430176,0,1,0,None
43,Puerto Rico,430176,1,1,0,None
43,Puerto Rico,430176,1,2,0,None
43,Puerto Rico,430177,1,1,0,None
43,Puerto Rico,430178,1,1,0,None
43,Puerto Rico,430178,1,2,0,None
43,Puerto Rico,430178,1,3,0,None
43,Puerto Rico,430178,2,1,0,None
43,Puerto Rico,430178,3,1,0,None
43,Puerto Rico,430179,0,1,0,None
43,Puerto Rico,430179,1,1,0,None
43,Puerto Rico,430180,0,1,0,None
43,Puerto Rico,430180,1,1,0,None
43,Puerto Rico,430181,1,1,0,None
43,Puerto Rico,430182,1,1,0,None
43,Puerto Rico,430182,2,1,0,None
43,Puerto Rico,430183,1,1,0,None
43,Puerto Rico,430183,2,1,0,None
43,Puerto Rico,430183,3,1,0,None
43,Puerto Rico,430184,1,1,0,None
43,Puerto Rico,430184,2,1,0,None
43,Puerto Rico,430185,1,1,0,None
43,Puerto Rico,430185,2,1,0,None
43,Puerto Rico,430186,1,1,0,None
43,Puerto Rico,430187,1,1,0,None
43,Puerto Rico,430187,2,1,0,None
43,Puerto Rico,430188,1,1,0,None
43,Puerto Rico,430188,1,2,0,None
43,Puerto Rico,430188,1,3,0,None
43,Puerto Rico,430189,1,1,0,None
43,Puerto Rico,430190,1,1,0,None
43,Puerto Rico,430190,1,2,0,None
43,Puerto Rico,430191,1,1,0,None
43,Puerto Rico,430192,1,1,0,None
43,Puerto Rico,430193,1,1,0,None
43,Puerto Rico,430193,1,2,0,None
43,Puerto Rico,430194,0,1,0,None
43,Puerto Rico,430194,1,1,0,None
43,Puerto Rico,430195,1,1,0,None
43,Puerto Rico,430196,0,1,0,None
43,Puerto Rico,430196,1,1,0,None
43,Puerto Rico,430197,1,1,0,None
43,Puerto Rico,430197,1,2,0,None
43,Puerto Rico,430198,1,1,0,None
43,Puerto Rico,430198,2,1,0,None
43,Puerto Rico,430198,2,2,0,None
43,Puerto Rico,430199,1,1,0,None
43,Puerto Rico,430200,1,1,0,None
43,Puerto Rico,430200,2,1,0,None
43,Puerto Rico,430200,3,1,0,None
43,Puerto Rico,430201,0,1,0,None
43,Puerto Rico,430201,1,1,0,None
43,Puerto Rico,430202,1,1,0,None
43,Puerto Rico,430202,2,1,0,None
43,Puerto Rico,430202,3,1,0,None
43,Puerto Rico,430202,3,2,0,None
43,Puerto Rico,430203,0,1,0,None
43,Puerto Rico,430203,1,1,0,None
43,Puerto Rico,430204,1,1,0,None
43,Puerto Rico,430204,2,1,0,None
43,Puerto Rico,430205,1,1,0,None
43,Puerto Rico,430205,1,2,0,None
43,Puerto Rico,430205,2,1,0,None
43,Puerto Rico,430206,0,1,0,None
43,Puerto Rico,430206,1,1,0,None
43,Puerto Rico,430207,0,1,0,None
43,Puerto Rico,430207,1,1,0,None
43,Puerto Rico,430208,1,1,0,None
43,Puerto Rico,430208,2,1,0,None
43,Puerto Rico,430209,0,1,0,None
43,Puerto Rico,430209,1,1,0,None
43,Puerto Rico,430210,0,1,0,None
43,Puerto Rico,430210,1,1,0,None
43,Puerto Rico,430211,1,1,0,None
43,Puerto Rico,430212,1,1,0,None
43,Puerto Rico,430213,1,1,0,None
43,Puerto Rico,430214,0,1,0,None
43,Puerto Rico,430214,1,1,0,None
43,Puerto Rico,430215,0,1,0,None
43,Puerto Rico,430215,1,1,0,None
43,Puerto Rico,430216,1,1,0,None
43,Puerto Rico,430217,1,1,0,None
43,Puerto Rico,430218,0,1,0,None
43,Puerto Rico,430218,1,1,0,None
43,Puerto Rico,430219,1,1,0,None
43,Puerto Rico,430219,1,2,0,None
43,Puerto Rico,430219,2,1,0,None
43,Puerto Rico,430220,1,1,0,None
43,Puerto Rico,430220,1,2,0,None
43,Puerto Rico,430221,1,1,0,None
43,Puerto Rico,430221,2,1,0,None
43,Puerto Rico,430221,2,2,0,None
43,Puerto Rico,430222,1,1,0,None
43,Puerto Rico,430222,1,2,0,None
43,Puerto Rico,430223,1,1,0,None
43,Puerto Rico,430223,2,1,0,None
43,Puerto Rico,430224,1,1,0,None
43,Puerto Rico,430224,1,2,0,None
43,Puerto Rico,430224,2,1,0,None
43,Puerto Rico,430225,1,1,0,None
43,Puerto Rico,430225,2,1,0,None
43,Puerto Rico,430226,1,1,0,None
43,Puerto Rico,430226,2,1,0,None
43,Puerto Rico,430227,1,1,0,None
43,Puerto Rico,430228,1,1,0,None
43,Puerto Rico,430228,2,1,0,None
43,Puerto Rico,430228,2,2,0,None
43,Puerto Rico,430229,1,1,0,None
43,Puerto Rico,430229,1,2,0,None
43,Puerto Rico,430229,2,1,0,None
43,Puerto Rico,430229,2,2,0,None
43,Puerto Rico,430229,3,1,0,None
43,Puerto Rico,430230,1,1,0,None
43,Puerto Rico,430231,0,1,0,None
43,Puerto Rico,430231,1,1,0,None
