STATE,STATENAME,ST_CASE,VEH_NO,PER_NO,MTM_CRSH,MTM_CRSHNAME
43,Puerto Rico,430002,0,1,2,Failure to Yield Right-Of-Way
43,Puerto Rico,430002,0,1,12,Improper Crossing of Roadway or Intersection (Jaywalking)
43,Puerto Rico,430004,0,1,0,None Noted
43,Puerto Rico,430006,0,1,2,Failure to Yield Right-Of-Way
43,Puerto Rico,430006,0,1,12,Improper Crossing of Roadway or Intersection (Jaywalking)
43,Puerto Rico,430006,0,1,19,"Not Visible (Dark clothing, No Lighting, etc.)"
43,Puerto Rico,430008,0,1,0,None Noted
43,Puerto Rico,430009,0,1,0,None Noted
43,Puerto Rico,430013,0,1,0,None Noted
43,Puerto Rico,430014,0,1,2,Failure to Yield Right-Of-Way
43,Puerto Rico,430014,0,1,12,Improper Crossing of Roadway or Intersection (Jaywalking)
43,Puerto Rico,430014,0,1,19,"Not Visible (Dark clothing, No Lighting, etc.)"
43,Puerto Rico,430016,0,1,2,Failure to Yield Right-Of-Way
43,Puerto Rico,430016,0,1,12,Improper Crossing of Roadway or Intersection (Jaywalking)
43,Puerto Rico,430016,0,1,19,"Not Visible (Dark clothing, No Lighting, etc.)"
43,Puerto Rico,430018,0,1,2,Failure to Yield Right-Of-Way
43,Puerto Rico,430018,0,1,12,Improper Crossing of Roadway or Intersection (Jaywalking)
43,Puerto Rico,430018,0,1,19,"Not Visible (Dark clothing, No Lighting, etc.)"
43,Puerto Rico,430019,0,1,0,None Noted
43,Puerto Rico,430021,0,1,0,None Noted
43,Puerto Rico,430023,0,1,4,"In Roadway Improperly (Standing, Lying, Working, Playing, etc.)"
43,Puerto Rico,430024,0,1,0,None Noted
43,Puerto Rico,430028,0,1,0,None Noted
43,Puerto Rico,430031,0,1,0,None Noted
43,Puerto Rico,430040,0,1,0,None Noted
43,Puerto Rico,430041,0,1,0,None Noted
43,Puerto Rico,430045,0,1,2,Failure to Yield Right-Of-Way
43,Puerto Rico,430045,0,1,12,Improper Crossing of Roadway or Intersection (Jaywalking)
43,Puerto Rico,430045,0,1,19,"Not Visible (Dark clothing, No Lighting, etc.)"
43,Puerto Rico,430046,0,1,0,None Noted
43,Puerto Rico,430049,0,1,0,None Noted
43,Puerto Rico,430051,0,1,2,Failure to Yield Right-Of-Way
43,Puerto Rico,430051,0,1,12,Improper Crossing of Roadway or Intersection (Jaywalking)
43,Puerto Rico,430052,0,1,2,Failure to Yield Right-Of-Way
43,Puerto Rico,430052,0,1,12,Improper Crossing of Roadway or Intersection (Jaywalking)
43,Puerto Rico,430054,0,1,2,Failure to Yield Right-Of-Way
43,Puerto Rico,430054,0,1,12,Improper Crossing of Roadway or Intersection (Jaywalking)
43,Puerto Rico,430060,0,1,2,Failure to Yield Right-Of-Way
43,Puerto Rico,430060,0,1,12,Improper Crossing of Roadway or Intersection (Jaywalking)
43,Puerto Rico,430061,0,1,19,"Not Visible (Dark clothing, No Lighting, etc.)"
43,Puerto Rico,430062,0,1,2,Failure to Yield Right-Of-Way
43,Puerto Rico,430062,0,1,19,"Not Visible (Dark clothing, No Lighting, etc.)"
43,Puerto Rico,430063,0,1,0,None Noted
43,Puerto Rico,430064,0,1,0,None Noted
43,Puerto Rico,430065,0,1,0,None Noted
43,Puerto Rico,430066,0,1,0,None Noted
43,Puerto Rico,430070,0,1,2,Failure to Yield Right-Of-Way
43,Puerto Rico,430070,0,1,12,Improper Crossing of Roadway or Intersection (Jaywalking)
43,Puerto Rico,430070,0,1,19,"Not Visible (Dark clothing, No Lighting, etc.)"
43,Puerto Rico,430071,0,1,2,Failure to Yield Right-Of-Way
43,Puerto Rico,430071,0,1,4,"In Roadway Improperly (Standing, Lying, Working, Playing, etc.)"
43,Puerto Rico,430071,0,1,19,"Not Visible (Dark clothing, No Lighting, etc.)"
43,Puerto Rico,430082,0,1,0,None Noted
43,Puerto Rico,430083,0,1,0,None Noted
43,Puerto Rico,430084,0,1,2,Failure to Yield Right-Of-Way
43,Puerto Rico,430084,0,1,12,Improper Crossing of Roadway or Intersection (Jaywalking)
43,Puerto Rico,430087,0,1,4,"In Roadway Improperly (Standing, Lying, Working, Playing, etc.)"
43,Puerto Rico,430088,0,1,0,None Noted
43,Puerto Rico,430089,0,1,9,Wrong-Way Riding or Walking
43,Puerto Rico,430089,0,1,19,"Not Visible (Dark clothing, No Lighting, etc.)"
43,Puerto Rico,430091,0,1,0,None Noted
43,Puerto Rico,430092,0,1,0,None Noted
43,Puerto Rico,430093,0,1,2,Failure to Yield Right-Of-Way
43,Puerto Rico,430093,0,1,12,Improper Crossing of Roadway or Intersection (Jaywalking)
43,Puerto Rico,430093,0,1,19,"Not Visible (Dark clothing, No Lighting, etc.)"
43,Puerto Rico,430094,0,1,0,None Noted
43,Puerto Rico,430107,0,1,2,Failure to Yield Right-Of-Way
43,Puerto Rico,430107,0,1,12,Improper Crossing of Roadway or Intersection (Jaywalking)
43,Puerto Rico,430107,0,1,19,"Not Visible (Dark clothing, No Lighting, etc.)"
43,Puerto Rico,430108,0,1,2,Failure to Yield Right-Of-Way
43,Puerto Rico,430108,0,1,12,Improper Crossing of Roadway or Intersection (Jaywalking)
43,Puerto Rico,430109,0,1,0,None Noted
43,Puerto Rico,430111,0,1,4,"In Roadway Improperly (Standing, Lying, Working, Playing, etc.)"
43,Puerto Rico,430114,0,1,0,None Noted
43,Puerto Rico,430116,0,1,2,Failure to Yield Right-Of-Way
43,Puerto Rico,430116,0,1,12,Improper Crossing of Roadway or Intersection (Jaywalking)
43,Puerto Rico,430116,0,1,19,"Not Visible (Dark clothing, No Lighting, etc.)"
43,Puerto Rico,430117,0,1,2,Failure to Yield Right-Of-Way
43,Puerto Rico,430117,0,1,12,Improper Crossing of Roadway or Intersection (Jaywalking)
43,Puerto Rico,430119,0,1,2,Failure to Yield Right-Of-Way
43,Puerto Rico,430119,0,1,12,Improper Crossing of Roadway or Intersection (Jaywalking)
43,Puerto Rico,430119,0,1,19,"Not Visible (Dark clothing, No Lighting, etc.)"
43,Puerto Rico,430124,0,1,2,Failure to Yield Right-Of-Way
43,Puerto Rico,430124,0,1,12,Improper Crossing of Roadway or Intersection (Jaywalking)
43,Puerto Rico,430124,0,1,19,"Not Visible (Dark clothing, No Lighting, etc.)"
43,Puerto Rico,430125,0,1,9,Wrong-Way Riding or Walking
43,Puerto Rico,430125,0,1,16,Failure to Keep in Proper Lane or Running Off Road
43,Puerto Rico,430126,0,1,12,Improper Crossing of Roadway or Intersection (Jaywalking)
43,Puerto Rico,430127,0,1,0,None Noted
43,Puerto Rico,430128,0,1,0,None Noted
43,Puerto Rico,430129,0,1,2,Failure to Yield Right-Of-Way
43,Puerto Rico,430131,0,1,2,Failure to Yield Right-Of-Way
43,Puerto Rico,430131,0,1,12,Improper Crossing of Roadway or Intersection (Jaywalking)
43,Puerto Rico,430131,0,1,19,"Not Visible (Dark clothing, No Lighting, etc.)"
43,Puerto Rico,430135,0,1,2,Failure to Yield Right-Of-Way
43,Puerto Rico,430135,0,1,12,Improper Crossing of Roadway or Intersection (Jaywalking)
43,Puerto Rico,430135,0,1,19,"Not Visible (Dark clothing, No Lighting, etc.)"
43,Puerto Rico,430138,0,1,2,Failure to Yield Right-Of-Way
43,Puerto Rico,430138,0,1,12,Improper Crossing of Roadway or Intersection (Jaywalking)
43,Puerto Rico,430138,0,1,19,"Not Visible (Dark clothing, No Lighting, etc.)"
43,Puerto Rico,430140,0,1,0,None Noted
43,Puerto Rico,430147,0,1,0,None Noted
43,Puerto Rico,430148,0,1,2,Failure to Yield Right-Of-Way
43,Puerto Rico,430148,0,1,12,Improper Crossing of Roadway or Intersection (Jaywalking)
43,Puerto Rico,430148,0,1,19,"Not Visible (Dark clothing, No Lighting, etc.)"
43,Puerto Rico,430151,0,1,2,Failure to Yield Right-Of-Way
43,Puerto Rico,430151,0,1,12,Improper Crossing of Roadway or Intersection (Jaywalking)
43,Puerto Rico,430151,0,1,19,"Not Visible (Dark clothing, No Lighting, etc.)"
43,Puerto Rico,430152,0,1,2,Failure to Yield Right-Of-Way
43,Puerto Rico,430152,0,1,12,Improper Crossing of Roadway or Intersection (Jaywalking)
43,Puerto Rico,430153,0,1,9,Wrong-Way Riding or Walking
43,Puerto Rico,430154,0,1,9,Wrong-Way Riding or Walking
43,Puerto Rico,430156,0,1,0,None Noted
43,Puerto Rico,430158,0,1,0,None Noted
43,Puerto Rico,430159,0,1,0,None Noted
43,Puerto Rico,430166,0,1,2,Failure to Yield Right-Of-Way
43,Puerto Rico,430166,0,1,12,Improper Crossing of Roadway or Intersection (Jaywalking)
43,Puerto Rico,430168,0,1,0,None Noted
43,Puerto Rico,430170,0,1,0,None Noted
43,Puerto Rico,430171,0,1,4,"In Roadway Improperly (Standing, Lying, Working, Playing, etc.)"
43,Puerto Rico,430172,0,1,2,Failure to Yield Right-Of-Way
43,Puerto Rico,430172,0,1,12,Improper Crossing of Roadway or Intersection (Jaywalking)
43,Puerto Rico,430174,0,1,0,None Noted
43,Puerto Rico,430177,0,1,0,None Noted
43,Puerto Rico,430180,0,1,0,None Noted
43,Puerto Rico,430186,0,1,0,None Noted
43,Puerto Rico,430190,0,1,2,Failure to Yield Right-Of-Way
43,Puerto Rico,430190,0,1,12,Improper Crossing of Roadway or Intersection (Jaywalking)
43,Puerto Rico,430190,0,1,19,"Not Visible (Dark clothing, No Lighting, etc.)"
43,Puerto Rico,430192,0,1,0,None Noted
43,Puerto Rico,430193,0,1,0,None Noted
43,Puerto Rico,430194,0,1,0,None Noted
43,Puerto Rico,430195,0,1,0,None Noted
43,Puerto Rico,430197,0,1,0,None Noted
43,Puerto Rico,430198,0,1,2,Failure to Yield Right-Of-Way
43,Puerto Rico,430198,0,1,12,Improper Crossing of Roadway or Intersection (Jaywalking)
43,Puerto Rico,430198,0,1,19,"Not Visible (Dark clothing, No Lighting, etc.)"
43,Puerto Rico,430201,0,1,0,None Noted
43,Puerto Rico,430205,0,1,2,Failure to Yield Right-Of-Way
43,Puerto Rico,430205,0,1,12,Improper Crossing of Roadway or Intersection (Jaywalking)
43,Puerto Rico,430210,0,1,0,None Noted
43,Puerto Rico,430211,0,1,0,None Noted
43,Puerto Rico,430212,0,1,2,Failure to Yield Right-Of-Way
43,Puerto Rico,430212,0,1,12,Improper Crossing of Roadway or Intersection (Jaywalking)
43,Puerto Rico,430212,0,1,19,"Not Visible (Dark clothing, No Lighting, etc.)"
43,Puerto Rico,430214,0,1,0,None Noted
43,Puerto Rico,430220,0,1,0,None Noted
43,Puerto Rico,430224,0,1,2,Failure to Yield Right-Of-Way
43,Puerto Rico,430224,0,1,12,Improper Crossing of Roadway or Intersection (Jaywalking)
43,Puerto Rico,430224,0,1,19,"Not Visible (Dark clothing, No Lighting, etc.)"
43,Puerto Rico,430226,0,1,0,None Noted
43,Puerto Rico,430226,0,2,0,None Noted
43,Puerto Rico,430228,0,1,0,None Noted
43,Puerto Rico,430228,0,2,0,None Noted
43,Puerto Rico,430229,0,1,0,None Noted
43,Puerto Rico,430230,0,1,2,Failure to Yield Right-Of-Way
43,Puerto Rico,430230,0,1,12,Improper Crossing of Roadway or Intersection (Jaywalking)
43,Puerto Rico,430230,0,1,19,"Not Visible (Dark clothing, No Lighting, etc.)"
43,Puerto Rico,430234,0,1,4,"In Roadway Improperly (Standing, Lying, Working, Playing, etc.)"
43,Puerto Rico,430234,0,1,19,"Not Visible (Dark clothing, No Lighting, etc.)"
43,Puerto Rico,430239,0,1,0,None Noted
43,Puerto Rico,430240,0,1,2,Failure to Yield Right-Of-Way
43,Puerto Rico,430240,0,1,12,Improper Crossing of Roadway or Intersection (Jaywalking)
43,Puerto Rico,430240,0,1,19,"Not Visible (Dark clothing, No Lighting, etc.)"
43,Puerto Rico,430241,0,1,0,None Noted
43,Puerto Rico,430244,0,1,2,Failure to Yield Right-Of-Way
43,Puerto Rico,430244,0,1,12,Improper Crossing of Roadway or Intersection (Jaywalking)
43,Puerto Rico,430247,0,1,4,"In Roadway Improperly (Standing, Lying, Working, Playing, etc.)"
43,Puerto Rico,430248,0,1,2,Failure to Yield Right-Of-Way
43,Puerto Rico,430248,0,1,12,Improper Crossing of Roadway or Intersection (Jaywalking)
43,Puerto Rico,430257,0,1,2,Failure to Yield Right-Of-Way
43,Puerto Rico,430257,0,1,12,Improper Crossing of Roadway or Intersection (Jaywalking)
43,Puerto Rico,430260,0,1,0,None Noted
43,Puerto Rico,430260,0,2,0,None Noted
43,Puerto Rico,430262,0,1,0,None Noted
43,Puerto Rico,430263,0,1,0,None Noted
43,Puerto Rico,430265,0,1,10,Riding on Wrong Side of Road
43,Puerto Rico,430266,0,1,0,None Noted
43,Puerto Rico,430269,0,1,2,Failure to Yield Right-Of-Way
43,Puerto Rico,430269,0,1,12,Improper Crossing of Roadway or Intersection (Jaywalking)
43,Puerto Rico,430273,0,1,0,None Noted
