STATE,STATENAME,ST_CASE,VEH_NO,PVE_FORMS,PNUMOCCS,PNUMOCCSNAME,PDAY,PDAYNAME,PMONTH,PMONTHNAME,PHOUR,PHOURNAME,PMINUTE,PMINUTENAME,PHARM_EV,PHARM_EVNAME,PMAN_COLL,PMAN_COLLNAME,PTYPE,PTYPENAME,PHIT_RUN,PHIT_RUNNAME,PREG_STAT,PREG_STATNAME,POWNER,POWNERNAME,PMAKE,PMAKENAME,PMODEL,PMAK_MOD,PBODYTYP,PBODYTYPNAME,PMODYEAR,PMODYEARNAME,PVIN,PVINNAME,PVIN_1,PVIN_2,PVIN_3,PVIN_4,PVIN_5,PVIN_6,PVIN_7,PVIN_8,PVIN_9,PVIN_10,PVIN_11,PVIN_12,PTRAILER,PTRAILERNAME,PMCARR_I1,PMCARR_I1NAME,PMCARR_I2,PMCARR_I2NAME,PMCARR_ID,PMCARR_IDNAME,PGVWR,PGVWRNAME,PV_CONFIG,PV_CONFIGNAME,PCARGTYP,PCARGTYPNAME,PHAZ_INV,PHAZ_INVNAME,PHAZPLAC,PHAZPLACNAME,PHAZ_ID,PHAZ_IDNAME,PHAZ_CNO,PHAZ_CNONAME,PHAZ_REL,PHAZ_RELNAME,PBUS_USE,PBUS_USENAME,PSP_USE,PSP_USENAME,PEM_USE,PEM_USENAME,PUNDERIDE,PUNDERIDENAME,PIMPACT1,PIMPACT1NAME,PVEH_SEV,PVEH_SEVNAME,PTOWED,PTOWEDNAME,PM_HARM,PM_HARMNAME,PVEH_SC1,PVEH_SC1NAME,PVEH_SC2,PVEH_SC2NAME,PFIRE,PFIRENAME,PDEATHS,PTRLR1VIN,PTRLR1VINNAME,PTRLR2VIN,PTRLR2VINNAME,PTRLR3VIN,PTRLR3VINNAME
43,Puerto Rico,430083,2,1,0,None,8,8,3,March,18,6:00pm-6:59pm,58,58,8,Pedestrian,0,The First Harmful Event was Not a Collision with a Motor Vehicle in Transport,3,Motor Vehicle Not In-Transport Outside the Trafficway,0,No,43,Puerto Rico,6,Driverless/Motor Vehicle Parked/Stopped Off Roadway,49,Toyota,32,Toyota Corolla,4,"4-door sedan, hardtop",2006,2006,2T1BR32EX6C6,2T1BR32EX6C6,2,T,1,B,R,3,2,E,X,6,C,6,0,No Trailing Units,0,Not Applicable,000000000,Not Applicable,00000000000,Not Applicable,0,Not Applicable,0,Not Applicable,0,Not Applicable (N/A),1,No,0,Not Applicable,0,Not Applicable,0,Not Applicable,0,Not Applicable,0,Not a Bus,0,No Special Use,0,Not Applicable,0,No Underride or Override Noted,6,6 Clock Point,2,Minor Damage,5,Not Towed,12,Motor Vehicle In-Transport,0,None,0,None,0,No or Not Reported,0,777777777777,No Trailing Units,777777777777,No Trailing Units,777777777777,No Trailing Units
43,Puerto Rico,430100,2,1,0,None,2,2,4,April,5,5:00am-5:59am,40,40,14,Parked Motor Vehicle,0,The First Harmful Event was Not a Collision with a Motor Vehicle in Transport,3,Motor Vehicle Not In-Transport Outside the Trafficway,0,No,43,Puerto Rico,6,Driverless/Motor Vehicle Parked/Stopped Off Roadway,84,International Harvester/Navistar,881,International Harvester/Navistar Medium/Heavy - CBE,63,"Single-unit straight truck or Cab-Chassis (GVWR greater than 26,000 lbs.)",2002,2002,1HTMMAAR52H4,1HTMMAAR52H4,1,H,T,M,M,A,A,R,5,2,H,4,0,No Trailing Units,88,None,888888888,None,88888888888,None,3,"26,001 lbs. or more",1,"Single-Unit Truck (2- axle and GVWR more than 10,000 lbs)",98,Unknown Cargo Body Type,1,No,0,Not Applicable,0,Not Applicable,0,Not Applicable,0,Not Applicable,0,Not a Bus,0,No Special Use,0,Not Applicable,0,No Underride or Override Noted,6,6 Clock Point,2,Minor Damage,5,Not Towed,12,Motor Vehicle In-Transport,0,None,0,None,0,No or Not Reported,0,777777777777,No Trailing Units,777777777777,No Trailing Units,777777777777,No Trailing Units
43,Puerto Rico,430164,2,1,0,None,20,20,10,October,3,3:00am-3:59am,30,30,14,Parked Motor Vehicle,0,The First Harmful Event was Not a Collision with a Motor Vehicle in Transport,3,Motor Vehicle Not In-Transport Outside the Trafficway,0,No,43,Puerto Rico,6,Driverless/Motor Vehicle Parked/Stopped Off Roadway,12,Ford,402,Ford Escape,14,"Compact Utility (Utility Vehicle Categories ""Small"" and ""Midsize"")",2006,2006,1FMYU02ZX6KA,1FMYU02ZX6KA,1,F,M,Y,U,0,2,Z,X,6,K,A,0,No Trailing Units,0,Not Applicable,000000000,Not Applicable,00000000000,Not Applicable,0,Not Applicable,0,Not Applicable,0,Not Applicable (N/A),1,No,0,Not Applicable,0,Not Applicable,0,Not Applicable,0,Not Applicable,0,Not a Bus,0,No Special Use,0,Not Applicable,0,No Underride or Override Noted,12,12 Clock Point,2,Minor Damage,5,Not Towed,14,Parked Motor Vehicle,0,None,0,None,0,No or Not Reported,0,777777777777,No Trailing Units,777777777777,No Trailing Units,777777777777,No Trailing Units
43,Puerto Rico,430164,3,1,0,None,20,20,10,October,3,3:00am-3:59am,30,30,14,Parked Motor Vehicle,0,The First Harmful Event was Not a Collision with a Motor Vehicle in Transport,3,Motor Vehicle Not In-Transport Outside the Trafficway,0,No,43,Puerto Rico,6,Driverless/Motor Vehicle Parked/Stopped Off Roadway,49,Toyota,32,Toyota Corolla,4,"4-door sedan, hardtop",2006,2006,2T1BR32E56C6,2T1BR32E56C6,2,T,1,B,R,3,2,E,5,6,C,6,0,No Trailing Units,0,Not Applicable,000000000,Not Applicable,00000000000,Not Applicable,0,Not Applicable,0,Not Applicable,0,Not Applicable (N/A),1,No,0,Not Applicable,0,Not Applicable,0,Not Applicable,0,Not Applicable,0,Not a Bus,0,No Special Use,0,Not Applicable,0,No Underride or Override Noted,12,12 Clock Point,2,Minor Damage,5,Not Towed,14,Parked Motor Vehicle,0,None,0,None,0,No or Not Reported,0,777777777777,No Trailing Units,777777777777,No Trailing Units,777777777777,No Trailing Units
43,Puerto Rico,430226,3,2,0,None,2,2,7,July,14,2:00pm-2:59pm,40,40,12,Motor Vehicle In-Transport,1,Front-to-Rear,3,Motor Vehicle Not In-Transport Outside the Trafficway,0,No,43,Puerto Rico,6,Driverless/Motor Vehicle Parked/Stopped Off Roadway,2,Jeep / Kaiser-Jeep / Willys- Jeep,1,Jeep / Kaiser-Jeep / Willys- Jeep Compass,6,Station Wagon (excluding van and truck based),2014,2014,1C4NJCBB7ED8,1C4NJCBB7ED8,1,C,4,N,J,C,B,B,7,E,D,8,0,No Trailing Units,0,Not Applicable,000000000,Not Applicable,00000000000,Not Applicable,0,Not Applicable,0,Not Applicable,0,Not Applicable (N/A),1,No,0,Not Applicable,0,Not Applicable,0,Not Applicable,0,Not Applicable,0,Not a Bus,0,No Special Use,0,Not Applicable,0,No Underride or Override Noted,12,12 Clock Point,4,Functional Damage,3,Towed Not Due to Disabling Damage,12,Motor Vehicle In-Transport,0,None,0,None,0,No or Not Reported,0,777777777777,No Trailing Units,777777777777,No Trailing Units,777777777777,No Trailing Units
43,Puerto Rico,430228,2,2,0,None,3,3,8,August,18,6:00pm-6:59pm,40,40,14,Parked Motor Vehicle,0,The First Harmful Event was Not a Collision with a Motor Vehicle in Transport,3,Motor Vehicle Not In-Transport Outside the Trafficway,0,No,43,Puerto Rico,6,Driverless/Motor Vehicle Parked/Stopped Off Roadway,35,Nissan/Datsun,43,Nissan/Datsun Sentra,6,Station Wagon (excluding van and truck based),1986,1986,JN1PB15S2GU1,JN1PB15S2GU1,J,N,1,P,B,1,5,S,2,G,U,1,0,No Trailing Units,0,Not Applicable,000000000,Not Applicable,00000000000,Not Applicable,0,Not Applicable,0,Not Applicable,0,Not Applicable (N/A),1,No,0,Not Applicable,0,Not Applicable,0,Not Applicable,0,Not Applicable,0,Not a Bus,0,No Special Use,0,Not Applicable,0,No Underride or Override Noted,12,12 Clock Point,4,Functional Damage,3,Towed Not Due to Disabling Damage,12,Motor Vehicle In-Transport,0,None,0,None,0,No or Not Reported,0,777777777777,No Trailing Units,777777777777,No Trailing Units,777777777777,No Trailing Units
43,Puerto Rico,430228,3,2,0,None,3,3,8,August,18,6:00pm-6:59pm,40,40,14,Parked Motor Vehicle,0,The First Harmful Event was Not a Collision with a Motor Vehicle in Transport,3,Motor Vehicle Not In-Transport Outside the Trafficway,0,No,43,Puerto Rico,6,Driverless/Motor Vehicle Parked/Stopped Off Roadway,41,Mazda,52,Mazda Mazda5,6,Station Wagon (excluding van and truck based),2012,2012,JM1CW2BL1C01,JM1CW2BL1C01,J,M,1,C,W,2,B,L,1,C,0,1,0,No Trailing Units,0,Not Applicable,000000000,Not Applicable,00000000000,Not Applicable,0,Not Applicable,0,Not Applicable,0,Not Applicable (N/A),1,No,0,Not Applicable,0,Not Applicable,0,Not Applicable,0,Not Applicable,0,Not a Bus,0,No Special Use,0,Not Applicable,0,No Underride or Override Noted,12,12 Clock Point,4,Functional Damage,3,Towed Not Due to Disabling Damage,12,Motor Vehicle In-Transport,0,None,0,None,0,No or Not Reported,0,777777777777,No Trailing Units,777777777777,No Trailing Units,777777777777,No Trailing Units
43,Puerto Rico,430255,2,1,0,None,14,14,12,December,13,1:00pm-1:59pm,17,17,14,Parked Motor Vehicle,0,The First Harmful Event was Not a Collision with a Motor Vehicle in Transport,3,Motor Vehicle Not In-Transport Outside the Trafficway,0,No,43,Puerto Rico,6,Driverless/Motor Vehicle Parked/Stopped Off Roadway,49,Toyota,402,Toyota RAV4 *,14,"Compact Utility (Utility Vehicle Categories ""Small"" and ""Midsize"")",2011,2011,JTMZF4DV2B50,JTMZF4DV2B50,J,T,M,Z,F,4,D,V,2,B,5,0,0,No Trailing Units,0,Not Applicable,000000000,Not Applicable,00000000000,Not Applicable,0,Not Applicable,0,Not Applicable,0,Not Applicable (N/A),1,No,0,Not Applicable,0,Not Applicable,0,Not Applicable,0,Not Applicable,0,Not a Bus,0,No Special Use,0,Not Applicable,0,No Underride or Override Noted,6,6 Clock Point,2,Minor Damage,5,Not Towed,12,Motor Vehicle In-Transport,0,None,0,None,0,No or Not Reported,0,777777777777,No Trailing Units,777777777777,No Trailing Units,777777777777,No Trailing Units
43,Puerto Rico,430266,2,2,0,None,27,27,12,December,10,10:00am-10:59am,45,45,14,Parked Motor Vehicle,0,The First Harmful Event was Not a Collision with a Motor Vehicle in Transport,3,Motor Vehicle Not In-Transport Outside the Trafficway,0,No,43,Puerto Rico,6,Driverless/Motor Vehicle Parked/Stopped Off Roadway,41,Mazda,471,Mazda Pickup/ B-Series Pickup,34,Light Pickup,1997,1997,4F4CR12AXVTM,4F4CR12AXVTM,4,F,4,C,R,1,2,A,X,V,T,M,0,No Trailing Units,0,Not Applicable,000000000,Not Applicable,00000000000,Not Applicable,0,Not Applicable,0,Not Applicable,0,Not Applicable (N/A),1,No,0,Not Applicable,0,Not Applicable,0,Not Applicable,0,Not Applicable,0,Not a Bus,0,No Special Use,0,Not Applicable,0,No Underride or Override Noted,9,9 Clock Point,4,Functional Damage,3,Towed Not Due to Disabling Damage,12,Motor Vehicle In-Transport,0,None,0,None,0,No or Not Reported,0,777777777777,No Trailing Units,777777777777,No Trailing Units,777777777777,No Trailing Units
