STATE,STATENAME,ST_CASE,VEH_NO,PER_NO,RACE,RACENAME,ORDER,MULTRACE
43,Puerto Rico,430001,1,1,1,White,1,0
43,Puerto Rico,430001,2,1,0,Not a Fatality (not Applicable),1,0
43,Puerto Rico,430002,0,1,1,White,1,0
43,Puerto Rico,430002,1,1,0,Not a Fatality (not Applicable),1,0
43,Puerto Rico,430003,1,1,1,White,1,0
43,Puerto Rico,430004,0,1,1,White,1,0
43,Puerto Rico,430004,1,1,0,Not a Fatality (not Applicable),1,0
43,Puerto Rico,430005,1,1,1,White,1,0
43,Puerto Rico,430006,0,1,1,White,1,0
43,Puerto Rico,430006,1,1,0,Not a Fatality (not Applicable),1,0
43,Puerto Rico,430007,1,1,1,White,1,0
43,Puerto Rico,430008,0,1,1,White,1,0
43,Puerto Rico,430008,1,1,0,Not a Fatality (not Applicable),1,0
43,Puerto Rico,430009,0,1,1,White,1,0
43,Puerto Rico,430009,1,1,0,Not a Fatality (not Applicable),1,0
43,Puerto Rico,430010,1,1,1,White,1,0
43,Puerto Rico,430010,1,2,0,Not a Fatality (not Applicable),1,0
43,Puerto Rico,430010,1,3,0,Not a Fatality (not Applicable),1,0
43,Puerto Rico,430010,2,1,0,Not a Fatality (not Applicable),1,0
43,Puerto Rico,430010,2,2,0,Not a Fatality (not Applicable),1,0
43,Puerto Rico,430010,3,1,0,Not a Fatality (not Applicable),1,0
43,Puerto Rico,430011,1,1,1,White,1,0
43,Puerto Rico,430011,1,2,1,White,1,0
43,Puerto Rico,430011,1,3,1,White,1,0
43,Puerto Rico,430012,1,1,1,White,1,0
43,Puerto Rico,430012,2,1,0,Not a Fatality (not Applicable),1,0
43,Puerto Rico,430013,0,1,1,White,1,0
43,Puerto Rico,430013,1,1,0,Not a Fatality (not Applicable),1,0
43,Puerto Rico,430014,0,1,1,White,1,0
43,Puerto Rico,430014,1,1,0,Not a Fatality (not Applicable),1,0
43,Puerto Rico,430015,1,1,0,Not a Fatality (not Applicable),1,0
43,Puerto Rico,430015,1,2,1,White,1,0
43,Puerto Rico,430015,2,1,0,Not a Fatality (not Applicable),1,0
43,Puerto Rico,430016,0,1,1,White,1,0
43,Puerto Rico,430016,1,1,0,Not a Fatality (not Applicable),1,0
43,Puerto Rico,430017,1,1,1,White,1,0
43,Puerto Rico,430018,0,1,1,White,1,0
43,Puerto Rico,430018,1,1,0,Not a Fatality (not Applicable),1,0
43,Puerto Rico,430019,0,1,1,White,1,0
43,Puerto Rico,430019,1,1,0,Not a Fatality (not Applicable),1,0
43,Puerto Rico,430020,1,1,0,Not a Fatality (not Applicable),1,0
43,Puerto Rico,430020,1,2,0,Not a Fatality (not Applicable),1,0
43,Puerto Rico,430020,2,1,1,White,1,0
43,Puerto Rico,430021,0,1,1,White,1,0
43,Puerto Rico,430021,1,1,0,Not a Fatality (not Applicable),1,0
43,Puerto Rico,430022,1,1,1,White,1,0
43,Puerto Rico,430023,0,1,1,White,1,0
43,Puerto Rico,430023,1,1,0,Not a Fatality (not Applicable),1,0
43,Puerto Rico,430024,0,1,1,White,1,0
43,Puerto Rico,430024,1,1,0,Not a Fatality (not Applicable),1,0
43,Puerto Rico,430025,1,1,1,White,1,0
43,Puerto Rico,430026,1,1,1,White,1,0
43,Puerto Rico,430026,2,1,0,Not a Fatality (not Applicable),1,0
43,Puerto Rico,430026,2,2,0,Not a Fatality (not Applicable),1,0
43,Puerto Rico,430027,1,1,1,White,1,0
43,Puerto Rico,430027,2,1,0,Not a Fatality (not Applicable),1,0
43,Puerto Rico,430027,3,1,0,Not a Fatality (not Applicable),1,0
43,Puerto Rico,430027,4,1,0,Not a Fatality (not Applicable),1,0
43,Puerto Rico,430027,5,1,0,Not a Fatality (not Applicable),1,0
43,Puerto Rico,430027,6,1,0,Not a Fatality (not Applicable),1,0
43,Puerto Rico,430028,0,1,1,White,1,0
43,Puerto Rico,430028,1,1,0,Not a Fatality (not Applicable),1,0
43,Puerto Rico,430029,1,1,1,White,1,0
43,Puerto Rico,430029,1,2,0,Not a Fatality (not Applicable),1,0
43,Puerto Rico,430029,2,1,0,Not a Fatality (not Applicable),1,0
43,Puerto Rico,430030,1,1,1,White,1,0
43,Puerto Rico,430030,2,1,0,Not a Fatality (not Applicable),1,0
43,Puerto Rico,430030,2,2,0,Not a Fatality (not Applicable),1,0
43,Puerto Rico,430031,0,1,1,White,1,0
43,Puerto Rico,430031,1,1,0,Not a Fatality (not Applicable),1,0
43,Puerto Rico,430032,1,1,1,White,1,0
43,Puerto Rico,430033,1,1,1,White,1,0
43,Puerto Rico,430033,2,1,0,Not a Fatality (not Applicable),1,0
43,Puerto Rico,430033,3,1,0,Not a Fatality (not Applicable),1,0
43,Puerto Rico,430033,3,2,0,Not a Fatality (not Applicable),1,0
43,Puerto Rico,430033,3,3,0,Not a Fatality (not Applicable),1,0
43,Puerto Rico,430033,3,4,0,Not a Fatality (not Applicable),1,0
43,Puerto Rico,430033,4,1,0,Not a Fatality (not Applicable),1,0
43,Puerto Rico,430033,4,2,0,Not a Fatality (not Applicable),1,0
43,Puerto Rico,430033,5,1,0,Not a Fatality (not Applicable),1,0
43,Puerto Rico,430034,1,1,1,White,1,0
43,Puerto Rico,430035,1,1,0,Not a Fatality (not Applicable),1,0
43,Puerto Rico,430035,1,2,0,Not a Fatality (not Applicable),1,0
43,Puerto Rico,430035,2,1,1,White,1,0
43,Puerto Rico,430035,2,2,0,Not a Fatality (not Applicable),1,0
43,Puerto Rico,430036,1,1,1,White,1,0
43,Puerto Rico,430037,1,1,1,White,1,0
43,Puerto Rico,430038,1,1,1,White,1,0
43,Puerto Rico,430039,1,1,1,White,1,0
43,Puerto Rico,430039,2,1,0,Not a Fatality (not Applicable),1,0
43,Puerto Rico,430040,0,1,1,White,1,0
43,Puerto Rico,430040,1,1,0,Not a Fatality (not Applicable),1,0
43,Puerto Rico,430040,1,2,0,Not a Fatality (not Applicable),1,0
43,Puerto Rico,430041,0,1,1,White,1,0
43,Puerto Rico,430041,1,1,0,Not a Fatality (not Applicable),1,0
43,Puerto Rico,430042,1,1,1,White,1,0
43,Puerto Rico,430043,1,1,1,White,1,0
43,Puerto Rico,430044,1,1,0,Not a Fatality (not Applicable),1,0
43,Puerto Rico,430044,1,2,0,Not a Fatality (not Applicable),1,0
43,Puerto Rico,430044,2,1,1,White,1,0
43,Puerto Rico,430044,2,2,0,Not a Fatality (not Applicable),1,0
43,Puerto Rico,430045,0,1,1,White,1,0
43,Puerto Rico,430045,1,1,0,Not a Fatality (not Applicable),1,0
43,Puerto Rico,430046,0,1,0,Not a Fatality (not Applicable),1,0
43,Puerto Rico,430046,1,1,1,White,1,0
43,Puerto Rico,430046,2,1,0,Not a Fatality (not Applicable),1,0
43,Puerto Rico,430047,1,1,1,White,1,0
43,Puerto Rico,430047,2,1,0,Not a Fatality (not Applicable),1,0
43,Puerto Rico,430048,1,1,1,White,1,0
43,Puerto Rico,430048,2,1,0,Not a Fatality (not Applicable),1,0
43,Puerto Rico,430049,0,1,1,White,1,0
43,Puerto Rico,430049,1,1,0,Not a Fatality (not Applicable),1,0
43,Puerto Rico,430050,1,1,1,White,1,0
43,Puerto Rico,430051,0,1,1,White,1,0
43,Puerto Rico,430051,1,1,0,Not a Fatality (not Applicable),1,0
43,Puerto Rico,430052,0,1,1,White,1,0
43,Puerto Rico,430052,1,1,0,Not a Fatality (not Applicable),1,0
43,Puerto Rico,430052,1,2,0,Not a Fatality (not Applicable),1,0
43,Puerto Rico,430053,1,1,1,White,1,0
43,Puerto Rico,430053,2,1,0,Not a Fatality (not Applicable),1,0
43,Puerto Rico,430054,0,1,1,White,1,0
43,Puerto Rico,430054,1,1,0,Not a Fatality (not Applicable),1,0
43,Puerto Rico,430055,1,1,1,White,1,0
43,Puerto Rico,430055,2,1,0,Not a Fatality (not Applicable),1,0
43,Puerto Rico,430055,3,1,0,Not a Fatality (not Applicable),1,0
43,Puerto Rico,430056,1,1,1,White,1,0
43,Puerto Rico,430056,2,1,0,Not a Fatality (not Applicable),1,0
43,Puerto Rico,430057,1,1,0,Not a Fatality (not Applicable),1,0
43,Puerto Rico,430057,1,2,1,White,1,0
43,Puerto Rico,430057,1,3,0,Not a Fatality (not Applicable),1,0
43,Puerto Rico,430058,1,1,1,White,1,0
43,Puerto Rico,430059,1,1,1,White,1,0
43,Puerto Rico,430059,2,1,0,Not a Fatality (not Applicable),1,0
43,Puerto Rico,430059,2,2,0,Not a Fatality (not Applicable),1,0
43,Puerto Rico,430060,0,1,1,White,1,0
43,Puerto Rico,430060,1,1,0,Not a Fatality (not Applicable),1,0
43,Puerto Rico,430061,0,1,1,White,1,0
43,Puerto Rico,430061,1,1,0,Not a Fatality (not Applicable),1,0
43,Puerto Rico,430062,0,1,1,White,1,0
43,Puerto Rico,430062,1,1,0,Not a Fatality (not Applicable),1,0
43,Puerto Rico,430063,0,1,1,White,1,0
43,Puerto Rico,430063,1,1,0,Not a Fatality (not Applicable),1,0
43,Puerto Rico,430064,0,1,1,White,1,0
43,Puerto Rico,430064,1,1,0,Not a Fatality (not Applicable),1,0
43,Puerto Rico,430065,0,1,1,White,1,0
43,Puerto Rico,430065,1,1,0,Not a Fatality (not Applicable),1,0
43,Puerto Rico,430066,0,1,1,White,1,0
43,Puerto Rico,430066,1,1,0,Not a Fatality (not Applicable),1,0
43,Puerto Rico,430067,1,1,0,Not a Fatality (not Applicable),1,0
43,Puerto Rico,430067,1,2,1,White,1,0
43,Puerto Rico,430067,2,1,0,Not a Fatality (not Applicable),1,0
43,Puerto Rico,430067,2,2,0,Not a Fatality (not Applicable),1,0
43,Puerto Rico,430067,3,1,0,Not a Fatality (not Applicable),1,0
43,Puerto Rico,430068,1,1,1,White,1,0
43,Puerto Rico,430068,2,1,0,Not a Fatality (not Applicable),1,0
43,Puerto Rico,430068,2,2,0,Not a Fatality (not Applicable),1,0
43,Puerto Rico,430069,1,1,0,Not a Fatality (not Applicable),1,0
43,Puerto Rico,430069,1,2,0,Not a Fatality (not Applicable),1,0
43,Puerto Rico,430069,1,3,0,Not a Fatality (not Applicable),1,0
43,Puerto Rico,430069,2,1,1,White,1,0
43,Puerto Rico,430070,0,1,1,White,1,0
43,Puerto Rico,430070,1,1,0,Not a Fatality (not Applicable),1,0
43,Puerto Rico,430070,1,2,0,Not a Fatality (not Applicable),1,0
43,Puerto Rico,430070,1,3,0,Not a Fatality (not Applicable),1,0
43,Puerto Rico,430070,1,4,0,Not a Fatality (not Applicable),1,0
43,Puerto Rico,430071,0,1,1,White,1,0
43,Puerto Rico,430071,1,1,0,Not a Fatality (not Applicable),1,0
43,Puerto Rico,430072,1,1,1,White,1,0
43,Puerto Rico,430072,2,1,0,Not a Fatality (not Applicable),1,0
43,Puerto Rico,430073,1,1,1,White,1,0
43,Puerto Rico,430073,2,1,0,Not a Fatality (not Applicable),1,0
43,Puerto Rico,430073,2,2,0,Not a Fatality (not Applicable),1,0
43,Puerto Rico,430073,3,1,0,Not a Fatality (not Applicable),1,0
43,Puerto Rico,430074,1,1,0,Not a Fatality (not Applicable),1,0
43,Puerto Rico,430074,1,2,0,Not a Fatality (not Applicable),1,0
43,Puerto Rico,430074,2,1,1,White,1,0
43,Puerto Rico,430074,2,2,0,Not a Fatality (not Applicable),1,0
43,Puerto Rico,430075,1,1,0,Not a Fatality (not Applicable),1,0
43,Puerto Rico,430075,2,1,1,White,1,0
43,Puerto Rico,430076,1,1,1,White,1,0
43,Puerto Rico,430076,1,2,0,Not a Fatality (not Applicable),1,0
43,Puerto Rico,430077,1,1,0,Not a Fatality (not Applicable),1,0
43,Puerto Rico,430077,1,2,1,White,1,0
43,Puerto Rico,430077,2,1,0,Not a Fatality (not Applicable),1,0
43,Puerto Rico,430077,2,2,0,Not a Fatality (not Applicable),1,0
43,Puerto Rico,430078,1,1,0,Not a Fatality (not Applicable),1,0
43,Puerto Rico,430078,1,2,0,Not a Fatality (not Applicable),1,0
43,Puerto Rico,430078,1,3,0,Not a Fatality (not Applicable),1,0
43,Puerto Rico,430078,1,4,0,Not a Fatality (not Applicable),1,0
43,Puerto Rico,430078,2,1,1,White,1,0
43,Puerto Rico,430078,2,2,0,Not a Fatality (not Applicable),1,0
43,Puerto Rico,430079,1,1,1,White,1,0
43,Puerto Rico,430079,2,1,0,Not a Fatality (not Applicable),1,0
43,Puerto Rico,430080,1,1,1,White,1,0
43,Puerto Rico,430081,1,1,1,White,1,0
43,Puerto Rico,430081,2,1,0,Not a Fatality (not Applicable),1,0
43,Puerto Rico,430081,2,2,0,Not a Fatality (not Applicable),1,0
43,Puerto Rico,430082,0,1,1,White,1,0
43,Puerto Rico,430082,1,1,0,Not a Fatality (not Applicable),1,0
43,Puerto Rico,430083,0,1,1,White,1,0
43,Puerto Rico,430083,1,1,0,Not a Fatality (not Applicable),1,0
43,Puerto Rico,430084,0,1,1,White,1,0
43,Puerto Rico,430084,1,1,0,Not a Fatality (not Applicable),1,0
43,Puerto Rico,430085,1,1,1,White,1,0
43,Puerto Rico,430086,1,1,1,White,1,0
43,Puerto Rico,430087,0,1,1,White,1,0
43,Puerto Rico,430087,1,1,0,Not a Fatality (not Applicable),1,0
43,Puerto Rico,430087,1,2,0,Not a Fatality (not Applicable),1,0
43,Puerto Rico,430088,0,1,1,White,1,0
43,Puerto Rico,430088,1,1,0,Not a Fatality (not Applicable),1,0
43,Puerto Rico,430089,0,1,1,White,1,0
43,Puerto Rico,430089,1,1,0,Not a Fatality (not Applicable),1,0
43,Puerto Rico,430089,1,2,0,Not a Fatality (not Applicable),1,0
43,Puerto Rico,430089,1,3,0,Not a Fatality (not Applicable),1,0
43,Puerto Rico,430090,1,1,1,White,1,0
43,Puerto Rico,430090,1,2,1,White,1,0
43,Puerto Rico,430090,1,3,1,White,1,0
43,Puerto Rico,430090,1,4,1,White,1,0
43,Puerto Rico,430091,0,1,1,White,1,0
43,Puerto Rico,430091,1,1,0,Not a Fatality (not Applicable),1,0
43,Puerto Rico,430092,0,1,1,White,1,0
43,Puerto Rico,430092,1,1,0,Not a Fatality (not Applicable),1,0
43,Puerto Rico,430093,0,1,1,White,1,0
43,Puerto Rico,430093,1,1,0,Not a Fatality (not Applicable),1,0
43,Puerto Rico,430094,0,1,1,White,1,0
43,Puerto Rico,430094,1,1,0,Not a Fatality (not Applicable),1,0
43,Puerto Rico,430095,1,1,1,White,1,0
43,Puerto Rico,430096,1,1,1,White,1,0
43,Puerto Rico,430097,1,1,0,Not a Fatality (not Applicable),1,0
43,Puerto Rico,430097,2,1,1,White,1,0
43,Puerto Rico,430098,1,1,1,White,1,0
43,Puerto Rico,430098,2,1,0,Not a Fatality (not Applicable),1,0
43,Puerto Rico,430098,2,2,0,Not a Fatality (not Applicable),1,0
43,Puerto Rico,430099,1,1,1,White,1,0
43,Puerto Rico,430099,1,2,0,Not a Fatality (not Applicable),1,0
43,Puerto Rico,430100,1,1,1,White,1,0
43,Puerto Rico,430100,1,2,1,White,1,0
43,Puerto Rico,430101,1,1,1,White,1,0
43,Puerto Rico,430101,2,1,0,Not a Fatality (not Applicable),1,0
43,Puerto Rico,430101,2,2,0,Not a Fatality (not Applicable),1,0
43,Puerto Rico,430102,1,1,0,Not a Fatality (not Applicable),1,0
43,Puerto Rico,430102,2,1,1,White,1,0
43,Puerto Rico,430103,1,1,1,White,1,0
43,Puerto Rico,430104,1,1,0,Not a Fatality (not Applicable),1,0
43,Puerto Rico,430104,2,1,1,White,1,0
43,Puerto Rico,430105,1,1,0,Not a Fatality (not Applicable),1,0
43,Puerto Rico,430105,2,1,0,Not a Fatality (not Applicable),1,0
43,Puerto Rico,430105,2,2,1,White,1,0
43,Puerto Rico,430106,1,1,1,White,1,0
43,Puerto Rico,430106,1,2,0,Not a Fatality (not Applicable),1,0
43,Puerto Rico,430107,0,1,1,White,1,0
43,Puerto Rico,430107,1,1,0,Not a Fatality (not Applicable),1,0
43,Puerto Rico,430108,0,1,1,White,1,0
43,Puerto Rico,430108,1,1,0,Not a Fatality (not Applicable),1,0
43,Puerto Rico,430109,0,1,1,White,1,0
43,Puerto Rico,430109,1,1,0,Not a Fatality (not Applicable),1,0
43,Puerto Rico,430110,1,1,1,White,1,0
43,Puerto Rico,430110,1,2,0,Not a Fatality (not Applicable),1,0
43,Puerto Rico,430110,1,3,0,Not a Fatality (not Applicable),1,0
43,Puerto Rico,430110,1,4,0,Not a Fatality (not Applicable),1,0
43,Puerto Rico,430110,1,5,0,Not a Fatality (not Applicable),1,0
43,Puerto Rico,430110,1,6,0,Not a Fatality (not Applicable),1,0
43,Puerto Rico,430110,1,7,0,Not a Fatality (not Applicable),1,0
43,Puerto Rico,430111,0,1,1,White,1,0
43,Puerto Rico,430111,1,1,0,Not a Fatality (not Applicable),1,0
43,Puerto Rico,430112,1,1,1,White,1,0
43,Puerto Rico,430113,1,1,0,Not a Fatality (not Applicable),1,0
43,Puerto Rico,430113,1,2,1,White,1,0
43,Puerto Rico,430113,1,3,0,Not a Fatality (not Applicable),1,0
43,Puerto Rico,430113,2,1,0,Not a Fatality (not Applicable),1,0
43,Puerto Rico,430114,0,1,1,White,1,0
43,Puerto Rico,430114,1,1,0,Not a Fatality (not Applicable),1,0
43,Puerto Rico,430115,1,1,1,White,1,0
43,Puerto Rico,430115,1,2,0,Not a Fatality (not Applicable),1,0
43,Puerto Rico,430116,0,1,1,White,1,0
43,Puerto Rico,430116,1,1,0,Not a Fatality (not Applicable),1,0
43,Puerto Rico,430117,0,1,1,White,1,0
43,Puerto Rico,430117,1,1,0,Not a Fatality (not Applicable),1,0
43,Puerto Rico,430118,1,1,0,Not a Fatality (not Applicable),1,0
43,Puerto Rico,430118,1,2,1,White,1,0
43,Puerto Rico,430118,2,1,0,Not a Fatality (not Applicable),1,0
43,Puerto Rico,430119,0,1,1,White,1,0
43,Puerto Rico,430119,1,1,0,Not a Fatality (not Applicable),1,0
43,Puerto Rico,430120,1,1,1,White,1,0
43,Puerto Rico,430121,1,1,1,White,1,0
43,Puerto Rico,430122,1,1,1,White,1,0
43,Puerto Rico,430122,2,1,0,Not a Fatality (not Applicable),1,0
43,Puerto Rico,430123,1,1,1,White,1,0
43,Puerto Rico,430123,2,1,0,Not a Fatality (not Applicable),1,0
43,Puerto Rico,430124,0,1,1,White,1,0
43,Puerto Rico,430124,1,1,0,Not a Fatality (not Applicable),1,0
43,Puerto Rico,430125,0,1,1,White,1,0
43,Puerto Rico,430125,1,1,0,Not a Fatality (not Applicable),1,0
43,Puerto Rico,430126,0,1,1,White,1,0
43,Puerto Rico,430126,1,1,0,Not a Fatality (not Applicable),1,0
43,Puerto Rico,430127,0,1,1,White,1,0
43,Puerto Rico,430127,1,1,0,Not a Fatality (not Applicable),1,0
43,Puerto Rico,430128,0,1,1,White,1,0
43,Puerto Rico,430128,1,1,0,Not a Fatality (not Applicable),1,0
43,Puerto Rico,430129,0,1,1,White,1,0
43,Puerto Rico,430129,1,1,0,Not a Fatality (not Applicable),1,0
43,Puerto Rico,430130,1,1,1,White,1,0
43,Puerto Rico,430131,0,1,1,White,1,0
43,Puerto Rico,430131,1,1,0,Not a Fatality (not Applicable),1,0
43,Puerto Rico,430132,1,1,1,White,1,0
43,Puerto Rico,430133,1,1,1,White,1,0
43,Puerto Rico,430134,1,1,1,White,1,0
43,Puerto Rico,430135,0,1,1,White,1,0
43,Puerto Rico,430135,1,1,0,Not a Fatality (not Applicable),1,0
43,Puerto Rico,430136,1,1,1,White,1,0
43,Puerto Rico,430137,1,1,1,White,1,0
43,Puerto Rico,430137,2,1,0,Not a Fatality (not Applicable),1,0
43,Puerto Rico,430137,2,2,0,Not a Fatality (not Applicable),1,0
43,Puerto Rico,430138,0,1,1,White,1,0
43,Puerto Rico,430138,1,1,0,Not a Fatality (not Applicable),1,0
43,Puerto Rico,430139,1,1,1,White,1,0
43,Puerto Rico,430140,0,1,1,White,1,0
43,Puerto Rico,430140,1,1,0,Not a Fatality (not Applicable),1,0
43,Puerto Rico,430141,1,1,1,White,1,0
43,Puerto Rico,430141,1,2,0,Not a Fatality (not Applicable),1,0
43,Puerto Rico,430141,1,3,0,Not a Fatality (not Applicable),1,0
43,Puerto Rico,430142,1,1,0,Not a Fatality (not Applicable),1,0
43,Puerto Rico,430142,1,2,1,White,1,0
43,Puerto Rico,430143,1,1,0,Not a Fatality (not Applicable),1,0
43,Puerto Rico,430143,2,1,0,Not a Fatality (not Applicable),1,0
43,Puerto Rico,430143,2,2,1,White,1,0
43,Puerto Rico,430143,2,3,1,White,1,0
43,Puerto Rico,430143,2,4,1,White,1,0
43,Puerto Rico,430143,2,5,0,Not a Fatality (not Applicable),1,0
43,Puerto Rico,430144,1,1,1,White,1,0
43,Puerto Rico,430145,1,1,0,Not a Fatality (not Applicable),1,0
43,Puerto Rico,430145,1,2,1,White,1,0
43,Puerto Rico,430146,1,1,0,Not a Fatality (not Applicable),1,0
43,Puerto Rico,430146,1,2,0,Not a Fatality (not Applicable),1,0
43,Puerto Rico,430146,2,1,1,White,1,0
43,Puerto Rico,430147,0,1,1,White,1,0
43,Puerto Rico,430147,1,1,0,Not a Fatality (not Applicable),1,0
43,Puerto Rico,430148,0,1,1,White,1,0
43,Puerto Rico,430148,1,1,0,Not a Fatality (not Applicable),1,0
43,Puerto Rico,430149,1,1,1,White,1,0
43,Puerto Rico,430150,1,1,1,White,1,0
43,Puerto Rico,430151,0,1,1,White,1,0
43,Puerto Rico,430151,1,1,0,Not a Fatality (not Applicable),1,0
43,Puerto Rico,430152,0,1,1,White,1,0
43,Puerto Rico,430152,1,1,0,Not a Fatality (not Applicable),1,0
43,Puerto Rico,430153,0,1,1,White,1,0
43,Puerto Rico,430153,1,1,0,Not a Fatality (not Applicable),1,0
43,Puerto Rico,430154,0,1,1,White,1,0
43,Puerto Rico,430154,1,1,0,Not a Fatality (not Applicable),1,0
43,Puerto Rico,430155,1,1,1,White,1,0
43,Puerto Rico,430156,0,1,1,White,1,0
43,Puerto Rico,430156,1,1,0,Not a Fatality (not Applicable),1,0
43,Puerto Rico,430157,1,1,1,White,1,0
43,Puerto Rico,430157,2,1,0,Not a Fatality (not Applicable),1,0
43,Puerto Rico,430158,0,1,1,White,1,0
43,Puerto Rico,430158,1,1,0,Not a Fatality (not Applicable),1,0
43,Puerto Rico,430159,0,1,1,White,1,0
43,Puerto Rico,430159,1,1,0,Not a Fatality (not Applicable),1,0
43,Puerto Rico,430160,1,1,0,Not a Fatality (not Applicable),1,0
43,Puerto Rico,430160,1,2,1,White,1,0
43,Puerto Rico,430160,2,1,0,Not a Fatality (not Applicable),1,0
43,Puerto Rico,430160,2,2,0,Not a Fatality (not Applicable),1,0
43,Puerto Rico,430160,2,3,0,Not a Fatality (not Applicable),1,0
43,Puerto Rico,430161,1,1,1,White,1,0
43,Puerto Rico,430161,2,1,0,Not a Fatality (not Applicable),1,0
43,Puerto Rico,430162,1,1,1,White,1,0
43,Puerto Rico,430162,2,1,0,Not a Fatality (not Applicable),1,0
43,Puerto Rico,430162,2,2,0,Not a Fatality (not Applicable),1,0
43,Puerto Rico,430162,3,1,0,Not a Fatality (not Applicable),1,0
43,Puerto Rico,430163,1,1,1,White,1,0
43,Puerto Rico,430163,2,1,0,Not a Fatality (not Applicable),1,0
43,Puerto Rico,430164,1,1,1,White,1,0
43,Puerto Rico,430165,1,1,1,White,1,0
43,Puerto Rico,430166,0,1,1,White,1,0
43,Puerto Rico,430166,1,1,0,Not a Fatality (not Applicable),1,0
43,Puerto Rico,430167,1,1,1,White,1,0
43,Puerto Rico,430167,2,1,0,Not a Fatality (not Applicable),1,0
43,Puerto Rico,430168,0,1,1,White,1,0
43,Puerto Rico,430168,1,1,0,Not a Fatality (not Applicable),1,0
43,Puerto Rico,430169,1,1,1,White,1,0
43,Puerto Rico,430170,0,1,1,White,1,0
43,Puerto Rico,430170,1,1,0,Not a Fatality (not Applicable),1,0
43,Puerto Rico,430171,0,1,1,White,1,0
43,Puerto Rico,430171,1,1,0,Not a Fatality (not Applicable),1,0
43,Puerto Rico,430171,1,2,0,Not a Fatality (not Applicable),1,0
43,Puerto Rico,430172,0,1,1,White,1,0
43,Puerto Rico,430172,1,1,0,Not a Fatality (not Applicable),1,0
43,Puerto Rico,430172,1,2,0,Not a Fatality (not Applicable),1,0
43,Puerto Rico,430173,1,1,1,White,1,0
43,Puerto Rico,430173,1,2,0,Not a Fatality (not Applicable),1,0
43,Puerto Rico,430174,0,1,1,White,1,0
43,Puerto Rico,430174,1,1,0,Not a Fatality (not Applicable),1,0
43,Puerto Rico,430175,1,1,0,Not a Fatality (not Applicable),1,0
43,Puerto Rico,430175,1,2,0,Not a Fatality (not Applicable),1,0
43,Puerto Rico,430175,2,1,1,White,1,0
43,Puerto Rico,430175,2,2,0,Not a Fatality (not Applicable),1,0
43,Puerto Rico,430176,1,1,0,Not a Fatality (not Applicable),1,0
43,Puerto Rico,430176,1,2,1,White,1,0
43,Puerto Rico,430177,0,1,1,White,1,0
43,Puerto Rico,430177,1,1,0,Not a Fatality (not Applicable),1,0
43,Puerto Rico,430178,1,1,1,White,1,0
43,Puerto Rico,430178,2,1,0,Not a Fatality (not Applicable),1,0
43,Puerto Rico,430179,1,1,1,White,1,0
43,Puerto Rico,430179,1,2,0,Not a Fatality (not Applicable),1,0
43,Puerto Rico,430180,0,1,1,White,1,0
43,Puerto Rico,430180,1,1,0,Not a Fatality (not Applicable),1,0
43,Puerto Rico,430181,1,1,0,Not a Fatality (not Applicable),1,0
43,Puerto Rico,430181,2,1,1,White,1,0
43,Puerto Rico,430181,3,1,0,Not a Fatality (not Applicable),1,0
43,Puerto Rico,430181,3,2,0,Not a Fatality (not Applicable),1,0
43,Puerto Rico,430181,3,3,0,Not a Fatality (not Applicable),1,0
43,Puerto Rico,430182,1,1,0,Not a Fatality (not Applicable),1,0
43,Puerto Rico,430182,2,1,1,White,1,0
43,Puerto Rico,430183,1,1,1,White,1,0
43,Puerto Rico,430184,1,1,0,Not a Fatality (not Applicable),1,0
43,Puerto Rico,430184,1,2,0,Not a Fatality (not Applicable),1,0
43,Puerto Rico,430184,2,1,0,Not a Fatality (not Applicable),1,0
43,Puerto Rico,430184,2,2,1,White,1,0
43,Puerto Rico,430184,2,3,0,Not a Fatality (not Applicable),1,0
43,Puerto Rico,430185,1,1,1,White,1,0
43,Puerto Rico,430186,0,1,1,White,1,0
43,Puerto Rico,430186,1,1,0,Not a Fatality (not Applicable),1,0
43,Puerto Rico,430187,1,1,1,White,1,0
43,Puerto Rico,430187,2,1,0,Not a Fatality (not Applicable),1,0
43,Puerto Rico,430188,1,1,1,White,1,0
43,Puerto Rico,430189,1,1,1,White,1,0
43,Puerto Rico,430190,0,1,1,White,1,0
43,Puerto Rico,430190,1,1,0,Not a Fatality (not Applicable),1,0
43,Puerto Rico,430191,1,1,0,Not a Fatality (not Applicable),1,0
43,Puerto Rico,430191,1,2,1,White,1,0
43,Puerto Rico,430192,0,1,1,White,1,0
43,Puerto Rico,430192,1,1,0,Not a Fatality (not Applicable),1,0
43,Puerto Rico,430193,0,1,1,White,1,0
43,Puerto Rico,430193,1,1,0,Not a Fatality (not Applicable),1,0
43,Puerto Rico,430194,0,1,1,White,1,0
43,Puerto Rico,430194,1,1,0,Not a Fatality (not Applicable),1,0
43,Puerto Rico,430195,0,1,1,White,1,0
43,Puerto Rico,430195,1,1,0,Not a Fatality (not Applicable),1,0
43,Puerto Rico,430196,1,1,1,White,1,0
43,Puerto Rico,430196,2,1,0,Not a Fatality (not Applicable),1,0
43,Puerto Rico,430197,0,1,1,White,1,0
43,Puerto Rico,430197,1,1,0,Not a Fatality (not Applicable),1,0
43,Puerto Rico,430198,0,1,1,White,1,0
43,Puerto Rico,430198,1,1,0,Not a Fatality (not Applicable),1,0
43,Puerto Rico,430199,1,1,1,White,1,0
43,Puerto Rico,430199,2,1,0,Not a Fatality (not Applicable),1,0
43,Puerto Rico,430200,1,1,1,White,1,0
43,Puerto Rico,430200,1,2,1,White,1,0
43,Puerto Rico,430200,1,3,0,Not a Fatality (not Applicable),1,0
43,Puerto Rico,430201,0,1,1,White,1,0
43,Puerto Rico,430201,1,1,0,Not a Fatality (not Applicable),1,0
43,Puerto Rico,430202,1,1,1,White,1,0
43,Puerto Rico,430203,1,1,1,White,1,0
43,Puerto Rico,430204,1,1,1,White,1,0
43,Puerto Rico,430204,2,1,0,Not a Fatality (not Applicable),1,0
43,Puerto Rico,430205,0,1,1,White,1,0
43,Puerto Rico,430205,1,1,0,Not a Fatality (not Applicable),1,0
43,Puerto Rico,430205,1,2,0,Not a Fatality (not Applicable),1,0
43,Puerto Rico,430206,1,1,1,White,1,0
43,Puerto Rico,430206,2,1,0,Not a Fatality (not Applicable),1,0
43,Puerto Rico,430207,1,1,1,White,1,0
43,Puerto Rico,430207,2,1,0,Not a Fatality (not Applicable),1,0
43,Puerto Rico,430208,1,1,1,White,1,0
43,Puerto Rico,430209,1,1,0,Not a Fatality (not Applicable),1,0
43,Puerto Rico,430209,1,2,1,White,1,0
43,Puerto Rico,430209,1,3,0,Not a Fatality (not Applicable),1,0
43,Puerto Rico,430209,1,4,0,Not a Fatality (not Applicable),1,0
43,Puerto Rico,430209,1,5,0,Not a Fatality (not Applicable),1,0
43,Puerto Rico,430209,1,6,0,Not a Fatality (not Applicable),1,0
43,Puerto Rico,430209,1,7,0,Not a Fatality (not Applicable),1,0
43,Puerto Rico,430209,1,8,0,Not a Fatality (not Applicable),1,0
43,Puerto Rico,430209,1,9,0,Not a Fatality (not Applicable),1,0
43,Puerto Rico,430209,1,10,0,Not a Fatality (not Applicable),1,0
43,Puerto Rico,430209,1,11,0,Not a Fatality (not Applicable),1,0
43,Puerto Rico,430209,1,12,0,Not a Fatality (not Applicable),1,0
43,Puerto Rico,430209,1,13,0,Not a Fatality (not Applicable),1,0
43,Puerto Rico,430209,1,14,0,Not a Fatality (not Applicable),1,0
43,Puerto Rico,430209,1,15,0,Not a Fatality (not Applicable),1,0
43,Puerto Rico,430209,1,16,0,Not a Fatality (not Applicable),1,0
43,Puerto Rico,430209,1,17,0,Not a Fatality (not Applicable),1,0
43,Puerto Rico,430209,1,18,0,Not a Fatality (not Applicable),1,0
43,Puerto Rico,430209,1,19,0,Not a Fatality (not Applicable),1,0
43,Puerto Rico,430209,1,20,0,Not a Fatality (not Applicable),1,0
43,Puerto Rico,430209,1,21,0,Not a Fatality (not Applicable),1,0
43,Puerto Rico,430209,1,22,0,Not a Fatality (not Applicable),1,0
43,Puerto Rico,430209,1,23,0,Not a Fatality (not Applicable),1,0
43,Puerto Rico,430209,1,24,0,Not a Fatality (not Applicable),1,0
43,Puerto Rico,430209,1,25,0,Not a Fatality (not Applicable),1,0
43,Puerto Rico,430209,1,26,0,Not a Fatality (not Applicable),1,0
43,Puerto Rico,430209,1,27,0,Not a Fatality (not Applicable),1,0
43,Puerto Rico,430209,1,28,0,Not a Fatality (not Applicable),1,0
43,Puerto Rico,430209,1,29,0,Not a Fatality (not Applicable),1,0
43,Puerto Rico,430209,1,30,0,Not a Fatality (not Applicable),1,0
43,Puerto Rico,430209,1,31,0,Not a Fatality (not Applicable),1,0
43,Puerto Rico,430209,1,32,0,Not a Fatality (not Applicable),1,0
43,Puerto Rico,430209,1,33,0,Not a Fatality (not Applicable),1,0
43,Puerto Rico,430209,1,34,0,Not a Fatality (not Applicable),1,0
43,Puerto Rico,430209,1,35,0,Not a Fatality (not Applicable),1,0
43,Puerto Rico,430209,1,36,0,Not a Fatality (not Applicable),1,0
43,Puerto Rico,430209,1,37,0,Not a Fatality (not Applicable),1,0
43,Puerto Rico,430209,1,38,0,Not a Fatality (not Applicable),1,0
43,Puerto Rico,430209,1,39,0,Not a Fatality (not Applicable),1,0
43,Puerto Rico,430209,1,40,0,Not a Fatality (not Applicable),1,0
43,Puerto Rico,430209,1,41,0,Not a Fatality (not Applicable),1,0
43,Puerto Rico,430209,1,42,0,Not a Fatality (not Applicable),1,0
43,Puerto Rico,430209,1,43,0,Not a Fatality (not Applicable),1,0
43,Puerto Rico,430209,1,44,0,Not a Fatality (not Applicable),1,0
43,Puerto Rico,430209,1,45,0,Not a Fatality (not Applicable),1,0
43,Puerto Rico,430210,0,1,1,White,1,0
43,Puerto Rico,430210,1,1,0,Not a Fatality (not Applicable),1,0
43,Puerto Rico,430211,0,1,1,White,1,0
43,Puerto Rico,430211,1,1,0,Not a Fatality (not Applicable),1,0
43,Puerto Rico,430212,0,1,1,White,1,0
43,Puerto Rico,430212,1,1,0,Not a Fatality (not Applicable),1,0
43,Puerto Rico,430213,1,1,0,Not a Fatality (not Applicable),1,0
43,Puerto Rico,430213,2,1,1,White,1,0
43,Puerto Rico,430213,2,2,0,Not a Fatality (not Applicable),1,0
43,Puerto Rico,430214,0,1,1,White,1,0
43,Puerto Rico,430214,1,1,0,Not a Fatality (not Applicable),1,0
43,Puerto Rico,430215,1,1,1,White,1,0
43,Puerto Rico,430215,1,2,0,Not a Fatality (not Applicable),1,0
43,Puerto Rico,430216,1,1,1,White,1,0
43,Puerto Rico,430216,2,1,0,Not a Fatality (not Applicable),1,0
43,Puerto Rico,430217,1,1,1,White,1,0
43,Puerto Rico,430218,1,1,1,White,1,0
43,Puerto Rico,430219,1,1,1,White,1,0
43,Puerto Rico,430219,2,1,0,Not a Fatality (not Applicable),1,0
43,Puerto Rico,430220,0,1,1,White,1,0
43,Puerto Rico,430220,1,1,0,Not a Fatality (not Applicable),1,0
43,Puerto Rico,430221,1,1,1,White,1,0
43,Puerto Rico,430221,2,1,0,Not a Fatality (not Applicable),1,0
43,Puerto Rico,430222,1,1,1,White,1,0
43,Puerto Rico,430223,1,1,1,White,1,0
43,Puerto Rico,430223,2,1,0,Not a Fatality (not Applicable),1,0
43,Puerto Rico,430223,3,1,0,Not a Fatality (not Applicable),1,0
43,Puerto Rico,430224,0,1,1,White,1,0
43,Puerto Rico,430224,1,1,0,Not a Fatality (not Applicable),1,0
43,Puerto Rico,430224,1,2,0,Not a Fatality (not Applicable),1,0
43,Puerto Rico,430224,1,3,0,Not a Fatality (not Applicable),1,0
43,Puerto Rico,430225,1,1,1,White,1,0
43,Puerto Rico,430225,2,1,0,Not a Fatality (not Applicable),1,0
43,Puerto Rico,430226,0,1,1,White,1,0
43,Puerto Rico,430226,0,2,0,Not a Fatality (not Applicable),1,0
43,Puerto Rico,430226,1,1,0,Not a Fatality (not Applicable),1,0
43,Puerto Rico,430226,2,1,0,Not a Fatality (not Applicable),1,0
43,Puerto Rico,430226,2,2,0,Not a Fatality (not Applicable),1,0
43,Puerto Rico,430227,1,1,1,White,1,0
43,Puerto Rico,430228,0,1,1,White,1,0
43,Puerto Rico,430228,0,2,0,Not a Fatality (not Applicable),1,0
43,Puerto Rico,430228,1,1,0,Not a Fatality (not Applicable),1,0
43,Puerto Rico,430228,4,1,0,Not a Fatality (not Applicable),1,0
43,Puerto Rico,430229,0,1,1,White,1,0
43,Puerto Rico,430229,1,1,0,Not a Fatality (not Applicable),1,0
43,Puerto Rico,430230,0,1,1,White,1,0
43,Puerto Rico,430230,1,1,0,Not a Fatality (not Applicable),1,0
43,Puerto Rico,430231,1,1,1,White,1,0
43,Puerto Rico,430231,1,2,0,Not a Fatality (not Applicable),1,0
43,Puerto Rico,430231,2,1,0,Not a Fatality (not Applicable),1,0
43,Puerto Rico,430231,2,2,0,Not a Fatality (not Applicable),1,0
43,Puerto Rico,430232,1,1,1,White,1,0
43,Puerto Rico,430232,2,1,0,Not a Fatality (not Applicable),1,0
43,Puerto Rico,430233,1,1,1,White,1,0
43,Puerto Rico,430234,0,1,1,White,1,0
43,Puerto Rico,430234,1,1,0,Not a Fatality (not Applicable),1,0
43,Puerto Rico,430234,1,2,0,Not a Fatality (not Applicable),1,0
43,Puerto Rico,430234,1,3,0,Not a Fatality (not Applicable),1,0
43,Puerto Rico,430235,1,1,0,Not a Fatality (not Applicable),1,0
43,Puerto Rico,430235,2,1,1,White,1,0
43,Puerto Rico,430235,2,2,1,White,1,0
43,Puerto Rico,430236,1,1,0,Not a Fatality (not Applicable),1,0
43,Puerto Rico,430236,1,2,0,Not a Fatality (not Applicable),1,0
43,Puerto Rico,430236,1,3,0,Not a Fatality (not Applicable),1,0
43,Puerto Rico,430236,1,4,0,Not a Fatality (not Applicable),1,0
43,Puerto Rico,430236,1,5,0,Not a Fatality (not Applicable),1,0
43,Puerto Rico,430236,1,6,0,Not a Fatality (not Applicable),1,0
43,Puerto Rico,430236,2,1,0,Not a Fatality (not Applicable),1,0
43,Puerto Rico,430236,2,2,1,White,1,0
43,Puerto Rico,430236,2,3,0,Not a Fatality (not Applicable),1,0
43,Puerto Rico,430237,1,1,1,White,1,0
43,Puerto Rico,430238,1,1,0,Not a Fatality (not Applicable),1,0
43,Puerto Rico,430238,1,2,1,White,1,0
43,Puerto Rico,430239,0,1,1,White,1,0
43,Puerto Rico,430239,1,1,0,Not a Fatality (not Applicable),1,0
43,Puerto Rico,430240,0,1,1,White,1,0
43,Puerto Rico,430240,1,1,0,Not a Fatality (not Applicable),1,0
43,Puerto Rico,430240,1,2,0,Not a Fatality (not Applicable),1,0
43,Puerto Rico,430241,0,1,1,White,1,0
43,Puerto Rico,430241,1,1,0,Not a Fatality (not Applicable),1,0
43,Puerto Rico,430242,1,1,1,White,1,0
43,Puerto Rico,430243,1,1,1,White,1,0
43,Puerto Rico,430244,0,1,1,White,1,0
43,Puerto Rico,430244,1,1,0,Not a Fatality (not Applicable),1,0
43,Puerto Rico,430245,1,1,1,White,1,0
43,Puerto Rico,430245,2,1,0,Not a Fatality (not Applicable),1,0
43,Puerto Rico,430246,1,1,1,White,1,0
43,Puerto Rico,430247,0,1,1,White,1,0
43,Puerto Rico,430247,1,1,0,Not a Fatality (not Applicable),1,0
43,Puerto Rico,430247,1,2,0,Not a Fatality (not Applicable),1,0
43,Puerto Rico,430248,0,1,2,Black or African American,1,0
43,Puerto Rico,430248,1,1,0,Not a Fatality (not Applicable),1,0
43,Puerto Rico,430249,1,1,1,White,1,0
43,Puerto Rico,430249,2,1,0,Not a Fatality (not Applicable),1,0
43,Puerto Rico,430249,3,1,0,Not a Fatality (not Applicable),1,0
43,Puerto Rico,430250,1,1,1,White,1,0
43,Puerto Rico,430250,1,2,0,Not a Fatality (not Applicable),1,0
43,Puerto Rico,430250,2,1,0,Not a Fatality (not Applicable),1,0
43,Puerto Rico,430251,1,1,1,White,1,0
43,Puerto Rico,430251,2,1,0,Not a Fatality (not Applicable),1,0
43,Puerto Rico,430252,1,1,1,White,1,0
43,Puerto Rico,430252,2,1,0,Not a Fatality (not Applicable),1,0
43,Puerto Rico,430253,1,1,1,White,1,0
43,Puerto Rico,430253,1,2,1,White,1,0
43,Puerto Rico,430254,1,1,1,White,1,0
43,Puerto Rico,430254,2,1,0,Not a Fatality (not Applicable),1,0
43,Puerto Rico,430255,1,1,1,White,1,0
43,Puerto Rico,430256,1,1,1,White,1,0
43,Puerto Rico,430257,0,1,1,White,1,0
43,Puerto Rico,430257,1,1,0,Not a Fatality (not Applicable),1,0
43,Puerto Rico,430258,1,1,1,White,1,0
43,Puerto Rico,430259,1,1,1,White,1,0
43,Puerto Rico,430259,1,2,1,White,1,0
43,Puerto Rico,430259,1,3,1,White,1,0
43,Puerto Rico,430259,1,4,0,Not a Fatality (not Applicable),1,0
43,Puerto Rico,430260,0,1,1,White,1,0
43,Puerto Rico,430260,0,2,1,White,1,0
43,Puerto Rico,430260,1,1,0,Not a Fatality (not Applicable),1,0
43,Puerto Rico,430261,1,1,1,White,1,0
43,Puerto Rico,430262,0,1,1,White,1,0
43,Puerto Rico,430262,1,1,0,Not a Fatality (not Applicable),1,0
43,Puerto Rico,430263,0,1,1,White,1,0
43,Puerto Rico,430263,1,1,0,Not a Fatality (not Applicable),1,0
43,Puerto Rico,430263,1,2,0,Not a Fatality (not Applicable),1,0
43,Puerto Rico,430263,1,3,0,Not a Fatality (not Applicable),1,0
43,Puerto Rico,430263,1,4,0,Not a Fatality (not Applicable),1,0
43,Puerto Rico,430263,1,5,0,Not a Fatality (not Applicable),1,0
43,Puerto Rico,430263,2,1,0,Not a Fatality (not Applicable),1,0
43,Puerto Rico,430263,2,2,0,Not a Fatality (not Applicable),1,0
43,Puerto Rico,430263,2,3,0,Not a Fatality (not Applicable),1,0
43,Puerto Rico,430263,2,4,0,Not a Fatality (not Applicable),1,0
43,Puerto Rico,430264,1,1,1,White,1,0
43,Puerto Rico,430265,0,1,1,White,1,0
43,Puerto Rico,430265,1,1,0,Not a Fatality (not Applicable),1,0
43,Puerto Rico,430266,0,1,1,White,1,0
43,Puerto Rico,430266,1,1,0,Not a Fatality (not Applicable),1,0
43,Puerto Rico,430266,3,1,0,Not a Fatality (not Applicable),1,0
43,Puerto Rico,430267,1,1,1,White,1,0
43,Puerto Rico,430268,1,1,1,White,1,0
43,Puerto Rico,430268,2,1,0,Not a Fatality (not Applicable),1,0
43,Puerto Rico,430269,0,1,1,White,1,0
43,Puerto Rico,430269,1,1,0,Not a Fatality (not Applicable),1,0
43,Puerto Rico,430270,1,1,1,White,1,0
43,Puerto Rico,430271,1,1,0,Not a Fatality (not Applicable),1,0
43,Puerto Rico,430271,2,1,1,White,1,0
43,Puerto Rico,430272,1,1,1,White,1,0
43,Puerto Rico,430272,2,1,0,Not a Fatality (not Applicable),1,0
43,Puerto Rico,430273,0,1,1,White,1,0
43,Puerto Rico,430273,1,1,0,Not a Fatality (not Applicable),1,0
43,Puerto Rico,430273,2,1,0,Not a Fatality (not Applicable),1,0
43,Puerto Rico,430273,2,2,0,Not a Fatality (not Applicable),1,0
43,Puerto Rico,430273,3,1,0,Not a Fatality (not Applicable),1,0
43,Puerto Rico,430273,4,1,0,Not a Fatality (not Applicable),1,0
43,Puerto Rico,430273,5,1,0,Not a Fatality (not Applicable),1,0
43,Puerto Rico,430274,1,1,1,White,1,0
43,Puerto Rico,430275,1,1,1,White,1,0
