STATE,STATENAME,ST_CASE,VEH_NO,PER_NO,NMCC,NMCCNAME
43,Puerto Rico,430004,0,1,0,None Noted
43,Puerto Rico,430004,0,2,0,None Noted
43,Puerto Rico,430005,0,1,2,Failure to Yield Right-Of-Way
43,Puerto Rico,430005,0,1,12,Improper Crossing of Roadway or Intersection (Jaywalking)
43,Puerto Rico,430005,0,1,19,"Not Visible (Dark clothing, No Lighting, etc.)"
43,Puerto Rico,430006,0,1,2,Failure to Yield Right-Of-Way
43,Puerto Rico,430006,0,1,12,Improper Crossing of Roadway or Intersection (Jaywalking)
43,Puerto Rico,430009,0,1,0,None Noted
43,Puerto Rico,430010,0,1,2,Failure to Yield Right-Of-Way
43,Puerto Rico,430010,0,1,12,Improper Crossing of Roadway or Intersection (Jaywalking)
43,Puerto Rico,430010,0,1,19,"Not Visible (Dark clothing, No Lighting, etc.)"
43,Puerto Rico,430011,0,1,0,None Noted
43,Puerto Rico,430012,0,1,2,Failure to Yield Right-Of-Way
43,Puerto Rico,430012,0,1,4,"In Roadway Improperly (Standing, Lying, Working, Playing, etc.)"
43,Puerto Rico,430012,0,1,19,"Not Visible (Dark clothing, No Lighting, etc.)"
43,Puerto Rico,430018,0,1,2,Failure to Yield Right-Of-Way
43,Puerto Rico,430018,0,1,12,Improper Crossing of Roadway or Intersection (Jaywalking)
43,Puerto Rico,430022,0,1,2,Failure to Yield Right-Of-Way
43,Puerto Rico,430022,0,1,12,Improper Crossing of Roadway or Intersection (Jaywalking)
43,Puerto Rico,430025,0,1,0,None Noted
43,Puerto Rico,430026,0,1,0,None Noted
43,Puerto Rico,430028,0,1,0,None Noted
43,Puerto Rico,430029,0,1,4,"In Roadway Improperly (Standing, Lying, Working, Playing, etc.)"
43,Puerto Rico,430036,0,1,0,None Noted
43,Puerto Rico,430040,0,1,0,None Noted
43,Puerto Rico,430040,0,2,0,None Noted
43,Puerto Rico,430042,0,1,4,"In Roadway Improperly (Standing, Lying, Working, Playing, etc.)"
43,Puerto Rico,430042,0,1,19,"Not Visible (Dark clothing, No Lighting, etc.)"
43,Puerto Rico,430044,0,1,19,"Not Visible (Dark clothing, No Lighting, etc.)"
43,Puerto Rico,430044,0,1,2,Failure to Yield Right-Of-Way
43,Puerto Rico,430044,0,1,12,Improper Crossing of Roadway or Intersection (Jaywalking)
43,Puerto Rico,430046,0,1,0,None Noted
43,Puerto Rico,430046,0,2,0,None Noted
43,Puerto Rico,430046,0,3,0,None Noted
43,Puerto Rico,430046,0,4,0,None Noted
43,Puerto Rico,430048,0,1,18,"Operating in other Erratic, Reckless, Careless or Negligent Manner"
43,Puerto Rico,430049,0,1,2,Failure to Yield Right-Of-Way
43,Puerto Rico,430049,0,1,12,Improper Crossing of Roadway or Intersection (Jaywalking)
43,Puerto Rico,430049,0,1,19,"Not Visible (Dark clothing, No Lighting, etc.)"
43,Puerto Rico,430055,0,1,2,Failure to Yield Right-Of-Way
43,Puerto Rico,430055,0,1,12,Improper Crossing of Roadway or Intersection (Jaywalking)
43,Puerto Rico,430056,0,1,4,"In Roadway Improperly (Standing, Lying, Working, Playing, etc.)"
43,Puerto Rico,430057,0,1,0,None Noted
43,Puerto Rico,430057,0,2,0,None Noted
43,Puerto Rico,430057,0,3,0,None Noted
43,Puerto Rico,430061,0,1,0,None Noted
43,Puerto Rico,430061,0,2,0,None Noted
43,Puerto Rico,430061,0,3,0,None Noted
43,Puerto Rico,430074,0,1,4,"In Roadway Improperly (Standing, Lying, Working, Playing, etc.)"
43,Puerto Rico,430074,0,1,19,"Not Visible (Dark clothing, No Lighting, etc.)"
43,Puerto Rico,430077,0,1,2,Failure to Yield Right-Of-Way
43,Puerto Rico,430077,0,1,12,Improper Crossing of Roadway or Intersection (Jaywalking)
43,Puerto Rico,430078,0,1,0,None Noted
43,Puerto Rico,430082,0,1,2,Failure to Yield Right-Of-Way
43,Puerto Rico,430082,0,1,12,Improper Crossing of Roadway or Intersection (Jaywalking)
43,Puerto Rico,430090,0,1,10,Riding on Wrong Side of Road
43,Puerto Rico,430090,0,1,14,Operating Without Required Equipment
43,Puerto Rico,430095,0,1,0,None Noted
43,Puerto Rico,430096,0,1,0,None Noted
43,Puerto Rico,430097,0,1,0,None Noted
43,Puerto Rico,430100,0,1,16,Failure to Keep in Proper Lane or Running Off Road
43,Puerto Rico,430109,0,1,0,None Noted
43,Puerto Rico,430112,0,1,0,None Noted
43,Puerto Rico,430112,0,2,0,None Noted
43,Puerto Rico,430113,0,1,0,None Noted
43,Puerto Rico,430114,0,1,0,None Noted
43,Puerto Rico,430115,0,1,0,None Noted
43,Puerto Rico,430116,0,1,2,Failure to Yield Right-Of-Way
43,Puerto Rico,430116,0,1,12,Improper Crossing of Roadway or Intersection (Jaywalking)
43,Puerto Rico,430116,0,1,19,"Not Visible (Dark clothing, No Lighting, etc.)"
43,Puerto Rico,430121,0,1,2,Failure to Yield Right-Of-Way
43,Puerto Rico,430121,0,1,12,Improper Crossing of Roadway or Intersection (Jaywalking)
43,Puerto Rico,430121,0,1,19,"Not Visible (Dark clothing, No Lighting, etc.)"
43,Puerto Rico,430124,0,1,4,"In Roadway Improperly (Standing, Lying, Working, Playing, etc.)"
43,Puerto Rico,430124,0,1,19,"Not Visible (Dark clothing, No Lighting, etc.)"
43,Puerto Rico,430127,0,1,0,None Noted
43,Puerto Rico,430131,0,1,10,Riding on Wrong Side of Road
43,Puerto Rico,430136,0,1,0,None Noted
43,Puerto Rico,430140,0,1,0,None Noted
43,Puerto Rico,430142,0,1,4,"In Roadway Improperly (Standing, Lying, Working, Playing, etc.)"
43,Puerto Rico,430149,0,1,0,None Noted
43,Puerto Rico,430158,0,1,2,Failure to Yield Right-Of-Way
43,Puerto Rico,430158,0,1,12,Improper Crossing of Roadway or Intersection (Jaywalking)
43,Puerto Rico,430159,0,1,2,Failure to Yield Right-Of-Way
43,Puerto Rico,430159,0,1,12,Improper Crossing of Roadway or Intersection (Jaywalking)
43,Puerto Rico,430159,0,1,19,"Not Visible (Dark clothing, No Lighting, etc.)"
43,Puerto Rico,430166,0,1,0,None Noted
43,Puerto Rico,430168,0,1,0,None Noted
43,Puerto Rico,430176,0,1,0,None Noted
43,Puerto Rico,430177,0,1,0,None Noted
43,Puerto Rico,430178,0,1,0,None Noted
43,Puerto Rico,430179,0,1,12,Improper Crossing of Roadway or Intersection (Jaywalking)
43,Puerto Rico,430179,0,1,19,"Not Visible (Dark clothing, No Lighting, etc.)"
43,Puerto Rico,430187,0,1,2,Failure to Yield Right-Of-Way
43,Puerto Rico,430187,0,1,12,Improper Crossing of Roadway or Intersection (Jaywalking)
43,Puerto Rico,430192,0,1,0,None Noted
43,Puerto Rico,430193,0,1,0,None Noted
43,Puerto Rico,430193,0,2,0,None Noted
43,Puerto Rico,430194,0,1,2,Failure to Yield Right-Of-Way
43,Puerto Rico,430194,0,1,12,Improper Crossing of Roadway or Intersection (Jaywalking)
43,Puerto Rico,430194,0,1,19,"Not Visible (Dark clothing, No Lighting, etc.)"
43,Puerto Rico,430197,0,1,2,Failure to Yield Right-Of-Way
43,Puerto Rico,430197,0,1,12,Improper Crossing of Roadway or Intersection (Jaywalking)
43,Puerto Rico,430198,0,1,0,None Noted
43,Puerto Rico,430199,0,1,2,Failure to Yield Right-Of-Way
43,Puerto Rico,430199,0,1,10,Riding on Wrong Side of Road
43,Puerto Rico,430206,0,1,2,Failure to Yield Right-Of-Way
43,Puerto Rico,430206,0,1,12,Improper Crossing of Roadway or Intersection (Jaywalking)
43,Puerto Rico,430214,0,1,2,Failure to Yield Right-Of-Way
43,Puerto Rico,430214,0,1,12,Improper Crossing of Roadway or Intersection (Jaywalking)
43,Puerto Rico,430217,0,1,0,None Noted
43,Puerto Rico,430218,0,1,12,Improper Crossing of Roadway or Intersection (Jaywalking)
43,Puerto Rico,430218,0,1,19,"Not Visible (Dark clothing, No Lighting, etc.)"
43,Puerto Rico,430218,0,1,2,Failure to Yield Right-Of-Way
43,Puerto Rico,430219,0,1,0,None Noted
43,Puerto Rico,430220,0,1,0,None Noted
43,Puerto Rico,430232,0,1,19,"Not Visible (Dark clothing, No Lighting, etc.)"
43,Puerto Rico,430241,0,1,0,None Noted
43,Puerto Rico,430243,0,1,0,None Noted
43,Puerto Rico,430248,0,1,0,None Noted
43,Puerto Rico,430250,0,1,0,None Noted
43,Puerto Rico,430258,0,1,0,None Noted
43,Puerto Rico,430261,0,1,4,"In Roadway Improperly (Standing, Lying, Working, Playing, etc.)"
43,Puerto Rico,430264,0,1,19,"Not Visible (Dark clothing, No Lighting, etc.)"
43,Puerto Rico,430266,0,1,8,Improper Passing
43,Puerto Rico,430266,0,2,8,Improper Passing
43,Puerto Rico,430268,0,1,14,Operating Without Required Equipment
43,Puerto Rico,430268,0,1,13,Failing to Have Lights on When Required
43,Puerto Rico,430269,0,1,0,None Noted
43,Puerto Rico,430277,0,1,0,None Noted
43,Puerto Rico,430282,0,1,4,"In Roadway Improperly (Standing, Lying, Working, Playing, etc.)"
43,Puerto Rico,430283,0,1,2,Failure to Yield Right-Of-Way
43,Puerto Rico,430283,0,1,12,Improper Crossing of Roadway or Intersection (Jaywalking)
43,Puerto Rico,430284,0,1,0,None Noted
43,Puerto Rico,430286,0,1,0,None Noted
43,Puerto Rico,430290,0,1,18,"Operating in other Erratic, Reckless, Careless or Negligent Manner"
43,Puerto Rico,430291,0,1,0,None Noted
43,Puerto Rico,430294,0,1,18,"Operating in other Erratic, Reckless, Careless or Negligent Manner"
43,Puerto Rico,430296,0,1,0,None Noted
43,Puerto Rico,430297,0,1,2,Failure to Yield Right-Of-Way
43,Puerto Rico,430297,0,1,12,Improper Crossing of Roadway or Intersection (Jaywalking)
43,Puerto Rico,430301,0,1,2,Failure to Yield Right-Of-Way
43,Puerto Rico,430301,0,1,4,"In Roadway Improperly (Standing, Lying, Working, Playing, etc.)"
43,Puerto Rico,430302,0,1,2,Failure to Yield Right-Of-Way
43,Puerto Rico,430302,0,1,12,Improper Crossing of Roadway or Intersection (Jaywalking)
43,Puerto Rico,430303,0,1,2,Failure to Yield Right-Of-Way
43,Puerto Rico,430303,0,1,12,Improper Crossing of Roadway or Intersection (Jaywalking)
43,Puerto Rico,430303,0,1,19,"Not Visible (Dark clothing, No Lighting, etc.)"
43,Puerto Rico,430304,0,1,2,Failure to Yield Right-Of-Way
43,Puerto Rico,430304,0,1,12,Improper Crossing of Roadway or Intersection (Jaywalking)
43,Puerto Rico,430305,0,1,19,"Not Visible (Dark clothing, No Lighting, etc.)"
43,Puerto Rico,430306,0,1,2,Failure to Yield Right-Of-Way
43,Puerto Rico,430306,0,1,12,Improper Crossing of Roadway or Intersection (Jaywalking)
43,Puerto Rico,430307,0,1,2,Failure to Yield Right-Of-Way
43,Puerto Rico,430307,0,1,12,Improper Crossing of Roadway or Intersection (Jaywalking)
43,Puerto Rico,430308,0,1,0,None Noted
43,Puerto Rico,430309,0,1,0,None Noted
43,Puerto Rico,430310,0,1,2,Failure to Yield Right-Of-Way
43,Puerto Rico,430310,0,1,12,Improper Crossing of Roadway or Intersection (Jaywalking)
43,Puerto Rico,430310,0,1,19,"Not Visible (Dark clothing, No Lighting, etc.)"
43,Puerto Rico,430311,0,1,2,Failure to Yield Right-Of-Way
43,Puerto Rico,430311,0,1,12,Improper Crossing of Roadway or Intersection (Jaywalking)
43,Puerto Rico,430313,0,1,0,None Noted
43,Puerto Rico,430318,0,1,0,None Noted
43,Puerto Rico,430324,0,1,2,Failure to Yield Right-Of-Way
43,Puerto Rico,430324,0,1,12,Improper Crossing of Roadway or Intersection (Jaywalking)
43,Puerto Rico,430325,0,1,4,"In Roadway Improperly (Standing, Lying, Working, Playing, etc.)"
43,Puerto Rico,430325,0,1,11,"Dash - Run, No Visual Obstruction Noted"
43,Puerto Rico,430326,0,1,0,None Noted
43,Puerto Rico,430329,0,1,19,"Not Visible (Dark clothing, No Lighting, etc.)"
43,Puerto Rico,430331,0,1,0,None Noted
