STATE,STATENAME,ST_CASE,VEH_NO,PER_NO,PBAGE,PBAGENAME,PBSEX,PBSEXNAME,PBPTYPE,PBPTYPENAME,PBCWALK,PBCWALKNAME,PBSWALK,PBSWALKNAME,PBSZONE,PBSZONENAME,PEDCTYPE,PEDCTYPENAME,BIKECTYPE,BIKECTYPENAME,PEDLOC,PEDLOCNAME,BIKELOC,BIKELOCNAME,PEDPOS,PEDPOSNAME,BIKEPOS,BIKEPOSNAME,PEDDIR,PEDDIRNAME,BIKEDIR,BIKEDIRNAME,MOTDIR,MOTDIRNAME,MOTMAN,MOTMANNAME,PEDLEG,PEDLEGNAME,PEDSNR,PEDSNRNAME,PEDCGP,PEDCGPNAME,BIKECGP,BIKECGPNAME
43,Puerto Rico,430004,0,1,54,54 Years,1,Male,5,Pedestrian,0,None Noted,0,None Noted,0,None Noted,311,Working in Roadway,0,Not a Cyclist,3,Not At Intersection,7,Not a Cyclist,3,Travel Lane,7,Not a Cyclist,8,Not Applicable,7,Not a Cyclist,8,Not Applicable,8,Not Applicable,8,Not Applicable,8,Not Applicable,310,Working or Playing in Roadway,0,Not a Cyclist
43,Puerto Rico,430004,0,2,58,58 Years,1,Male,5,Pedestrian,0,None Noted,0,None Noted,0,None Noted,311,Working in Roadway,0,Not a Cyclist,3,Not At Intersection,7,Not a Cyclist,3,Travel Lane,7,Not a Cyclist,8,Not Applicable,7,Not a Cyclist,8,Not Applicable,8,Not Applicable,8,Not Applicable,8,Not Applicable,310,Working or Playing in Roadway,0,Not a Cyclist
43,Puerto Rico,430005,0,1,69,69 Years,1,Male,5,Pedestrian,1,Yes,0,None Noted,0,None Noted,760,Pedestrian Failed to Yield,0,Not a Cyclist,3,Not At Intersection,7,Not a Cyclist,3,Travel Lane,7,Not a Cyclist,8,Not Applicable,7,Not a Cyclist,8,Not Applicable,8,Not Applicable,8,Not Applicable,8,Not Applicable,750,Crossing Roadway - Vehicle Not Turning,0,Not a Cyclist
43,Puerto Rico,430006,0,1,42,42 Years,1,Male,5,Pedestrian,1,Yes,0,None Noted,0,None Noted,760,Pedestrian Failed to Yield,0,Not a Cyclist,1,At Intersection,7,Not a Cyclist,1,Intersection Area,7,Not a Cyclist,2,Eastbound,7,Not a Cyclist,1,Northbound,3,Straight through,1,Nearside,2a,"Motorist traveling straight through - Crash Occurred on Near (Approach) Side of Intersection / Pedestrian outside crosswalk area, traveled from motorists left.",750,Crossing Roadway - Vehicle Not Turning,0,Not a Cyclist
43,Puerto Rico,430009,0,1,62,62 Years,1,Male,5,Pedestrian,0,None Noted,0,None Noted,0,None Noted,770,Motorist Failed to Yield,0,Not a Cyclist,3,Not At Intersection,7,Not a Cyclist,3,Travel Lane,7,Not a Cyclist,8,Not Applicable,7,Not a Cyclist,8,Not Applicable,8,Not Applicable,8,Not Applicable,8,Not Applicable,750,Crossing Roadway - Vehicle Not Turning,0,Not a Cyclist
43,Puerto Rico,430010,0,1,79,79 Years,2,Female,5,Pedestrian,0,None Noted,0,None Noted,0,None Noted,760,Pedestrian Failed to Yield,0,Not a Cyclist,3,Not At Intersection,7,Not a Cyclist,3,Travel Lane,7,Not a Cyclist,8,Not Applicable,7,Not a Cyclist,8,Not Applicable,8,Not Applicable,8,Not Applicable,8,Not Applicable,750,Crossing Roadway - Vehicle Not Turning,0,Not a Cyclist
43,Puerto Rico,430011,0,1,65,65 Years,2,Female,5,Pedestrian,0,None Noted,0,None Noted,0,None Noted,770,Motorist Failed to Yield,0,Not a Cyclist,1,At Intersection,7,Not a Cyclist,1,Intersection Area,7,Not a Cyclist,4,Westbound,7,Not a Cyclist,1,Northbound,3,Straight through,2,Farside,4b,"Motorist traveling straight through - Crash Occurred on Far Side of Intersection / Pedestrian outside crosswalk area, traveled from motorists right.",750,Crossing Roadway - Vehicle Not Turning,0,Not a Cyclist
43,Puerto Rico,430012,0,1,998,Not Reported,1,Male,5,Pedestrian,0,None Noted,0,None Noted,0,None Noted,420,Walking/Running Along Roadway With Traffic - From Front,0,Not a Cyclist,3,Not At Intersection,7,Not a Cyclist,3,Travel Lane,7,Not a Cyclist,8,Not Applicable,7,Not a Cyclist,8,Not Applicable,8,Not Applicable,8,Not Applicable,8,Not Applicable,400,Walking/Running Along Roadway,0,Not a Cyclist
43,Puerto Rico,430018,0,1,998,Not Reported,1,Male,5,Pedestrian,0,None Noted,0,None Noted,0,None Noted,760,Pedestrian Failed to Yield,0,Not a Cyclist,3,Not At Intersection,7,Not a Cyclist,3,Travel Lane,7,Not a Cyclist,8,Not Applicable,7,Not a Cyclist,8,Not Applicable,8,Not Applicable,8,Not Applicable,8,Not Applicable,750,Crossing Roadway - Vehicle Not Turning,0,Not a Cyclist
43,Puerto Rico,430022,0,1,81,81 Years,2,Female,5,Pedestrian,0,None Noted,0,None Noted,0,None Noted,760,Pedestrian Failed to Yield,0,Not a Cyclist,3,Not At Intersection,7,Not a Cyclist,3,Travel Lane,7,Not a Cyclist,8,Not Applicable,7,Not a Cyclist,8,Not Applicable,8,Not Applicable,8,Not Applicable,8,Not Applicable,750,Crossing Roadway - Vehicle Not Turning,0,Not a Cyclist
43,Puerto Rico,430025,0,1,47,47 Years,2,Female,5,Pedestrian,0,None Noted,0,None Noted,0,None Noted,770,Motorist Failed to Yield,0,Not a Cyclist,3,Not At Intersection,7,Not a Cyclist,3,Travel Lane,7,Not a Cyclist,8,Not Applicable,7,Not a Cyclist,8,Not Applicable,8,Not Applicable,8,Not Applicable,8,Not Applicable,750,Crossing Roadway - Vehicle Not Turning,0,Not a Cyclist
43,Puerto Rico,430026,0,1,998,Not Reported,1,Male,6,Bicyclist,0,None Noted,0,None Noted,0,None Noted,0,Not a Pedestrian,280,Parallel Paths - Other / Unknown,7,Not a Pedestrian,3,Not At Intersection,77,Not a Pedestrian,1,Travel Lane,7,Not a Pedestrian,1,With Traffic,7,Not a Pedestrian,7,Not a Pedestrian,7,Not a Pedestrian,7,Not a Pedestrian,0,Not a Pedestrian,290,Parallel Paths - Other Circumstances
43,Puerto Rico,430028,0,1,37,37 Years,1,Male,5,Pedestrian,0,None Noted,0,None Noted,0,None Noted,420,Walking/Running Along Roadway With Traffic - From Front,0,Not a Cyclist,3,Not At Intersection,7,Not a Cyclist,3,Travel Lane,7,Not a Cyclist,8,Not Applicable,7,Not a Cyclist,8,Not Applicable,8,Not Applicable,8,Not Applicable,8,Not Applicable,400,Walking/Running Along Roadway,0,Not a Cyclist
43,Puerto Rico,430029,0,1,30,30 Years,1,Male,5,Pedestrian,0,None Noted,0,None Noted,0,None Noted,690,At Intersection - Other / Unknown,0,Not a Cyclist,1,At Intersection,7,Not a Cyclist,2,Crosswalk Area,7,Not a Cyclist,9,Not Derived/Unknown Initial Direction of Travel,7,Not a Cyclist,1,Northbound,3,Straight through,2,Farside,3c,"Motorist traveling straight through - Crash Occurred on Far Side of Intersection / Pedestrian within crosswalk area, approach direction unknown.",990,Other / Unknown - Insufficient Details,0,Not a Cyclist
43,Puerto Rico,430036,0,1,58,58 Years,1,Male,5,Pedestrian,0,None Noted,0,None Noted,0,None Noted,770,Motorist Failed to Yield,0,Not a Cyclist,3,Not At Intersection,7,Not a Cyclist,3,Travel Lane,7,Not a Cyclist,8,Not Applicable,7,Not a Cyclist,8,Not Applicable,8,Not Applicable,8,Not Applicable,8,Not Applicable,750,Crossing Roadway - Vehicle Not Turning,0,Not a Cyclist
43,Puerto Rico,430040,0,1,42,42 Years,1,Male,5,Pedestrian,0,None Noted,0,None Noted,0,None Noted,520,Waiting to Cross - Vehicle Not Turning,0,Not a Cyclist,3,Not At Intersection,7,Not a Cyclist,6,Unpaved Right-of-Way,7,Not a Cyclist,8,Not Applicable,7,Not a Cyclist,8,Not Applicable,8,Not Applicable,8,Not Applicable,8,Not Applicable,500,Waiting to Cross,0,Not a Cyclist
43,Puerto Rico,430040,0,2,42,42 Years,1,Male,5,Pedestrian,0,None Noted,0,None Noted,0,None Noted,520,Waiting to Cross - Vehicle Not Turning,0,Not a Cyclist,3,Not At Intersection,7,Not a Cyclist,6,Unpaved Right-of-Way,7,Not a Cyclist,8,Not Applicable,7,Not a Cyclist,8,Not Applicable,8,Not Applicable,8,Not Applicable,8,Not Applicable,500,Waiting to Cross,0,Not a Cyclist
43,Puerto Rico,430042,0,1,26,26 Years,1,Male,5,Pedestrian,0,None Noted,0,None Noted,0,None Noted,313,Lying in Roadway,0,Not a Cyclist,3,Not At Intersection,7,Not a Cyclist,3,Travel Lane,7,Not a Cyclist,8,Not Applicable,7,Not a Cyclist,8,Not Applicable,8,Not Applicable,8,Not Applicable,8,Not Applicable,600,Pedestrian in Roadway - Circumstances Unknown,0,Not a Cyclist
43,Puerto Rico,430044,0,1,64,64 Years,1,Male,5,Pedestrian,0,None Noted,0,None Noted,0,None Noted,760,Pedestrian Failed to Yield,0,Not a Cyclist,3,Not At Intersection,7,Not a Cyclist,3,Travel Lane,7,Not a Cyclist,8,Not Applicable,7,Not a Cyclist,8,Not Applicable,8,Not Applicable,8,Not Applicable,8,Not Applicable,750,Crossing Roadway - Vehicle Not Turning,0,Not a Cyclist
43,Puerto Rico,430046,0,1,19,19 Years,2,Female,5,Pedestrian,0,None Noted,0,None Noted,0,None Noted,690,At Intersection - Other / Unknown,0,Not a Cyclist,1,At Intersection,7,Not a Cyclist,1,Intersection Area,7,Not a Cyclist,4,Westbound,7,Not a Cyclist,1,Northbound,3,Straight through,1,Nearside,2b,"Motorist traveling straight through - Crash Occurred on Near (Approach) Side of Intersection / Pedestrian outside crosswalk area, traveled from motorists right.",990,Other / Unknown - Insufficient Details,0,Not a Cyclist
43,Puerto Rico,430046,0,2,29,29 Years,2,Female,5,Pedestrian,0,None Noted,0,None Noted,0,None Noted,690,At Intersection - Other / Unknown,0,Not a Cyclist,1,At Intersection,7,Not a Cyclist,1,Intersection Area,7,Not a Cyclist,4,Westbound,7,Not a Cyclist,1,Northbound,3,Straight through,1,Nearside,2b,"Motorist traveling straight through - Crash Occurred on Near (Approach) Side of Intersection / Pedestrian outside crosswalk area, traveled from motorists right.",990,Other / Unknown - Insufficient Details,0,Not a Cyclist
43,Puerto Rico,430046,0,3,44,44 Years,1,Male,5,Pedestrian,0,None Noted,0,None Noted,0,None Noted,690,At Intersection - Other / Unknown,0,Not a Cyclist,1,At Intersection,7,Not a Cyclist,1,Intersection Area,7,Not a Cyclist,4,Westbound,7,Not a Cyclist,1,Northbound,3,Straight through,1,Nearside,2b,"Motorist traveling straight through - Crash Occurred on Near (Approach) Side of Intersection / Pedestrian outside crosswalk area, traveled from motorists right.",990,Other / Unknown - Insufficient Details,0,Not a Cyclist
43,Puerto Rico,430046,0,4,44,44 Years,1,Male,5,Pedestrian,0,None Noted,0,None Noted,0,None Noted,690,At Intersection - Other / Unknown,0,Not a Cyclist,1,At Intersection,7,Not a Cyclist,1,Intersection Area,7,Not a Cyclist,4,Westbound,7,Not a Cyclist,1,Northbound,3,Straight through,1,Nearside,2b,"Motorist traveling straight through - Crash Occurred on Near (Approach) Side of Intersection / Pedestrian outside crosswalk area, traveled from motorists right.",990,Other / Unknown - Insufficient Details,0,Not a Cyclist
43,Puerto Rico,430048,0,1,63,63 Years,1,Male,6,Bicyclist,0,None Noted,0,None Noted,0,None Noted,0,Not a Pedestrian,280,Parallel Paths - Other / Unknown,7,Not a Pedestrian,3,Not At Intersection,77,Not a Pedestrian,1,Travel Lane,7,Not a Pedestrian,1,With Traffic,7,Not a Pedestrian,7,Not a Pedestrian,7,Not a Pedestrian,7,Not a Pedestrian,0,Not a Pedestrian,290,Parallel Paths - Other Circumstances
43,Puerto Rico,430049,0,1,44,44 Years,1,Male,5,Pedestrian,0,None Noted,0,None Noted,0,None Noted,760,Pedestrian Failed to Yield,0,Not a Cyclist,1,At Intersection,7,Not a Cyclist,1,Intersection Area,7,Not a Cyclist,4,Westbound,7,Not a Cyclist,1,Northbound,3,Straight through,2,Farside,4b,"Motorist traveling straight through - Crash Occurred on Far Side of Intersection / Pedestrian outside crosswalk area, traveled from motorists right.",750,Crossing Roadway - Vehicle Not Turning,0,Not a Cyclist
43,Puerto Rico,430055,0,1,998,Not Reported,1,Male,5,Pedestrian,0,None Noted,0,None Noted,0,None Noted,760,Pedestrian Failed to Yield,0,Not a Cyclist,3,Not At Intersection,7,Not a Cyclist,3,Travel Lane,7,Not a Cyclist,8,Not Applicable,7,Not a Cyclist,8,Not Applicable,8,Not Applicable,8,Not Applicable,8,Not Applicable,750,Crossing Roadway - Vehicle Not Turning,0,Not a Cyclist
43,Puerto Rico,430056,0,1,30,30 Years,1,Male,5,Pedestrian,0,None Noted,0,None Noted,0,None Noted,313,Lying in Roadway,0,Not a Cyclist,3,Not At Intersection,7,Not a Cyclist,3,Travel Lane,7,Not a Cyclist,8,Not Applicable,7,Not a Cyclist,8,Not Applicable,8,Not Applicable,8,Not Applicable,8,Not Applicable,600,Pedestrian in Roadway - Circumstances Unknown,0,Not a Cyclist
43,Puerto Rico,430057,0,1,52,52 Years,1,Male,5,Pedestrian,0,None Noted,0,None Noted,0,None Noted,311,Working in Roadway,0,Not a Cyclist,3,Not At Intersection,7,Not a Cyclist,3,Travel Lane,7,Not a Cyclist,8,Not Applicable,7,Not a Cyclist,8,Not Applicable,8,Not Applicable,8,Not Applicable,8,Not Applicable,310,Working or Playing in Roadway,0,Not a Cyclist
43,Puerto Rico,430057,0,2,30,30 Years,1,Male,5,Pedestrian,0,None Noted,0,None Noted,0,None Noted,311,Working in Roadway,0,Not a Cyclist,3,Not At Intersection,7,Not a Cyclist,3,Travel Lane,7,Not a Cyclist,8,Not Applicable,7,Not a Cyclist,8,Not Applicable,8,Not Applicable,8,Not Applicable,8,Not Applicable,310,Working or Playing in Roadway,0,Not a Cyclist
43,Puerto Rico,430057,0,3,41,41 Years,1,Male,5,Pedestrian,0,None Noted,0,None Noted,0,None Noted,311,Working in Roadway,0,Not a Cyclist,3,Not At Intersection,7,Not a Cyclist,3,Travel Lane,7,Not a Cyclist,8,Not Applicable,7,Not a Cyclist,8,Not Applicable,8,Not Applicable,8,Not Applicable,8,Not Applicable,310,Working or Playing in Roadway,0,Not a Cyclist
43,Puerto Rico,430061,0,1,61,61 Years,1,Male,5,Pedestrian,0,None Noted,0,None Noted,0,None Noted,311,Working in Roadway,0,Not a Cyclist,3,Not At Intersection,7,Not a Cyclist,3,Travel Lane,7,Not a Cyclist,8,Not Applicable,7,Not a Cyclist,8,Not Applicable,8,Not Applicable,8,Not Applicable,8,Not Applicable,310,Working or Playing in Roadway,0,Not a Cyclist
43,Puerto Rico,430061,0,2,61,61 Years,1,Male,5,Pedestrian,0,None Noted,0,None Noted,0,None Noted,311,Working in Roadway,0,Not a Cyclist,3,Not At Intersection,7,Not a Cyclist,3,Travel Lane,7,Not a Cyclist,8,Not Applicable,7,Not a Cyclist,8,Not Applicable,8,Not Applicable,8,Not Applicable,8,Not Applicable,310,Working or Playing in Roadway,0,Not a Cyclist
43,Puerto Rico,430061,0,3,26,26 Years,1,Male,5,Pedestrian,0,None Noted,0,None Noted,0,None Noted,311,Working in Roadway,0,Not a Cyclist,3,Not At Intersection,7,Not a Cyclist,3,Travel Lane,7,Not a Cyclist,8,Not Applicable,7,Not a Cyclist,8,Not Applicable,8,Not Applicable,8,Not Applicable,8,Not Applicable,310,Working or Playing in Roadway,0,Not a Cyclist
43,Puerto Rico,430074,0,1,27,27 Years,1,Male,5,Pedestrian,0,None Noted,0,None Noted,0,None Noted,213,Backing Vehicle - Trafficway,0,Not a Cyclist,3,Not At Intersection,7,Not a Cyclist,3,Travel Lane,7,Not a Cyclist,8,Not Applicable,7,Not a Cyclist,8,Not Applicable,8,Not Applicable,8,Not Applicable,8,Not Applicable,200,Backing Vehicle,0,Not a Cyclist
43,Puerto Rico,430077,0,1,67,67 Years,1,Male,5,Pedestrian,0,None Noted,0,None Noted,0,None Noted,760,Pedestrian Failed to Yield,0,Not a Cyclist,3,Not At Intersection,7,Not a Cyclist,3,Travel Lane,7,Not a Cyclist,8,Not Applicable,7,Not a Cyclist,8,Not Applicable,8,Not Applicable,8,Not Applicable,8,Not Applicable,750,Crossing Roadway - Vehicle Not Turning,0,Not a Cyclist
43,Puerto Rico,430078,0,1,84,84 Years,2,Female,5,Pedestrian,0,None Noted,0,None Noted,0,None Noted,770,Motorist Failed to Yield,0,Not a Cyclist,1,At Intersection,7,Not a Cyclist,1,Intersection Area,7,Not a Cyclist,4,Westbound,7,Not a Cyclist,1,Northbound,3,Straight through,1,Nearside,2b,"Motorist traveling straight through - Crash Occurred on Near (Approach) Side of Intersection / Pedestrian outside crosswalk area, traveled from motorists right.",750,Crossing Roadway - Vehicle Not Turning,0,Not a Cyclist
43,Puerto Rico,430082,0,1,82,82 Years,1,Male,5,Pedestrian,0,None Noted,0,None Noted,0,None Noted,760,Pedestrian Failed to Yield,0,Not a Cyclist,3,Not At Intersection,7,Not a Cyclist,3,Travel Lane,7,Not a Cyclist,8,Not Applicable,7,Not a Cyclist,8,Not Applicable,8,Not Applicable,8,Not Applicable,8,Not Applicable,750,Crossing Roadway - Vehicle Not Turning,0,Not a Cyclist
43,Puerto Rico,430090,0,1,70,70 Years,1,Male,6,Bicyclist,0,None Noted,0,None Noted,0,None Noted,0,Not a Pedestrian,112,Motorist Turning Error - Right turn,7,Not a Pedestrian,1,At Intersection,77,Not a Pedestrian,1,Travel Lane,7,Not a Pedestrian,1,With Traffic,7,Not a Pedestrian,7,Not a Pedestrian,7,Not a Pedestrian,7,Not a Pedestrian,0,Not a Pedestrian,110,Loss of Control / Turning Error
43,Puerto Rico,430095,0,1,998,Not Reported,1,Male,5,Pedestrian,0,None Noted,0,None Noted,0,None Noted,770,Motorist Failed to Yield,0,Not a Cyclist,3,Not At Intersection,7,Not a Cyclist,3,Travel Lane,7,Not a Cyclist,8,Not Applicable,7,Not a Cyclist,8,Not Applicable,8,Not Applicable,8,Not Applicable,8,Not Applicable,750,Crossing Roadway - Vehicle Not Turning,0,Not a Cyclist
43,Puerto Rico,430096,0,1,64,64 Years,1,Male,6,Bicyclist,0,None Noted,0,None Noted,0,None Noted,0,Not a Pedestrian,970,Unknown Approach Paths,7,Not a Pedestrian,1,At Intersection,77,Not a Pedestrian,1,Travel Lane,7,Not a Pedestrian,1,With Traffic,7,Not a Pedestrian,7,Not a Pedestrian,7,Not a Pedestrian,7,Not a Pedestrian,0,Not a Pedestrian,990,Other / Unknown - Insufficient Details
43,Puerto Rico,430097,0,1,998,Not Reported,1,Male,5,Pedestrian,0,None Noted,0,None Noted,0,None Noted,770,Motorist Failed to Yield,0,Not a Cyclist,3,Not At Intersection,7,Not a Cyclist,3,Travel Lane,7,Not a Cyclist,8,Not Applicable,7,Not a Cyclist,8,Not Applicable,8,Not Applicable,8,Not Applicable,8,Not Applicable,750,Crossing Roadway - Vehicle Not Turning,0,Not a Cyclist
43,Puerto Rico,430100,0,1,53,53 Years,1,Male,6,Bicyclist,0,None Noted,0,None Noted,0,None Noted,0,Not a Pedestrian,280,Parallel Paths - Other / Unknown,7,Not a Pedestrian,3,Not At Intersection,77,Not a Pedestrian,1,Travel Lane,7,Not a Pedestrian,1,With Traffic,7,Not a Pedestrian,7,Not a Pedestrian,7,Not a Pedestrian,7,Not a Pedestrian,0,Not a Pedestrian,290,Parallel Paths - Other Circumstances
43,Puerto Rico,430109,0,1,65,65 Years,1,Male,5,Pedestrian,0,None Noted,0,None Noted,0,None Noted,770,Motorist Failed to Yield,0,Not a Cyclist,3,Not At Intersection,7,Not a Cyclist,3,Travel Lane,7,Not a Cyclist,8,Not Applicable,7,Not a Cyclist,8,Not Applicable,8,Not Applicable,8,Not Applicable,8,Not Applicable,750,Crossing Roadway - Vehicle Not Turning,0,Not a Cyclist
43,Puerto Rico,430112,0,1,71,71 Years,2,Female,5,Pedestrian,0,None Noted,0,None Noted,0,None Noted,770,Motorist Failed to Yield,0,Not a Cyclist,3,Not At Intersection,7,Not a Cyclist,3,Travel Lane,7,Not a Cyclist,8,Not Applicable,7,Not a Cyclist,8,Not Applicable,8,Not Applicable,8,Not Applicable,8,Not Applicable,750,Crossing Roadway - Vehicle Not Turning,0,Not a Cyclist
43,Puerto Rico,430112,0,2,69,69 Years,2,Female,5,Pedestrian,0,None Noted,0,None Noted,0,None Noted,770,Motorist Failed to Yield,0,Not a Cyclist,3,Not At Intersection,7,Not a Cyclist,3,Travel Lane,7,Not a Cyclist,8,Not Applicable,7,Not a Cyclist,8,Not Applicable,8,Not Applicable,8,Not Applicable,8,Not Applicable,750,Crossing Roadway - Vehicle Not Turning,0,Not a Cyclist
43,Puerto Rico,430113,0,1,24,24 Years,1,Male,12,Person on Non-Motorized Personal Conveyance,0,None Noted,0,None Noted,0,None Noted,430,Walking/Running Along Roadway Against Traffic - From Behind,0,Not a Cyclist,3,Not At Intersection,7,Not a Cyclist,6,Unpaved Right-of-Way,7,Not a Cyclist,8,Not Applicable,7,Not a Cyclist,8,Not Applicable,8,Not Applicable,8,Not Applicable,8,Not Applicable,400,Walking/Running Along Roadway,0,Not a Cyclist
43,Puerto Rico,430114,0,1,72,72 Years,1,Male,5,Pedestrian,0,None Noted,0,None Noted,0,None Noted,590,Waiting to Cross - Vehicle Action Unknown,0,Not a Cyclist,3,Not At Intersection,7,Not a Cyclist,4,Paved Shoulder / Bicycle Lane / Parking Lane,7,Not a Cyclist,8,Not Applicable,7,Not a Cyclist,8,Not Applicable,8,Not Applicable,8,Not Applicable,8,Not Applicable,500,Waiting to Cross,0,Not a Cyclist
43,Puerto Rico,430115,0,1,82,82 Years,1,Male,5,Pedestrian,0,None Noted,0,None Noted,0,None Noted,770,Motorist Failed to Yield,0,Not a Cyclist,3,Not At Intersection,7,Not a Cyclist,3,Travel Lane,7,Not a Cyclist,8,Not Applicable,7,Not a Cyclist,8,Not Applicable,8,Not Applicable,8,Not Applicable,8,Not Applicable,750,Crossing Roadway - Vehicle Not Turning,0,Not a Cyclist
43,Puerto Rico,430116,0,1,48,48 Years,1,Male,5,Pedestrian,0,None Noted,0,None Noted,0,None Noted,760,Pedestrian Failed to Yield,0,Not a Cyclist,3,Not At Intersection,7,Not a Cyclist,3,Travel Lane,7,Not a Cyclist,8,Not Applicable,7,Not a Cyclist,8,Not Applicable,8,Not Applicable,8,Not Applicable,8,Not Applicable,750,Crossing Roadway - Vehicle Not Turning,0,Not a Cyclist
43,Puerto Rico,430121,0,1,998,Not Reported,1,Male,5,Pedestrian,0,None Noted,0,None Noted,0,None Noted,760,Pedestrian Failed to Yield,0,Not a Cyclist,3,Not At Intersection,7,Not a Cyclist,3,Travel Lane,7,Not a Cyclist,8,Not Applicable,7,Not a Cyclist,8,Not Applicable,8,Not Applicable,8,Not Applicable,8,Not Applicable,750,Crossing Roadway - Vehicle Not Turning,0,Not a Cyclist
43,Puerto Rico,430124,0,1,70,70 Years,1,Male,5,Pedestrian,0,None Noted,0,None Noted,0,None Noted,420,Walking/Running Along Roadway With Traffic - From Front,0,Not a Cyclist,3,Not At Intersection,7,Not a Cyclist,3,Travel Lane,7,Not a Cyclist,8,Not Applicable,7,Not a Cyclist,8,Not Applicable,8,Not Applicable,8,Not Applicable,8,Not Applicable,400,Walking/Running Along Roadway,0,Not a Cyclist
43,Puerto Rico,430127,0,1,20,20 Years,2,Female,5,Pedestrian,0,None Noted,0,None Noted,0,None Noted,230,Disabled Vehicle-Related,0,Not a Cyclist,3,Not At Intersection,7,Not a Cyclist,3,Travel Lane,7,Not a Cyclist,8,Not Applicable,7,Not a Cyclist,8,Not Applicable,8,Not Applicable,8,Not Applicable,8,Not Applicable,100,Unusual Circumstances,0,Not a Cyclist
43,Puerto Rico,430131,0,1,38,38 Years,1,Male,6,Bicyclist,0,None Noted,0,None Noted,0,None Noted,0,Not a Pedestrian,280,Parallel Paths - Other / Unknown,7,Not a Pedestrian,3,Not At Intersection,77,Not a Pedestrian,1,Travel Lane,7,Not a Pedestrian,1,With Traffic,7,Not a Pedestrian,7,Not a Pedestrian,7,Not a Pedestrian,7,Not a Pedestrian,0,Not a Pedestrian,290,Parallel Paths - Other Circumstances
43,Puerto Rico,430136,0,1,68,68 Years,1,Male,5,Pedestrian,0,None Noted,0,None Noted,0,None Noted,770,Motorist Failed to Yield,0,Not a Cyclist,3,Not At Intersection,7,Not a Cyclist,3,Travel Lane,7,Not a Cyclist,8,Not Applicable,7,Not a Cyclist,8,Not Applicable,8,Not Applicable,8,Not Applicable,8,Not Applicable,750,Crossing Roadway - Vehicle Not Turning,0,Not a Cyclist
43,Puerto Rico,430140,0,1,53,53 Years,2,Female,5,Pedestrian,0,None Noted,0,None Noted,0,None Noted,770,Motorist Failed to Yield,0,Not a Cyclist,3,Not At Intersection,7,Not a Cyclist,3,Travel Lane,7,Not a Cyclist,8,Not Applicable,7,Not a Cyclist,8,Not Applicable,8,Not Applicable,8,Not Applicable,8,Not Applicable,750,Crossing Roadway - Vehicle Not Turning,0,Not a Cyclist
43,Puerto Rico,430142,0,1,45,45 Years,1,Male,5,Pedestrian,0,None Noted,0,None Noted,0,None Noted,420,Walking/Running Along Roadway With Traffic - From Front,0,Not a Cyclist,3,Not At Intersection,7,Not a Cyclist,3,Travel Lane,7,Not a Cyclist,8,Not Applicable,7,Not a Cyclist,8,Not Applicable,8,Not Applicable,8,Not Applicable,8,Not Applicable,400,Walking/Running Along Roadway,0,Not a Cyclist
43,Puerto Rico,430149,0,1,65,65 Years,1,Male,6,Bicyclist,0,None Noted,0,None Noted,0,None Noted,0,Not a Pedestrian,280,Parallel Paths - Other / Unknown,7,Not a Pedestrian,3,Not At Intersection,77,Not a Pedestrian,1,Travel Lane,7,Not a Pedestrian,1,With Traffic,7,Not a Pedestrian,7,Not a Pedestrian,7,Not a Pedestrian,7,Not a Pedestrian,0,Not a Pedestrian,290,Parallel Paths - Other Circumstances
43,Puerto Rico,430158,0,1,50,50 Years,2,Female,5,Pedestrian,0,None Noted,0,None Noted,0,None Noted,760,Pedestrian Failed to Yield,0,Not a Cyclist,3,Not At Intersection,7,Not a Cyclist,3,Travel Lane,7,Not a Cyclist,8,Not Applicable,7,Not a Cyclist,8,Not Applicable,8,Not Applicable,8,Not Applicable,8,Not Applicable,750,Crossing Roadway - Vehicle Not Turning,0,Not a Cyclist
43,Puerto Rico,430159,0,1,998,Not Reported,1,Male,5,Pedestrian,0,None Noted,0,None Noted,0,None Noted,760,Pedestrian Failed to Yield,0,Not a Cyclist,3,Not At Intersection,7,Not a Cyclist,3,Travel Lane,7,Not a Cyclist,8,Not Applicable,7,Not a Cyclist,8,Not Applicable,8,Not Applicable,8,Not Applicable,8,Not Applicable,750,Crossing Roadway - Vehicle Not Turning,0,Not a Cyclist
43,Puerto Rico,430166,0,1,52,52 Years,1,Male,5,Pedestrian,0,None Noted,0,None Noted,0,None Noted,590,Waiting to Cross - Vehicle Action Unknown,0,Not a Cyclist,3,Not At Intersection,7,Not a Cyclist,4,Paved Shoulder / Bicycle Lane / Parking Lane,7,Not a Cyclist,8,Not Applicable,7,Not a Cyclist,8,Not Applicable,8,Not Applicable,8,Not Applicable,8,Not Applicable,500,Waiting to Cross,0,Not a Cyclist
43,Puerto Rico,430168,0,1,73,73 Years,1,Male,5,Pedestrian,0,None Noted,0,None Noted,0,None Noted,770,Motorist Failed to Yield,0,Not a Cyclist,3,Not At Intersection,7,Not a Cyclist,3,Travel Lane,7,Not a Cyclist,8,Not Applicable,7,Not a Cyclist,8,Not Applicable,8,Not Applicable,8,Not Applicable,8,Not Applicable,750,Crossing Roadway - Vehicle Not Turning,0,Not a Cyclist
43,Puerto Rico,430176,0,1,62,62 Years,1,Male,5,Pedestrian,0,None Noted,0,None Noted,0,None Noted,770,Motorist Failed to Yield,0,Not a Cyclist,3,Not At Intersection,7,Not a Cyclist,3,Travel Lane,7,Not a Cyclist,8,Not Applicable,7,Not a Cyclist,8,Not Applicable,8,Not Applicable,8,Not Applicable,8,Not Applicable,750,Crossing Roadway - Vehicle Not Turning,0,Not a Cyclist
43,Puerto Rico,430177,0,1,55,55 Years,1,Male,5,Pedestrian,0,None Noted,0,None Noted,0,None Noted,430,Walking/Running Along Roadway Against Traffic - From Behind,0,Not a Cyclist,3,Not At Intersection,7,Not a Cyclist,4,Paved Shoulder / Bicycle Lane / Parking Lane,7,Not a Cyclist,8,Not Applicable,7,Not a Cyclist,8,Not Applicable,8,Not Applicable,8,Not Applicable,8,Not Applicable,400,Walking/Running Along Roadway,0,Not a Cyclist
43,Puerto Rico,430178,0,1,998,Not Reported,1,Male,5,Pedestrian,0,None Noted,0,None Noted,0,None Noted,770,Motorist Failed to Yield,0,Not a Cyclist,3,Not At Intersection,7,Not a Cyclist,3,Travel Lane,7,Not a Cyclist,8,Not Applicable,7,Not a Cyclist,8,Not Applicable,8,Not Applicable,8,Not Applicable,8,Not Applicable,750,Crossing Roadway - Vehicle Not Turning,0,Not a Cyclist
43,Puerto Rico,430179,0,1,91,91 Years,1,Male,5,Pedestrian,0,None Noted,0,None Noted,0,None Noted,770,Motorist Failed to Yield,0,Not a Cyclist,3,Not At Intersection,7,Not a Cyclist,3,Travel Lane,7,Not a Cyclist,8,Not Applicable,7,Not a Cyclist,8,Not Applicable,8,Not Applicable,8,Not Applicable,8,Not Applicable,750,Crossing Roadway - Vehicle Not Turning,0,Not a Cyclist
43,Puerto Rico,430187,0,1,71,71 Years,1,Male,5,Pedestrian,0,None Noted,0,None Noted,0,None Noted,760,Pedestrian Failed to Yield,0,Not a Cyclist,3,Not At Intersection,7,Not a Cyclist,3,Travel Lane,7,Not a Cyclist,8,Not Applicable,7,Not a Cyclist,8,Not Applicable,8,Not Applicable,8,Not Applicable,8,Not Applicable,750,Crossing Roadway - Vehicle Not Turning,0,Not a Cyclist
43,Puerto Rico,430192,0,1,38,38 Years,2,Female,5,Pedestrian,0,None Noted,0,None Noted,0,None Noted,430,Walking/Running Along Roadway Against Traffic - From Behind,0,Not a Cyclist,3,Not At Intersection,7,Not a Cyclist,4,Paved Shoulder / Bicycle Lane / Parking Lane,7,Not a Cyclist,8,Not Applicable,7,Not a Cyclist,8,Not Applicable,8,Not Applicable,8,Not Applicable,8,Not Applicable,400,Walking/Running Along Roadway,0,Not a Cyclist
43,Puerto Rico,430193,0,1,54,54 Years,1,Male,5,Pedestrian,0,None Noted,0,None Noted,0,None Noted,420,Walking/Running Along Roadway With Traffic - From Front,0,Not a Cyclist,3,Not At Intersection,7,Not a Cyclist,4,Paved Shoulder / Bicycle Lane / Parking Lane,7,Not a Cyclist,8,Not Applicable,7,Not a Cyclist,8,Not Applicable,8,Not Applicable,8,Not Applicable,8,Not Applicable,400,Walking/Running Along Roadway,0,Not a Cyclist
43,Puerto Rico,430193,0,2,54,54 Years,2,Female,5,Pedestrian,0,None Noted,0,None Noted,0,None Noted,420,Walking/Running Along Roadway With Traffic - From Front,0,Not a Cyclist,3,Not At Intersection,7,Not a Cyclist,4,Paved Shoulder / Bicycle Lane / Parking Lane,7,Not a Cyclist,8,Not Applicable,7,Not a Cyclist,8,Not Applicable,8,Not Applicable,8,Not Applicable,8,Not Applicable,400,Walking/Running Along Roadway,0,Not a Cyclist
43,Puerto Rico,430194,0,1,77,77 Years,1,Male,5,Pedestrian,0,None Noted,0,None Noted,0,None Noted,760,Pedestrian Failed to Yield,0,Not a Cyclist,3,Not At Intersection,7,Not a Cyclist,3,Travel Lane,7,Not a Cyclist,8,Not Applicable,7,Not a Cyclist,8,Not Applicable,8,Not Applicable,8,Not Applicable,8,Not Applicable,750,Crossing Roadway - Vehicle Not Turning,0,Not a Cyclist
43,Puerto Rico,430197,0,1,70,70 Years,1,Male,5,Pedestrian,0,None Noted,0,None Noted,0,None Noted,760,Pedestrian Failed to Yield,0,Not a Cyclist,3,Not At Intersection,7,Not a Cyclist,3,Travel Lane,7,Not a Cyclist,8,Not Applicable,7,Not a Cyclist,8,Not Applicable,8,Not Applicable,8,Not Applicable,8,Not Applicable,750,Crossing Roadway - Vehicle Not Turning,0,Not a Cyclist
43,Puerto Rico,430198,0,1,76,76 Years,2,Female,5,Pedestrian,1,Yes,0,None Noted,0,None Noted,690,At Intersection - Other / Unknown,0,Not a Cyclist,2,Intersection-Related,7,Not a Cyclist,3,Travel Lane,7,Not a Cyclist,4,Westbound,7,Not a Cyclist,1,Northbound,3,Straight through,1,Nearside,2b,"Motorist traveling straight through - Crash Occurred on Near (Approach) Side of Intersection / Pedestrian outside crosswalk area, traveled from motorists right.",990,Other / Unknown - Insufficient Details,0,Not a Cyclist
43,Puerto Rico,430199,0,1,18,18 Years,1,Male,12,Person on Non-Motorized Personal Conveyance,0,None Noted,0,None Noted,0,None Noted,420,Walking/Running Along Roadway With Traffic - From Front,0,Not a Cyclist,3,Not At Intersection,7,Not a Cyclist,3,Travel Lane,7,Not a Cyclist,8,Not Applicable,7,Not a Cyclist,8,Not Applicable,8,Not Applicable,8,Not Applicable,8,Not Applicable,400,Walking/Running Along Roadway,0,Not a Cyclist
43,Puerto Rico,430206,0,1,27,27 Years,1,Male,5,Pedestrian,1,Yes,0,None Noted,0,None Noted,760,Pedestrian Failed to Yield,0,Not a Cyclist,3,Not At Intersection,7,Not a Cyclist,3,Travel Lane,7,Not a Cyclist,8,Not Applicable,7,Not a Cyclist,8,Not Applicable,8,Not Applicable,8,Not Applicable,8,Not Applicable,750,Crossing Roadway - Vehicle Not Turning,0,Not a Cyclist
43,Puerto Rico,430214,0,1,998,Not Reported,1,Male,5,Pedestrian,1,Yes,0,None Noted,0,None Noted,760,Pedestrian Failed to Yield,0,Not a Cyclist,3,Not At Intersection,7,Not a Cyclist,3,Travel Lane,7,Not a Cyclist,8,Not Applicable,7,Not a Cyclist,8,Not Applicable,8,Not Applicable,8,Not Applicable,8,Not Applicable,750,Crossing Roadway - Vehicle Not Turning,0,Not a Cyclist
43,Puerto Rico,430217,0,1,998,Not Reported,2,Female,5,Pedestrian,0,None Noted,0,None Noted,0,None Noted,770,Motorist Failed to Yield,0,Not a Cyclist,3,Not At Intersection,7,Not a Cyclist,3,Travel Lane,7,Not a Cyclist,8,Not Applicable,7,Not a Cyclist,8,Not Applicable,8,Not Applicable,8,Not Applicable,8,Not Applicable,750,Crossing Roadway - Vehicle Not Turning,0,Not a Cyclist
43,Puerto Rico,430218,0,1,56,56 Years,1,Male,5,Pedestrian,0,None Noted,0,None Noted,0,None Noted,760,Pedestrian Failed to Yield,0,Not a Cyclist,3,Not At Intersection,7,Not a Cyclist,3,Travel Lane,7,Not a Cyclist,8,Not Applicable,7,Not a Cyclist,8,Not Applicable,8,Not Applicable,8,Not Applicable,8,Not Applicable,750,Crossing Roadway - Vehicle Not Turning,0,Not a Cyclist
43,Puerto Rico,430219,0,1,66,66 Years,1,Male,5,Pedestrian,0,None Noted,0,None Noted,0,None Noted,770,Motorist Failed to Yield,0,Not a Cyclist,3,Not At Intersection,7,Not a Cyclist,3,Travel Lane,7,Not a Cyclist,8,Not Applicable,7,Not a Cyclist,8,Not Applicable,8,Not Applicable,8,Not Applicable,8,Not Applicable,750,Crossing Roadway - Vehicle Not Turning,0,Not a Cyclist
43,Puerto Rico,430220,0,1,83,83 Years,2,Female,5,Pedestrian,0,None Noted,0,None Noted,0,None Noted,770,Motorist Failed to Yield,0,Not a Cyclist,3,Not At Intersection,7,Not a Cyclist,3,Travel Lane,7,Not a Cyclist,8,Not Applicable,7,Not a Cyclist,8,Not Applicable,8,Not Applicable,8,Not Applicable,8,Not Applicable,750,Crossing Roadway - Vehicle Not Turning,0,Not a Cyclist
43,Puerto Rico,430232,0,1,40,40 Years,1,Male,5,Pedestrian,0,None Noted,0,None Noted,0,None Noted,420,Walking/Running Along Roadway With Traffic - From Front,0,Not a Cyclist,3,Not At Intersection,7,Not a Cyclist,3,Travel Lane,7,Not a Cyclist,8,Not Applicable,7,Not a Cyclist,8,Not Applicable,8,Not Applicable,8,Not Applicable,8,Not Applicable,400,Walking/Running Along Roadway,0,Not a Cyclist
43,Puerto Rico,430241,0,1,87,87 Years,1,Male,5,Pedestrian,0,None Noted,0,None Noted,0,None Noted,770,Motorist Failed to Yield,0,Not a Cyclist,1,At Intersection,7,Not a Cyclist,1,Intersection Area,7,Not a Cyclist,4,Westbound,7,Not a Cyclist,1,Northbound,3,Straight through,1,Nearside,2b,"Motorist traveling straight through - Crash Occurred on Near (Approach) Side of Intersection / Pedestrian outside crosswalk area, traveled from motorists right.",750,Crossing Roadway - Vehicle Not Turning,0,Not a Cyclist
43,Puerto Rico,430243,0,1,57,57 Years,1,Male,5,Pedestrian,0,None Noted,0,None Noted,0,None Noted,770,Motorist Failed to Yield,0,Not a Cyclist,3,Not At Intersection,7,Not a Cyclist,3,Travel Lane,7,Not a Cyclist,8,Not Applicable,7,Not a Cyclist,8,Not Applicable,8,Not Applicable,8,Not Applicable,8,Not Applicable,750,Crossing Roadway - Vehicle Not Turning,0,Not a Cyclist
43,Puerto Rico,430248,0,1,53,53 Years,1,Male,6,Bicyclist,0,None Noted,0,None Noted,0,None Noted,0,Not a Pedestrian,970,Unknown Approach Paths,7,Not a Pedestrian,3,Not At Intersection,77,Not a Pedestrian,1,Travel Lane,7,Not a Pedestrian,1,With Traffic,7,Not a Pedestrian,7,Not a Pedestrian,7,Not a Pedestrian,7,Not a Pedestrian,0,Not a Pedestrian,990,Other / Unknown - Insufficient Details
43,Puerto Rico,430250,0,1,60,60 Years,1,Male,5,Pedestrian,0,None Noted,0,None Noted,0,None Noted,420,Walking/Running Along Roadway With Traffic - From Front,0,Not a Cyclist,3,Not At Intersection,7,Not a Cyclist,6,Unpaved Right-of-Way,7,Not a Cyclist,8,Not Applicable,7,Not a Cyclist,8,Not Applicable,8,Not Applicable,8,Not Applicable,8,Not Applicable,400,Walking/Running Along Roadway,0,Not a Cyclist
43,Puerto Rico,430258,0,1,49,49 Years,1,Male,5,Pedestrian,0,None Noted,0,None Noted,0,None Noted,770,Motorist Failed to Yield,0,Not a Cyclist,3,Not At Intersection,7,Not a Cyclist,3,Travel Lane,7,Not a Cyclist,8,Not Applicable,7,Not a Cyclist,8,Not Applicable,8,Not Applicable,8,Not Applicable,8,Not Applicable,750,Crossing Roadway - Vehicle Not Turning,0,Not a Cyclist
43,Puerto Rico,430261,0,1,42,42 Years,2,Female,5,Pedestrian,0,None Noted,0,None Noted,0,None Noted,430,Walking/Running Along Roadway Against Traffic - From Behind,0,Not a Cyclist,3,Not At Intersection,7,Not a Cyclist,3,Travel Lane,7,Not a Cyclist,8,Not Applicable,7,Not a Cyclist,8,Not Applicable,8,Not Applicable,8,Not Applicable,8,Not Applicable,400,Walking/Running Along Roadway,0,Not a Cyclist
43,Puerto Rico,430264,0,1,76,76 Years,1,Male,5,Pedestrian,0,None Noted,0,None Noted,0,None Noted,420,Walking/Running Along Roadway With Traffic - From Front,0,Not a Cyclist,3,Not At Intersection,7,Not a Cyclist,3,Travel Lane,7,Not a Cyclist,8,Not Applicable,7,Not a Cyclist,8,Not Applicable,8,Not Applicable,8,Not Applicable,8,Not Applicable,400,Walking/Running Along Roadway,0,Not a Cyclist
43,Puerto Rico,430266,0,1,36,36 Years,1,Male,11,Person on Motorized Personal Conveyance,0,None Noted,0,None Noted,0,None Noted,690,At Intersection - Other / Unknown,0,Not a Cyclist,1,At Intersection,7,Not a Cyclist,1,Intersection Area,7,Not a Cyclist,4,Westbound,7,Not a Cyclist,1,Northbound,3,Straight through,1,Nearside,2b,"Motorist traveling straight through - Crash Occurred on Near (Approach) Side of Intersection / Pedestrian outside crosswalk area, traveled from motorists right.",990,Other / Unknown - Insufficient Details,0,Not a Cyclist
43,Puerto Rico,430266,0,2,16,16 Years,1,Male,11,Person on Motorized Personal Conveyance,0,None Noted,0,None Noted,0,None Noted,690,At Intersection - Other / Unknown,0,Not a Cyclist,1,At Intersection,7,Not a Cyclist,1,Intersection Area,7,Not a Cyclist,4,Westbound,7,Not a Cyclist,1,Northbound,3,Straight through,1,Nearside,2b,"Motorist traveling straight through - Crash Occurred on Near (Approach) Side of Intersection / Pedestrian outside crosswalk area, traveled from motorists right.",990,Other / Unknown - Insufficient Details,0,Not a Cyclist
43,Puerto Rico,430268,0,1,76,76 Years,1,Male,6,Bicyclist,0,None Noted,0,None Noted,0,None Noted,0,Not a Pedestrian,280,Parallel Paths - Other / Unknown,7,Not a Pedestrian,3,Not At Intersection,77,Not a Pedestrian,1,Travel Lane,7,Not a Pedestrian,1,With Traffic,7,Not a Pedestrian,7,Not a Pedestrian,7,Not a Pedestrian,7,Not a Pedestrian,0,Not a Pedestrian,290,Parallel Paths - Other Circumstances
43,Puerto Rico,430269,0,1,57,57 Years,1,Male,5,Pedestrian,0,None Noted,0,None Noted,0,None Noted,770,Motorist Failed to Yield,0,Not a Cyclist,3,Not At Intersection,7,Not a Cyclist,3,Travel Lane,7,Not a Cyclist,8,Not Applicable,7,Not a Cyclist,8,Not Applicable,8,Not Applicable,8,Not Applicable,8,Not Applicable,750,Crossing Roadway - Vehicle Not Turning,0,Not a Cyclist
43,Puerto Rico,430277,0,1,58,58 Years,1,Male,6,Bicyclist,0,None Noted,0,None Noted,0,None Noted,0,Not a Pedestrian,280,Parallel Paths - Other / Unknown,7,Not a Pedestrian,3,Not At Intersection,77,Not a Pedestrian,1,Travel Lane,7,Not a Pedestrian,1,With Traffic,7,Not a Pedestrian,7,Not a Pedestrian,7,Not a Pedestrian,7,Not a Pedestrian,0,Not a Pedestrian,290,Parallel Paths - Other Circumstances
43,Puerto Rico,430282,0,1,64,64 Years,1,Male,5,Pedestrian,0,None Noted,0,None Noted,0,None Noted,420,Walking/Running Along Roadway With Traffic - From Front,0,Not a Cyclist,3,Not At Intersection,7,Not a Cyclist,3,Travel Lane,7,Not a Cyclist,8,Not Applicable,7,Not a Cyclist,8,Not Applicable,8,Not Applicable,8,Not Applicable,8,Not Applicable,400,Walking/Running Along Roadway,0,Not a Cyclist
43,Puerto Rico,430283,0,1,83,83 Years,2,Female,5,Pedestrian,0,None Noted,0,None Noted,0,None Noted,760,Pedestrian Failed to Yield,0,Not a Cyclist,3,Not At Intersection,7,Not a Cyclist,3,Travel Lane,7,Not a Cyclist,8,Not Applicable,7,Not a Cyclist,8,Not Applicable,8,Not Applicable,8,Not Applicable,8,Not Applicable,750,Crossing Roadway - Vehicle Not Turning,0,Not a Cyclist
43,Puerto Rico,430284,0,1,72,72 Years,1,Male,5,Pedestrian,0,None Noted,0,None Noted,0,None Noted,770,Motorist Failed to Yield,0,Not a Cyclist,3,Not At Intersection,7,Not a Cyclist,3,Travel Lane,7,Not a Cyclist,8,Not Applicable,7,Not a Cyclist,8,Not Applicable,8,Not Applicable,8,Not Applicable,8,Not Applicable,750,Crossing Roadway - Vehicle Not Turning,0,Not a Cyclist
43,Puerto Rico,430286,0,1,42,42 Years,1,Male,5,Pedestrian,0,None Noted,0,None Noted,0,None Noted,770,Motorist Failed to Yield,0,Not a Cyclist,1,At Intersection,7,Not a Cyclist,1,Intersection Area,7,Not a Cyclist,9,Not Derived/Unknown Initial Direction of Travel,7,Not a Cyclist,1,Northbound,3,Straight through,1,Nearside,2c,"Motorist traveling straight through - Crash Occurred on Near (Approach) Side of Intersection / Pedestrian outside crosswalk area, approach direction unknown.",750,Crossing Roadway - Vehicle Not Turning,0,Not a Cyclist
43,Puerto Rico,430290,0,1,41,41 Years,1,Male,6,Bicyclist,0,None Noted,0,None Noted,0,None Noted,0,Not a Pedestrian,280,Parallel Paths - Other / Unknown,7,Not a Pedestrian,3,Not At Intersection,77,Not a Pedestrian,1,Travel Lane,7,Not a Pedestrian,1,With Traffic,7,Not a Pedestrian,7,Not a Pedestrian,7,Not a Pedestrian,7,Not a Pedestrian,0,Not a Pedestrian,290,Parallel Paths - Other Circumstances
43,Puerto Rico,430291,0,1,55,55 Years,1,Male,5,Pedestrian,0,None Noted,0,None Noted,0,None Noted,420,Walking/Running Along Roadway With Traffic - From Front,0,Not a Cyclist,3,Not At Intersection,7,Not a Cyclist,3,Travel Lane,7,Not a Cyclist,8,Not Applicable,7,Not a Cyclist,8,Not Applicable,8,Not Applicable,8,Not Applicable,8,Not Applicable,400,Walking/Running Along Roadway,0,Not a Cyclist
43,Puerto Rico,430294,0,1,37,37 Years,1,Male,6,Bicyclist,0,None Noted,0,None Noted,0,None Noted,0,Not a Pedestrian,280,Parallel Paths - Other / Unknown,7,Not a Pedestrian,3,Not At Intersection,77,Not a Pedestrian,1,Travel Lane,7,Not a Pedestrian,1,With Traffic,7,Not a Pedestrian,7,Not a Pedestrian,7,Not a Pedestrian,7,Not a Pedestrian,0,Not a Pedestrian,290,Parallel Paths - Other Circumstances
43,Puerto Rico,430296,0,1,76,76 Years,1,Male,5,Pedestrian,0,None Noted,0,None Noted,0,None Noted,690,At Intersection - Other / Unknown,0,Not a Cyclist,1,At Intersection,7,Not a Cyclist,1,Intersection Area,7,Not a Cyclist,4,Westbound,7,Not a Cyclist,1,Northbound,3,Straight through,1,Nearside,2b,"Motorist traveling straight through - Crash Occurred on Near (Approach) Side of Intersection / Pedestrian outside crosswalk area, traveled from motorists right.",990,Other / Unknown - Insufficient Details,0,Not a Cyclist
43,Puerto Rico,430297,0,1,83,83 Years,2,Female,5,Pedestrian,0,None Noted,0,None Noted,0,None Noted,760,Pedestrian Failed to Yield,0,Not a Cyclist,1,At Intersection,7,Not a Cyclist,1,Intersection Area,7,Not a Cyclist,4,Westbound,7,Not a Cyclist,1,Northbound,3,Straight through,1,Nearside,2b,"Motorist traveling straight through - Crash Occurred on Near (Approach) Side of Intersection / Pedestrian outside crosswalk area, traveled from motorists right.",750,Crossing Roadway - Vehicle Not Turning,0,Not a Cyclist
43,Puerto Rico,430301,0,1,69,69 Years,1,Male,5,Pedestrian,0,None Noted,0,None Noted,0,None Noted,420,Walking/Running Along Roadway With Traffic - From Front,0,Not a Cyclist,3,Not At Intersection,7,Not a Cyclist,3,Travel Lane,7,Not a Cyclist,8,Not Applicable,7,Not a Cyclist,8,Not Applicable,8,Not Applicable,8,Not Applicable,8,Not Applicable,400,Walking/Running Along Roadway,0,Not a Cyclist
43,Puerto Rico,430302,0,1,53,53 Years,1,Male,5,Pedestrian,0,None Noted,0,None Noted,0,None Noted,760,Pedestrian Failed to Yield,0,Not a Cyclist,3,Not At Intersection,7,Not a Cyclist,3,Travel Lane,7,Not a Cyclist,8,Not Applicable,7,Not a Cyclist,8,Not Applicable,8,Not Applicable,8,Not Applicable,8,Not Applicable,750,Crossing Roadway - Vehicle Not Turning,0,Not a Cyclist
43,Puerto Rico,430303,0,1,40,40 Years,1,Male,5,Pedestrian,0,None Noted,0,None Noted,0,None Noted,760,Pedestrian Failed to Yield,0,Not a Cyclist,3,Not At Intersection,7,Not a Cyclist,3,Travel Lane,7,Not a Cyclist,8,Not Applicable,7,Not a Cyclist,8,Not Applicable,8,Not Applicable,8,Not Applicable,8,Not Applicable,750,Crossing Roadway - Vehicle Not Turning,0,Not a Cyclist
43,Puerto Rico,430304,0,1,62,62 Years,1,Male,5,Pedestrian,0,None Noted,0,None Noted,0,None Noted,760,Pedestrian Failed to Yield,0,Not a Cyclist,3,Not At Intersection,7,Not a Cyclist,3,Travel Lane,7,Not a Cyclist,8,Not Applicable,7,Not a Cyclist,8,Not Applicable,8,Not Applicable,8,Not Applicable,8,Not Applicable,750,Crossing Roadway - Vehicle Not Turning,0,Not a Cyclist
43,Puerto Rico,430305,0,1,56,56 Years,1,Male,5,Pedestrian,0,None Noted,0,None Noted,0,None Noted,430,Walking/Running Along Roadway Against Traffic - From Behind,0,Not a Cyclist,3,Not At Intersection,7,Not a Cyclist,3,Travel Lane,7,Not a Cyclist,8,Not Applicable,7,Not a Cyclist,8,Not Applicable,8,Not Applicable,8,Not Applicable,8,Not Applicable,400,Walking/Running Along Roadway,0,Not a Cyclist
43,Puerto Rico,430306,0,1,62,62 Years,1,Male,5,Pedestrian,0,None Noted,0,None Noted,0,None Noted,760,Pedestrian Failed to Yield,0,Not a Cyclist,3,Not At Intersection,7,Not a Cyclist,3,Travel Lane,7,Not a Cyclist,8,Not Applicable,7,Not a Cyclist,8,Not Applicable,8,Not Applicable,8,Not Applicable,8,Not Applicable,750,Crossing Roadway - Vehicle Not Turning,0,Not a Cyclist
43,Puerto Rico,430307,0,1,31,31 Years,1,Male,5,Pedestrian,0,None Noted,0,None Noted,0,None Noted,760,Pedestrian Failed to Yield,0,Not a Cyclist,3,Not At Intersection,7,Not a Cyclist,3,Travel Lane,7,Not a Cyclist,8,Not Applicable,7,Not a Cyclist,8,Not Applicable,8,Not Applicable,8,Not Applicable,8,Not Applicable,750,Crossing Roadway - Vehicle Not Turning,0,Not a Cyclist
43,Puerto Rico,430308,0,1,50,50 Years,1,Male,5,Pedestrian,0,None Noted,0,None Noted,0,None Noted,420,Walking/Running Along Roadway With Traffic - From Front,0,Not a Cyclist,3,Not At Intersection,7,Not a Cyclist,3,Travel Lane,7,Not a Cyclist,8,Not Applicable,7,Not a Cyclist,8,Not Applicable,8,Not Applicable,8,Not Applicable,8,Not Applicable,400,Walking/Running Along Roadway,0,Not a Cyclist
43,Puerto Rico,430309,0,1,36,36 Years,1,Male,5,Pedestrian,0,None Noted,0,None Noted,0,None Noted,311,Working in Roadway,0,Not a Cyclist,3,Not At Intersection,7,Not a Cyclist,3,Travel Lane,7,Not a Cyclist,8,Not Applicable,7,Not a Cyclist,8,Not Applicable,8,Not Applicable,8,Not Applicable,8,Not Applicable,310,Working or Playing in Roadway,0,Not a Cyclist
43,Puerto Rico,430310,0,1,60,60 Years,2,Female,5,Pedestrian,0,None Noted,0,None Noted,0,None Noted,760,Pedestrian Failed to Yield,0,Not a Cyclist,3,Not At Intersection,7,Not a Cyclist,3,Travel Lane,7,Not a Cyclist,8,Not Applicable,7,Not a Cyclist,8,Not Applicable,8,Not Applicable,8,Not Applicable,8,Not Applicable,750,Crossing Roadway - Vehicle Not Turning,0,Not a Cyclist
43,Puerto Rico,430311,0,1,47,47 Years,2,Female,5,Pedestrian,0,None Noted,0,None Noted,0,None Noted,760,Pedestrian Failed to Yield,0,Not a Cyclist,3,Not At Intersection,7,Not a Cyclist,3,Travel Lane,7,Not a Cyclist,8,Not Applicable,7,Not a Cyclist,8,Not Applicable,8,Not Applicable,8,Not Applicable,8,Not Applicable,750,Crossing Roadway - Vehicle Not Turning,0,Not a Cyclist
43,Puerto Rico,430313,0,1,75,75 Years,1,Male,5,Pedestrian,0,None Noted,0,None Noted,0,None Noted,770,Motorist Failed to Yield,0,Not a Cyclist,3,Not At Intersection,7,Not a Cyclist,3,Travel Lane,7,Not a Cyclist,8,Not Applicable,7,Not a Cyclist,8,Not Applicable,8,Not Applicable,8,Not Applicable,8,Not Applicable,750,Crossing Roadway - Vehicle Not Turning,0,Not a Cyclist
43,Puerto Rico,430318,0,1,54,54 Years,1,Male,5,Pedestrian,0,None Noted,0,None Noted,0,None Noted,770,Motorist Failed to Yield,0,Not a Cyclist,3,Not At Intersection,7,Not a Cyclist,3,Travel Lane,7,Not a Cyclist,8,Not Applicable,7,Not a Cyclist,8,Not Applicable,8,Not Applicable,8,Not Applicable,8,Not Applicable,750,Crossing Roadway - Vehicle Not Turning,0,Not a Cyclist
43,Puerto Rico,430324,0,1,80,80 Years,1,Male,5,Pedestrian,0,None Noted,0,None Noted,0,None Noted,760,Pedestrian Failed to Yield,0,Not a Cyclist,3,Not At Intersection,7,Not a Cyclist,3,Travel Lane,7,Not a Cyclist,8,Not Applicable,7,Not a Cyclist,8,Not Applicable,8,Not Applicable,8,Not Applicable,8,Not Applicable,750,Crossing Roadway - Vehicle Not Turning,0,Not a Cyclist
43,Puerto Rico,430325,0,1,22,22 Years,1,Male,5,Pedestrian,0,None Noted,0,None Noted,0,None Noted,741,"Dash - Run, No Visual Obstruction Noted",0,Not a Cyclist,3,Not At Intersection,7,Not a Cyclist,3,Travel Lane,7,Not a Cyclist,8,Not Applicable,7,Not a Cyclist,8,Not Applicable,8,Not Applicable,8,Not Applicable,8,Not Applicable,740,"Dash  Run, No Visual Obstruction Noted / Dart-Out  Visual Obstruction Noted",0,Not a Cyclist
43,Puerto Rico,430326,0,1,54,54 Years,1,Male,5,Pedestrian,0,None Noted,0,None Noted,0,None Noted,770,Motorist Failed to Yield,0,Not a Cyclist,1,At Intersection,7,Not a Cyclist,1,Intersection Area,7,Not a Cyclist,9,Not Derived/Unknown Initial Direction of Travel,7,Not a Cyclist,1,Northbound,3,Straight through,1,Nearside,2c,"Motorist traveling straight through - Crash Occurred on Near (Approach) Side of Intersection / Pedestrian outside crosswalk area, approach direction unknown.",750,Crossing Roadway - Vehicle Not Turning,0,Not a Cyclist
43,Puerto Rico,430329,0,1,21,21 Years,1,Male,5,Pedestrian,0,None Noted,0,None Noted,0,None Noted,770,Motorist Failed to Yield,0,Not a Cyclist,3,Not At Intersection,7,Not a Cyclist,3,Travel Lane,7,Not a Cyclist,8,Not Applicable,7,Not a Cyclist,8,Not Applicable,8,Not Applicable,8,Not Applicable,8,Not Applicable,750,Crossing Roadway - Vehicle Not Turning,0,Not a Cyclist
43,Puerto Rico,430331,0,1,57,57 Years,2,Female,5,Pedestrian,0,None Noted,0,None Noted,0,None Noted,770,Motorist Failed to Yield,0,Not a Cyclist,3,Not At Intersection,7,Not a Cyclist,3,Travel Lane,7,Not a Cyclist,8,Not Applicable,7,Not a Cyclist,8,Not Applicable,8,Not Applicable,8,Not Applicable,8,Not Applicable,750,Crossing Roadway - Vehicle Not Turning,0,Not a Cyclist
