STATE,STATENAME,ST_CASE,VEH_NO,PER_NO,RACE,RACENAME,ORDER,ORDERNAME,MULTRACE,MULTRACENAME
43,Puerto Rico,430001,1,1,0,Not a Fatality (not applicable),1,1,0,No
43,Puerto Rico,430001,2,1,1,White,1,1,0,No
43,Puerto Rico,430002,1,1,1,White,1,1,0,No
43,Puerto Rico,430003,1,1,1,White,1,1,0,No
43,Puerto Rico,430003,2,1,0,Not a Fatality (not applicable),1,1,0,No
43,Puerto Rico,430004,0,1,1,White,1,1,0,No
43,Puerto Rico,430004,0,2,0,Not a Fatality (not applicable),1,1,0,No
43,Puerto Rico,430004,1,1,0,Not a Fatality (not applicable),1,1,0,No
43,Puerto Rico,430005,0,1,1,White,1,1,0,No
43,Puerto Rico,430005,1,1,0,Not a Fatality (not applicable),1,1,0,No
43,Puerto Rico,430006,0,1,1,White,1,1,0,No
43,Puerto Rico,430006,1,1,0,Not a Fatality (not applicable),1,1,0,No
43,Puerto Rico,430006,2,1,0,Not a Fatality (not applicable),1,1,0,No
43,Puerto Rico,430007,1,1,1,White,1,1,0,No
43,Puerto Rico,430007,2,1,0,Not a Fatality (not applicable),1,1,0,No
43,Puerto Rico,430008,1,1,0,Not a Fatality (not applicable),1,1,0,No
43,Puerto Rico,430008,2,1,1,White,1,1,0,No
43,Puerto Rico,430009,0,1,1,White,1,1,0,No
43,Puerto Rico,430009,1,1,0,Not a Fatality (not applicable),1,1,0,No
43,Puerto Rico,430010,0,1,1,White,1,1,0,No
43,Puerto Rico,430010,1,1,0,Not a Fatality (not applicable),1,1,0,No
43,Puerto Rico,430011,0,1,1,White,1,1,0,No
43,Puerto Rico,430011,1,1,0,Not a Fatality (not applicable),1,1,0,No
43,Puerto Rico,430012,0,1,1,White,1,1,0,No
43,Puerto Rico,430012,1,1,0,Not a Fatality (not applicable),1,1,0,No
43,Puerto Rico,430013,1,1,1,White,1,1,0,No
43,Puerto Rico,430014,1,1,1,White,1,1,0,No
43,Puerto Rico,430014,1,2,0,Not a Fatality (not applicable),1,1,0,No
43,Puerto Rico,430015,1,1,0,Not a Fatality (not applicable),1,1,0,No
43,Puerto Rico,430015,2,1,1,White,1,1,0,No
43,Puerto Rico,430016,1,1,1,White,1,1,0,No
43,Puerto Rico,430017,1,1,1,White,1,1,0,No
43,Puerto Rico,430017,1,2,0,Not a Fatality (not applicable),1,1,0,No
43,Puerto Rico,430017,1,3,0,Not a Fatality (not applicable),1,1,0,No
43,Puerto Rico,430017,2,1,0,Not a Fatality (not applicable),1,1,0,No
43,Puerto Rico,430018,0,1,1,White,1,1,0,No
43,Puerto Rico,430018,1,1,0,Not a Fatality (not applicable),1,1,0,No
43,Puerto Rico,430018,1,2,0,Not a Fatality (not applicable),1,1,0,No
43,Puerto Rico,430019,1,1,1,White,1,1,0,No
43,Puerto Rico,430019,2,1,0,Not a Fatality (not applicable),1,1,0,No
43,Puerto Rico,430020,1,1,1,White,1,1,0,No
43,Puerto Rico,430021,1,1,1,White,1,1,0,No
43,Puerto Rico,430022,0,1,1,White,1,1,0,No
43,Puerto Rico,430022,1,1,0,Not a Fatality (not applicable),1,1,0,No
43,Puerto Rico,430023,1,1,1,White,1,1,0,No
43,Puerto Rico,430024,1,1,1,White,1,1,0,No
43,Puerto Rico,430025,0,1,1,White,1,1,0,No
43,Puerto Rico,430025,1,1,0,Not a Fatality (not applicable),1,1,0,No
43,Puerto Rico,430026,0,1,1,White,1,1,0,No
43,Puerto Rico,430026,1,1,0,Not a Fatality (not applicable),1,1,0,No
43,Puerto Rico,430026,1,2,0,Not a Fatality (not applicable),1,1,0,No
43,Puerto Rico,430027,1,1,1,White,1,1,0,No
43,Puerto Rico,430027,2,1,0,Not a Fatality (not applicable),1,1,0,No
43,Puerto Rico,430027,2,2,0,Not a Fatality (not applicable),1,1,0,No
43,Puerto Rico,430027,3,1,0,Not a Fatality (not applicable),1,1,0,No
43,Puerto Rico,430027,3,2,0,Not a Fatality (not applicable),1,1,0,No
43,Puerto Rico,430028,0,1,1,White,1,1,0,No
43,Puerto Rico,430028,1,1,0,Not a Fatality (not applicable),1,1,0,No
43,Puerto Rico,430029,0,1,1,White,1,1,0,No
43,Puerto Rico,430029,1,1,0,Not a Fatality (not applicable),1,1,0,No
43,Puerto Rico,430029,1,2,0,Not a Fatality (not applicable),1,1,0,No
43,Puerto Rico,430030,1,1,1,White,1,1,0,No
43,Puerto Rico,430031,1,1,0,Not a Fatality (not applicable),1,1,0,No
43,Puerto Rico,430031,1,2,0,Not a Fatality (not applicable),1,1,0,No
43,Puerto Rico,430031,2,1,1,White,1,1,0,No
43,Puerto Rico,430032,1,1,0,Not a Fatality (not applicable),1,1,0,No
43,Puerto Rico,430032,2,1,1,White,1,1,0,No
43,Puerto Rico,430033,1,1,0,Not a Fatality (not applicable),1,1,0,No
43,Puerto Rico,430033,1,2,1,White,1,1,0,No
43,Puerto Rico,430033,1,3,0,Not a Fatality (not applicable),1,1,0,No
43,Puerto Rico,430034,1,1,0,Not a Fatality (not applicable),1,1,0,No
43,Puerto Rico,430034,1,2,1,White,1,1,0,No
43,Puerto Rico,430034,2,1,0,Not a Fatality (not applicable),1,1,0,No
43,Puerto Rico,430035,1,1,1,White,1,1,0,No
43,Puerto Rico,430036,0,1,1,White,1,1,0,No
43,Puerto Rico,430036,1,1,0,Not a Fatality (not applicable),1,1,0,No
43,Puerto Rico,430036,1,2,0,Not a Fatality (not applicable),1,1,0,No
43,Puerto Rico,430037,1,1,1,White,1,1,0,No
43,Puerto Rico,430038,1,1,0,Not a Fatality (not applicable),1,1,0,No
43,Puerto Rico,430038,1,2,1,White,1,1,0,No
43,Puerto Rico,430039,1,1,0,Not a Fatality (not applicable),1,1,0,No
43,Puerto Rico,430039,2,1,1,White,1,1,0,No
43,Puerto Rico,430040,0,1,1,White,1,1,0,No
43,Puerto Rico,430040,0,2,0,Not a Fatality (not applicable),1,1,0,No
43,Puerto Rico,430040,1,1,0,Not a Fatality (not applicable),1,1,0,No
43,Puerto Rico,430041,1,1,1,White,1,1,0,No
43,Puerto Rico,430042,0,1,1,White,1,1,0,No
43,Puerto Rico,430042,1,1,0,Not a Fatality (not applicable),1,1,0,No
43,Puerto Rico,430043,1,1,1,White,1,1,0,No
43,Puerto Rico,430044,0,1,1,White,1,1,0,No
43,Puerto Rico,430044,1,1,0,Not a Fatality (not applicable),1,1,0,No
43,Puerto Rico,430045,1,1,1,White,1,1,0,No
43,Puerto Rico,430046,0,1,1,White,1,1,0,No
43,Puerto Rico,430046,0,2,0,Not a Fatality (not applicable),1,1,0,No
43,Puerto Rico,430046,0,3,0,Not a Fatality (not applicable),1,1,0,No
43,Puerto Rico,430046,0,4,0,Not a Fatality (not applicable),1,1,0,No
43,Puerto Rico,430046,1,1,0,Not a Fatality (not applicable),1,1,0,No
43,Puerto Rico,430047,1,1,0,Not a Fatality (not applicable),1,1,0,No
43,Puerto Rico,430047,1,2,1,White,1,1,0,No
43,Puerto Rico,430047,2,1,0,Not a Fatality (not applicable),1,1,0,No
43,Puerto Rico,430048,0,1,1,White,1,1,0,No
43,Puerto Rico,430048,1,1,0,Not a Fatality (not applicable),1,1,0,No
43,Puerto Rico,430049,0,1,1,White,1,1,0,No
43,Puerto Rico,430049,1,1,0,Not a Fatality (not applicable),1,1,0,No
43,Puerto Rico,430049,1,2,0,Not a Fatality (not applicable),1,1,0,No
43,Puerto Rico,430050,1,1,1,White,1,1,0,No
43,Puerto Rico,430051,1,1,1,White,1,1,0,No
43,Puerto Rico,430052,1,1,0,Not a Fatality (not applicable),1,1,0,No
43,Puerto Rico,430052,2,1,1,White,1,1,0,No
43,Puerto Rico,430052,2,2,0,Not a Fatality (not applicable),1,1,0,No
43,Puerto Rico,430053,1,1,1,White,1,1,0,No
43,Puerto Rico,430053,2,1,0,Not a Fatality (not applicable),1,1,0,No
43,Puerto Rico,430054,1,1,1,White,1,1,0,No
43,Puerto Rico,430055,0,1,1,White,1,1,0,No
43,Puerto Rico,430055,1,1,0,Not a Fatality (not applicable),1,1,0,No
43,Puerto Rico,430056,0,1,1,White,1,1,0,No
43,Puerto Rico,430056,1,1,0,Not a Fatality (not applicable),1,1,0,No
43,Puerto Rico,430057,0,1,1,White,1,1,0,No
43,Puerto Rico,430057,0,2,0,Not a Fatality (not applicable),1,1,0,No
43,Puerto Rico,430057,0,3,0,Not a Fatality (not applicable),1,1,0,No
43,Puerto Rico,430057,1,1,0,Not a Fatality (not applicable),1,1,0,No
43,Puerto Rico,430058,1,1,1,White,1,1,0,No
43,Puerto Rico,430058,1,2,0,Not a Fatality (not applicable),1,1,0,No
43,Puerto Rico,430058,1,3,0,Not a Fatality (not applicable),1,1,0,No
43,Puerto Rico,430059,1,1,1,White,1,1,0,No
43,Puerto Rico,430060,1,1,1,White,1,1,0,No
43,Puerto Rico,430060,2,1,0,Not a Fatality (not applicable),1,1,0,No
43,Puerto Rico,430060,2,2,0,Not a Fatality (not applicable),1,1,0,No
43,Puerto Rico,430061,0,1,1,White,1,1,0,No
43,Puerto Rico,430061,0,2,0,Not a Fatality (not applicable),1,1,0,No
43,Puerto Rico,430061,0,3,0,Not a Fatality (not applicable),1,1,0,No
43,Puerto Rico,430061,1,1,0,Not a Fatality (not applicable),1,1,0,No
43,Puerto Rico,430062,1,1,1,White,1,1,0,No
43,Puerto Rico,430062,1,2,0,Not a Fatality (not applicable),1,1,0,No
43,Puerto Rico,430062,2,1,0,Not a Fatality (not applicable),1,1,0,No
43,Puerto Rico,430063,1,1,1,White,1,1,0,No
43,Puerto Rico,430065,1,1,1,White,1,1,0,No
43,Puerto Rico,430066,1,1,0,Not a Fatality (not applicable),1,1,0,No
43,Puerto Rico,430066,2,1,1,White,1,1,0,No
43,Puerto Rico,430066,2,2,0,Not a Fatality (not applicable),1,1,0,No
43,Puerto Rico,430067,1,1,0,Not a Fatality (not applicable),1,1,0,No
43,Puerto Rico,430067,1,2,1,White,1,1,0,No
43,Puerto Rico,430067,2,1,0,Not a Fatality (not applicable),1,1,0,No
43,Puerto Rico,430068,1,1,1,White,1,1,0,No
43,Puerto Rico,430069,1,1,0,Not a Fatality (not applicable),1,1,0,No
43,Puerto Rico,430069,2,1,1,White,1,1,0,No
43,Puerto Rico,430070,1,1,0,Not a Fatality (not applicable),1,1,0,No
43,Puerto Rico,430070,1,2,1,White,1,1,0,No
43,Puerto Rico,430070,2,1,0,Not a Fatality (not applicable),1,1,0,No
43,Puerto Rico,430071,1,1,1,White,1,1,0,No
43,Puerto Rico,430071,2,1,0,Not a Fatality (not applicable),1,1,0,No
43,Puerto Rico,430072,1,1,1,White,1,1,0,No
43,Puerto Rico,430073,1,1,1,White,1,1,0,No
43,Puerto Rico,430074,0,1,1,White,1,1,0,No
43,Puerto Rico,430074,1,1,0,Not a Fatality (not applicable),1,1,0,No
43,Puerto Rico,430075,1,1,1,White,1,1,0,No
43,Puerto Rico,430076,1,1,0,Not a Fatality (not applicable),1,1,0,No
43,Puerto Rico,430076,1,2,0,Not a Fatality (not applicable),1,1,0,No
43,Puerto Rico,430076,2,1,1,White,1,1,0,No
43,Puerto Rico,430076,3,1,0,Not a Fatality (not applicable),1,1,0,No
43,Puerto Rico,430077,0,1,1,White,1,1,0,No
43,Puerto Rico,430077,1,1,0,Not a Fatality (not applicable),1,1,0,No
43,Puerto Rico,430078,0,1,1,White,1,1,0,No
43,Puerto Rico,430078,1,1,0,Not a Fatality (not applicable),1,1,0,No
43,Puerto Rico,430079,1,1,1,White,1,1,0,No
43,Puerto Rico,430079,1,2,0,Not a Fatality (not applicable),1,1,0,No
43,Puerto Rico,430080,1,1,1,White,1,1,0,No
43,Puerto Rico,430081,1,1,1,White,1,1,0,No
43,Puerto Rico,430081,2,1,0,Not a Fatality (not applicable),1,1,0,No
43,Puerto Rico,430081,2,2,0,Not a Fatality (not applicable),1,1,0,No
43,Puerto Rico,430082,0,1,1,White,1,1,0,No
43,Puerto Rico,430082,1,1,0,Not a Fatality (not applicable),1,1,0,No
43,Puerto Rico,430083,1,1,1,White,1,1,0,No
43,Puerto Rico,430084,1,1,1,White,1,1,0,No
43,Puerto Rico,430085,1,1,1,White,1,1,0,No
43,Puerto Rico,430086,1,1,1,White,1,1,0,No
43,Puerto Rico,430086,2,1,0,Not a Fatality (not applicable),1,1,0,No
43,Puerto Rico,430086,2,2,0,Not a Fatality (not applicable),1,1,0,No
43,Puerto Rico,430087,1,1,1,White,1,1,0,No
43,Puerto Rico,430087,2,1,0,Not a Fatality (not applicable),1,1,0,No
43,Puerto Rico,430088,1,1,1,White,1,1,0,No
43,Puerto Rico,430089,1,1,1,White,1,1,0,No
43,Puerto Rico,430090,0,1,1,White,1,1,0,No
43,Puerto Rico,430090,1,1,0,Not a Fatality (not applicable),1,1,0,No
43,Puerto Rico,430091,1,1,0,Not a Fatality (not applicable),1,1,0,No
43,Puerto Rico,430091,1,2,1,White,1,1,0,No
43,Puerto Rico,430091,1,3,0,Not a Fatality (not applicable),1,1,0,No
43,Puerto Rico,430091,2,1,0,Not a Fatality (not applicable),1,1,0,No
43,Puerto Rico,430092,1,1,0,Not a Fatality (not applicable),1,1,0,No
43,Puerto Rico,430092,1,2,1,White,1,1,0,No
43,Puerto Rico,430092,2,1,0,Not a Fatality (not applicable),1,1,0,No
43,Puerto Rico,430093,1,1,1,White,1,1,0,No
43,Puerto Rico,430093,2,1,0,Not a Fatality (not applicable),1,1,0,No
43,Puerto Rico,430094,1,1,0,Not a Fatality (not applicable),1,1,0,No
43,Puerto Rico,430094,1,2,1,White,1,1,0,No
43,Puerto Rico,430094,2,1,0,Not a Fatality (not applicable),1,1,0,No
43,Puerto Rico,430094,2,2,0,Not a Fatality (not applicable),1,1,0,No
43,Puerto Rico,430095,0,1,1,White,1,1,0,No
43,Puerto Rico,430095,1,1,0,Not a Fatality (not applicable),1,1,0,No
43,Puerto Rico,430096,0,1,1,White,1,1,0,No
43,Puerto Rico,430096,1,1,0,Not a Fatality (not applicable),1,1,0,No
43,Puerto Rico,430097,0,1,1,White,1,1,0,No
43,Puerto Rico,430097,1,1,0,Not a Fatality (not applicable),1,1,0,No
43,Puerto Rico,430098,1,1,1,White,1,1,0,No
43,Puerto Rico,430098,2,1,0,Not a Fatality (not applicable),1,1,0,No
43,Puerto Rico,430099,1,1,0,Not a Fatality (not applicable),1,1,0,No
43,Puerto Rico,430099,1,2,1,White,1,1,0,No
43,Puerto Rico,430100,0,1,1,White,1,1,0,No
43,Puerto Rico,430100,1,1,0,Not a Fatality (not applicable),1,1,0,No
43,Puerto Rico,430101,1,1,0,Not a Fatality (not applicable),1,1,0,No
43,Puerto Rico,430101,1,2,1,White,1,1,0,No
43,Puerto Rico,430102,1,1,0,Not a Fatality (not applicable),1,1,0,No
43,Puerto Rico,430102,1,2,0,Not a Fatality (not applicable),1,1,0,No
43,Puerto Rico,430102,2,1,1,White,1,1,0,No
43,Puerto Rico,430103,1,1,1,White,1,1,0,No
43,Puerto Rico,430103,2,1,0,Not a Fatality (not applicable),1,1,0,No
43,Puerto Rico,430103,3,1,0,Not a Fatality (not applicable),1,1,0,No
43,Puerto Rico,430104,1,1,0,Not a Fatality (not applicable),1,1,0,No
43,Puerto Rico,430104,2,1,1,White,1,1,0,No
43,Puerto Rico,430104,3,1,0,Not a Fatality (not applicable),1,1,0,No
43,Puerto Rico,430105,1,1,1,White,1,1,0,No
43,Puerto Rico,430106,1,1,1,White,1,1,0,No
43,Puerto Rico,430106,2,1,0,Not a Fatality (not applicable),1,1,0,No
43,Puerto Rico,430106,2,2,0,Not a Fatality (not applicable),1,1,0,No
43,Puerto Rico,430106,2,3,0,Not a Fatality (not applicable),1,1,0,No
43,Puerto Rico,430107,1,1,0,Not a Fatality (not applicable),1,1,0,No
43,Puerto Rico,430107,2,1,1,White,1,1,0,No
43,Puerto Rico,430108,1,1,0,Not a Fatality (not applicable),1,1,0,No
43,Puerto Rico,430108,2,1,1,White,1,1,0,No
43,Puerto Rico,430108,3,1,0,Not a Fatality (not applicable),1,1,0,No
43,Puerto Rico,430109,0,1,1,White,1,1,0,No
43,Puerto Rico,430109,1,1,0,Not a Fatality (not applicable),1,1,0,No
43,Puerto Rico,430110,1,1,1,White,1,1,0,No
43,Puerto Rico,430111,1,1,0,Not a Fatality (not applicable),1,1,0,No
43,Puerto Rico,430111,2,1,0,Not a Fatality (not applicable),1,1,0,No
43,Puerto Rico,430111,2,2,1,White,1,1,0,No
43,Puerto Rico,430111,2,3,0,Not a Fatality (not applicable),1,1,0,No
43,Puerto Rico,430112,0,1,1,White,1,1,0,No
43,Puerto Rico,430112,0,2,0,Not a Fatality (not applicable),1,1,0,No
43,Puerto Rico,430112,1,1,0,Not a Fatality (not applicable),1,1,0,No
43,Puerto Rico,430113,0,1,1,White,1,1,0,No
43,Puerto Rico,430113,1,1,0,Not a Fatality (not applicable),1,1,0,No
43,Puerto Rico,430114,0,1,1,White,1,1,0,No
43,Puerto Rico,430114,1,1,0,Not a Fatality (not applicable),1,1,0,No
43,Puerto Rico,430115,0,1,1,White,1,1,0,No
43,Puerto Rico,430115,1,1,0,Not a Fatality (not applicable),1,1,0,No
43,Puerto Rico,430116,0,1,1,White,1,1,0,No
43,Puerto Rico,430116,1,1,0,Not a Fatality (not applicable),1,1,0,No
43,Puerto Rico,430116,1,2,0,Not a Fatality (not applicable),1,1,0,No
43,Puerto Rico,430117,1,1,1,White,1,1,0,No
43,Puerto Rico,430117,2,1,0,Not a Fatality (not applicable),1,1,0,No
43,Puerto Rico,430118,1,1,1,White,1,1,0,No
43,Puerto Rico,430119,1,1,1,White,1,1,0,No
43,Puerto Rico,430120,1,1,0,Not a Fatality (not applicable),1,1,0,No
43,Puerto Rico,430120,1,2,1,White,1,1,0,No
43,Puerto Rico,430120,2,1,0,Not a Fatality (not applicable),1,1,0,No
43,Puerto Rico,430121,0,1,1,White,1,1,0,No
43,Puerto Rico,430121,1,1,0,Not a Fatality (not applicable),1,1,0,No
43,Puerto Rico,430122,1,1,0,Not a Fatality (not applicable),1,1,0,No
43,Puerto Rico,430122,1,2,1,White,1,1,0,No
43,Puerto Rico,430123,1,1,0,Not a Fatality (not applicable),1,1,0,No
43,Puerto Rico,430123,1,2,0,Not a Fatality (not applicable),1,1,0,No
43,Puerto Rico,430123,1,3,1,White,1,1,0,No
43,Puerto Rico,430123,1,4,0,Not a Fatality (not applicable),1,1,0,No
43,Puerto Rico,430124,0,1,1,White,1,1,0,No
43,Puerto Rico,430124,1,1,0,Not a Fatality (not applicable),1,1,0,No
43,Puerto Rico,430125,1,1,1,White,1,1,0,No
43,Puerto Rico,430125,2,1,0,Not a Fatality (not applicable),1,1,0,No
43,Puerto Rico,430126,1,1,0,Not a Fatality (not applicable),1,1,0,No
43,Puerto Rico,430126,1,2,1,White,1,1,0,No
43,Puerto Rico,430127,0,1,1,White,1,1,0,No
43,Puerto Rico,430127,1,1,0,Not a Fatality (not applicable),1,1,0,No
43,Puerto Rico,430127,1,2,0,Not a Fatality (not applicable),1,1,0,No
43,Puerto Rico,430127,3,1,0,Not a Fatality (not applicable),1,1,0,No
43,Puerto Rico,430127,4,1,0,Not a Fatality (not applicable),1,1,0,No
43,Puerto Rico,430128,1,1,0,Not a Fatality (not applicable),1,1,0,No
43,Puerto Rico,430128,1,2,0,Not a Fatality (not applicable),1,1,0,No
43,Puerto Rico,430128,2,1,1,White,1,1,0,No
43,Puerto Rico,430129,1,1,1,White,1,1,0,No
43,Puerto Rico,430129,2,1,0,Not a Fatality (not applicable),1,1,0,No
43,Puerto Rico,430129,2,2,0,Not a Fatality (not applicable),1,1,0,No
43,Puerto Rico,430129,2,3,0,Not a Fatality (not applicable),1,1,0,No
43,Puerto Rico,430130,1,1,1,White,1,1,0,No
43,Puerto Rico,430130,2,1,0,Not a Fatality (not applicable),1,1,0,No
43,Puerto Rico,430131,0,1,1,White,1,1,0,No
43,Puerto Rico,430131,1,1,0,Not a Fatality (not applicable),1,1,0,No
43,Puerto Rico,430132,1,1,1,White,1,1,0,No
43,Puerto Rico,430133,1,1,0,Not a Fatality (not applicable),1,1,0,No
43,Puerto Rico,430133,2,1,1,White,1,1,0,No
43,Puerto Rico,430134,1,1,0,Not a Fatality (not applicable),1,1,0,No
43,Puerto Rico,430134,2,1,0,Not a Fatality (not applicable),1,1,0,No
43,Puerto Rico,430134,2,2,1,White,1,1,0,No
43,Puerto Rico,430135,1,1,1,White,1,1,0,No
43,Puerto Rico,430136,0,1,1,White,1,1,0,No
43,Puerto Rico,430136,1,1,0,Not a Fatality (not applicable),1,1,0,No
43,Puerto Rico,430137,1,1,0,Not a Fatality (not applicable),1,1,0,No
43,Puerto Rico,430137,2,1,1,White,1,1,0,No
43,Puerto Rico,430138,1,1,1,White,1,1,0,No
43,Puerto Rico,430138,2,1,0,Not a Fatality (not applicable),1,1,0,No
43,Puerto Rico,430139,1,1,1,White,1,1,0,No
43,Puerto Rico,430140,0,1,1,White,1,1,0,No
43,Puerto Rico,430140,1,1,0,Not a Fatality (not applicable),1,1,0,No
43,Puerto Rico,430140,1,2,0,Not a Fatality (not applicable),1,1,0,No
43,Puerto Rico,430141,1,1,1,White,1,1,0,No
43,Puerto Rico,430142,0,1,1,White,1,1,0,No
43,Puerto Rico,430142,1,1,0,Not a Fatality (not applicable),1,1,0,No
43,Puerto Rico,430143,1,1,1,White,1,1,0,No
43,Puerto Rico,430144,1,1,1,White,1,1,0,No
43,Puerto Rico,430145,1,1,1,White,1,1,0,No
43,Puerto Rico,430146,1,1,1,White,1,1,0,No
43,Puerto Rico,430147,1,1,1,White,1,1,0,No
43,Puerto Rico,430148,1,1,1,White,1,1,0,No
43,Puerto Rico,430148,2,1,0,Not a Fatality (not applicable),1,1,0,No
43,Puerto Rico,430148,2,2,0,Not a Fatality (not applicable),1,1,0,No
43,Puerto Rico,430148,2,3,0,Not a Fatality (not applicable),1,1,0,No
43,Puerto Rico,430149,0,1,1,White,1,1,0,No
43,Puerto Rico,430149,1,1,0,Not a Fatality (not applicable),1,1,0,No
43,Puerto Rico,430150,1,1,0,Not a Fatality (not applicable),1,1,0,No
43,Puerto Rico,430150,2,1,1,White,1,1,0,No
43,Puerto Rico,430151,1,1,1,White,1,1,0,No
43,Puerto Rico,430152,1,1,1,White,1,1,0,No
43,Puerto Rico,430153,1,1,1,White,1,1,0,No
43,Puerto Rico,430153,1,2,0,Not a Fatality (not applicable),1,1,0,No
43,Puerto Rico,430153,2,1,0,Not a Fatality (not applicable),1,1,0,No
43,Puerto Rico,430154,1,1,1,White,1,1,0,No
43,Puerto Rico,430155,1,1,1,White,1,1,0,No
43,Puerto Rico,430155,2,1,0,Not a Fatality (not applicable),1,1,0,No
43,Puerto Rico,430156,1,1,1,White,1,1,0,No
43,Puerto Rico,430157,1,1,0,Not a Fatality (not applicable),1,1,0,No
43,Puerto Rico,430157,2,1,0,Not a Fatality (not applicable),1,1,0,No
43,Puerto Rico,430157,2,2,1,White,1,1,0,No
43,Puerto Rico,430157,2,3,0,Not a Fatality (not applicable),1,1,0,No
43,Puerto Rico,430157,3,1,0,Not a Fatality (not applicable),1,1,0,No
43,Puerto Rico,430157,4,1,0,Not a Fatality (not applicable),1,1,0,No
43,Puerto Rico,430157,5,1,0,Not a Fatality (not applicable),1,1,0,No
43,Puerto Rico,430157,6,1,0,Not a Fatality (not applicable),1,1,0,No
43,Puerto Rico,430158,0,1,1,White,1,1,0,No
43,Puerto Rico,430158,1,1,0,Not a Fatality (not applicable),1,1,0,No
43,Puerto Rico,430159,0,1,1,White,1,1,0,No
43,Puerto Rico,430159,1,1,0,Not a Fatality (not applicable),1,1,0,No
43,Puerto Rico,430161,1,1,1,White,1,1,0,No
43,Puerto Rico,430162,1,1,1,White,1,1,0,No
43,Puerto Rico,430162,2,1,0,Not a Fatality (not applicable),1,1,0,No
43,Puerto Rico,430163,1,1,1,White,1,1,0,No
43,Puerto Rico,430163,2,1,0,Not a Fatality (not applicable),1,1,0,No
43,Puerto Rico,430164,1,1,1,White,1,1,0,No
43,Puerto Rico,430165,1,1,1,White,1,1,0,No
43,Puerto Rico,430165,2,1,0,Not a Fatality (not applicable),1,1,0,No
43,Puerto Rico,430166,0,1,1,White,1,1,0,No
43,Puerto Rico,430166,1,1,0,Not a Fatality (not applicable),1,1,0,No
43,Puerto Rico,430167,1,1,1,White,1,1,0,No
43,Puerto Rico,430168,0,1,1,White,1,1,0,No
43,Puerto Rico,430168,1,1,0,Not a Fatality (not applicable),1,1,0,No
43,Puerto Rico,430169,1,1,1,White,1,1,0,No
43,Puerto Rico,430169,2,1,0,Not a Fatality (not applicable),1,1,0,No
43,Puerto Rico,430170,1,1,1,White,1,1,0,No
43,Puerto Rico,430171,1,1,0,Not a Fatality (not applicable),1,1,0,No
43,Puerto Rico,430171,1,2,0,Not a Fatality (not applicable),1,1,0,No
43,Puerto Rico,430171,1,3,0,Not a Fatality (not applicable),1,1,0,No
43,Puerto Rico,430171,2,1,1,White,1,1,0,No
43,Puerto Rico,430171,2,2,1,White,1,1,0,No
43,Puerto Rico,430171,2,3,1,White,1,1,0,No
43,Puerto Rico,430171,2,4,0,Not a Fatality (not applicable),1,1,0,No
43,Puerto Rico,430172,1,1,1,White,1,1,0,No
43,Puerto Rico,430173,1,1,1,White,1,1,0,No
43,Puerto Rico,430174,1,1,0,Not a Fatality (not applicable),1,1,0,No
43,Puerto Rico,430174,2,1,1,White,1,1,0,No
43,Puerto Rico,430175,1,1,1,White,1,1,0,No
43,Puerto Rico,430175,2,1,0,Not a Fatality (not applicable),1,1,0,No
43,Puerto Rico,430175,2,2,0,Not a Fatality (not applicable),1,1,0,No
43,Puerto Rico,430176,0,1,1,White,1,1,0,No
43,Puerto Rico,430176,1,1,0,Not a Fatality (not applicable),1,1,0,No
43,Puerto Rico,430177,0,1,1,White,1,1,0,No
43,Puerto Rico,430177,1,1,0,Not a Fatality (not applicable),1,1,0,No
43,Puerto Rico,430178,0,1,1,White,1,1,0,No
43,Puerto Rico,430178,1,1,0,Not a Fatality (not applicable),1,1,0,No
43,Puerto Rico,430179,0,1,1,White,1,1,0,No
43,Puerto Rico,430179,1,1,0,Not a Fatality (not applicable),1,1,0,No
43,Puerto Rico,430180,1,1,1,White,1,1,0,No
43,Puerto Rico,430180,1,2,0,Not a Fatality (not applicable),1,1,0,No
43,Puerto Rico,430181,1,1,0,Not a Fatality (not applicable),1,1,0,No
43,Puerto Rico,430181,2,1,0,Not a Fatality (not applicable),1,1,0,No
43,Puerto Rico,430181,2,2,1,White,1,1,0,No
43,Puerto Rico,430182,1,1,1,White,1,1,0,No
43,Puerto Rico,430182,1,2,0,Not a Fatality (not applicable),1,1,0,No
43,Puerto Rico,430182,2,1,0,Not a Fatality (not applicable),1,1,0,No
43,Puerto Rico,430183,1,1,1,White,1,1,0,No
43,Puerto Rico,430184,1,1,1,White,1,1,0,No
43,Puerto Rico,430185,1,1,1,White,1,1,0,No
43,Puerto Rico,430186,1,1,1,White,1,1,0,No
43,Puerto Rico,430187,0,1,1,White,1,1,0,No
43,Puerto Rico,430187,1,1,0,Not a Fatality (not applicable),1,1,0,No
43,Puerto Rico,430188,1,1,1,White,1,1,0,No
43,Puerto Rico,430188,2,1,0,Not a Fatality (not applicable),1,1,0,No
43,Puerto Rico,430189,1,1,0,Not a Fatality (not applicable),1,1,0,No
43,Puerto Rico,430189,1,2,0,Not a Fatality (not applicable),1,1,0,No
43,Puerto Rico,430189,1,3,0,Not a Fatality (not applicable),1,1,0,No
43,Puerto Rico,430189,1,4,0,Not a Fatality (not applicable),1,1,0,No
43,Puerto Rico,430189,2,1,1,White,1,1,0,No
43,Puerto Rico,430190,1,1,1,White,1,1,0,No
43,Puerto Rico,430191,1,1,0,Not a Fatality (not applicable),1,1,0,No
43,Puerto Rico,430191,2,1,0,Not a Fatality (not applicable),1,1,0,No
43,Puerto Rico,430191,2,2,1,White,1,1,0,No
43,Puerto Rico,430192,0,1,1,White,1,1,0,No
43,Puerto Rico,430192,1,1,0,Not a Fatality (not applicable),1,1,0,No
43,Puerto Rico,430193,0,1,1,White,1,1,0,No
43,Puerto Rico,430193,0,2,0,Not a Fatality (not applicable),1,1,0,No
43,Puerto Rico,430193,1,1,0,Not a Fatality (not applicable),1,1,0,No
43,Puerto Rico,430194,0,1,1,White,1,1,0,No
43,Puerto Rico,430194,1,1,0,Not a Fatality (not applicable),1,1,0,No
43,Puerto Rico,430194,1,2,0,Not a Fatality (not applicable),1,1,0,No
43,Puerto Rico,430194,1,3,0,Not a Fatality (not applicable),1,1,0,No
43,Puerto Rico,430194,1,4,0,Not a Fatality (not applicable),1,1,0,No
43,Puerto Rico,430195,1,1,1,White,1,1,0,No
43,Puerto Rico,430195,2,1,0,Not a Fatality (not applicable),1,1,0,No
43,Puerto Rico,430196,1,1,0,Not a Fatality (not applicable),1,1,0,No
43,Puerto Rico,430196,1,2,1,White,1,1,0,No
43,Puerto Rico,430197,0,1,1,White,1,1,0,No
43,Puerto Rico,430197,1,1,0,Not a Fatality (not applicable),1,1,0,No
43,Puerto Rico,430198,0,1,1,White,1,1,0,No
43,Puerto Rico,430198,1,1,0,Not a Fatality (not applicable),1,1,0,No
43,Puerto Rico,430199,0,1,0,Not a Fatality (not applicable),1,1,0,No
43,Puerto Rico,430199,1,1,1,White,1,1,0,No
43,Puerto Rico,430200,1,1,1,White,1,1,0,No
43,Puerto Rico,430201,1,1,1,White,1,1,0,No
43,Puerto Rico,430202,1,1,1,White,1,1,0,No
43,Puerto Rico,430203,1,1,0,Not a Fatality (not applicable),1,1,0,No
43,Puerto Rico,430203,2,1,0,Not a Fatality (not applicable),1,1,0,No
43,Puerto Rico,430203,2,2,1,White,1,1,0,No
43,Puerto Rico,430204,1,1,1,White,1,1,0,No
43,Puerto Rico,430204,2,1,0,Not a Fatality (not applicable),1,1,0,No
43,Puerto Rico,430205,1,1,1,White,1,1,0,No
43,Puerto Rico,430205,1,2,0,Not a Fatality (not applicable),1,1,0,No
43,Puerto Rico,430205,2,1,0,Not a Fatality (not applicable),1,1,0,No
43,Puerto Rico,430205,2,2,0,Not a Fatality (not applicable),1,1,0,No
43,Puerto Rico,430205,3,1,0,Not a Fatality (not applicable),1,1,0,No
43,Puerto Rico,430205,3,2,0,Not a Fatality (not applicable),1,1,0,No
43,Puerto Rico,430205,4,1,0,Not a Fatality (not applicable),1,1,0,No
43,Puerto Rico,430205,5,1,0,Not a Fatality (not applicable),1,1,0,No
43,Puerto Rico,430205,6,1,0,Not a Fatality (not applicable),1,1,0,No
43,Puerto Rico,430205,6,2,0,Not a Fatality (not applicable),1,1,0,No
43,Puerto Rico,430205,7,1,0,Not a Fatality (not applicable),1,1,0,No
43,Puerto Rico,430205,7,2,0,Not a Fatality (not applicable),1,1,0,No
43,Puerto Rico,430206,0,1,1,White,1,1,0,No
43,Puerto Rico,430206,1,1,0,Not a Fatality (not applicable),1,1,0,No
43,Puerto Rico,430207,1,1,1,White,1,1,0,No
43,Puerto Rico,430208,1,1,0,Not a Fatality (not applicable),1,1,0,No
43,Puerto Rico,430208,1,2,1,White,1,1,0,No
43,Puerto Rico,430208,1,3,0,Not a Fatality (not applicable),1,1,0,No
43,Puerto Rico,430208,1,4,0,Not a Fatality (not applicable),1,1,0,No
43,Puerto Rico,430208,2,1,0,Not a Fatality (not applicable),1,1,0,No
43,Puerto Rico,430209,1,1,1,White,1,1,0,No
43,Puerto Rico,430209,1,2,0,Not a Fatality (not applicable),1,1,0,No
43,Puerto Rico,430209,2,1,0,Not a Fatality (not applicable),1,1,0,No
43,Puerto Rico,430210,1,1,1,White,1,1,0,No
43,Puerto Rico,430211,1,1,0,Not a Fatality (not applicable),1,1,0,No
43,Puerto Rico,430211,2,1,1,White,1,1,0,No
43,Puerto Rico,430212,1,1,1,White,1,1,0,No
43,Puerto Rico,430212,1,2,1,White,1,1,0,No
43,Puerto Rico,430212,2,1,0,Not a Fatality (not applicable),1,1,0,No
43,Puerto Rico,430212,2,2,0,Not a Fatality (not applicable),1,1,0,No
43,Puerto Rico,430212,2,3,0,Not a Fatality (not applicable),1,1,0,No
43,Puerto Rico,430212,2,4,0,Not a Fatality (not applicable),1,1,0,No
43,Puerto Rico,430212,2,5,0,Not a Fatality (not applicable),1,1,0,No
43,Puerto Rico,430212,2,6,0,Not a Fatality (not applicable),1,1,0,No
43,Puerto Rico,430213,1,1,1,White,1,1,0,No
43,Puerto Rico,430213,2,1,0,Not a Fatality (not applicable),1,1,0,No
43,Puerto Rico,430213,3,1,0,Not a Fatality (not applicable),1,1,0,No
43,Puerto Rico,430213,4,1,0,Not a Fatality (not applicable),1,1,0,No
43,Puerto Rico,430213,4,2,0,Not a Fatality (not applicable),1,1,0,No
43,Puerto Rico,430213,5,1,0,Not a Fatality (not applicable),1,1,0,No
43,Puerto Rico,430214,0,1,1,White,1,1,0,No
43,Puerto Rico,430214,1,1,0,Not a Fatality (not applicable),1,1,0,No
43,Puerto Rico,430215,1,1,0,Not a Fatality (not applicable),1,1,0,No
43,Puerto Rico,430215,1,2,1,White,1,1,0,No
43,Puerto Rico,430216,1,1,1,White,1,1,0,No
43,Puerto Rico,430217,0,1,1,White,1,1,0,No
43,Puerto Rico,430217,1,1,0,Not a Fatality (not applicable),1,1,0,No
43,Puerto Rico,430218,0,1,1,White,1,1,0,No
43,Puerto Rico,430218,1,1,0,Not a Fatality (not applicable),1,1,0,No
43,Puerto Rico,430219,0,1,1,White,1,1,0,No
43,Puerto Rico,430219,1,1,0,Not a Fatality (not applicable),1,1,0,No
43,Puerto Rico,430220,0,1,1,White,1,1,0,No
43,Puerto Rico,430220,1,1,0,Not a Fatality (not applicable),1,1,0,No
43,Puerto Rico,430221,1,1,1,White,1,1,0,No
43,Puerto Rico,430221,2,1,0,Not a Fatality (not applicable),1,1,0,No
43,Puerto Rico,430222,1,1,1,White,1,1,0,No
43,Puerto Rico,430223,1,1,1,White,1,1,0,No
43,Puerto Rico,430224,1,1,1,White,1,1,0,No
43,Puerto Rico,430224,2,1,0,Not a Fatality (not applicable),1,1,0,No
43,Puerto Rico,430224,2,2,0,Not a Fatality (not applicable),1,1,0,No
43,Puerto Rico,430224,2,3,0,Not a Fatality (not applicable),1,1,0,No
43,Puerto Rico,430225,1,1,1,White,1,1,0,No
43,Puerto Rico,430226,1,1,1,White,1,1,0,No
43,Puerto Rico,430226,1,2,0,Not a Fatality (not applicable),1,1,0,No
43,Puerto Rico,430226,1,3,0,Not a Fatality (not applicable),1,1,0,No
43,Puerto Rico,430226,1,4,0,Not a Fatality (not applicable),1,1,0,No
43,Puerto Rico,430227,1,1,1,White,1,1,0,No
43,Puerto Rico,430227,1,2,1,White,1,1,0,No
43,Puerto Rico,430227,2,1,0,Not a Fatality (not applicable),1,1,0,No
43,Puerto Rico,430228,1,1,0,Not a Fatality (not applicable),1,1,0,No
43,Puerto Rico,430228,2,1,1,White,1,1,0,No
43,Puerto Rico,430229,1,1,1,White,1,1,0,No
43,Puerto Rico,430229,2,1,0,Not a Fatality (not applicable),1,1,0,No
43,Puerto Rico,430229,2,2,0,Not a Fatality (not applicable),1,1,0,No
43,Puerto Rico,430229,2,3,0,Not a Fatality (not applicable),1,1,0,No
43,Puerto Rico,430230,1,1,0,Not a Fatality (not applicable),1,1,0,No
43,Puerto Rico,430230,2,1,1,White,1,1,0,No
43,Puerto Rico,430231,1,1,1,White,1,1,0,No
43,Puerto Rico,430231,2,1,0,Not a Fatality (not applicable),1,1,0,No
43,Puerto Rico,430232,0,1,1,White,1,1,0,No
43,Puerto Rico,430232,1,1,0,Not a Fatality (not applicable),1,1,0,No
43,Puerto Rico,430232,1,2,0,Not a Fatality (not applicable),1,1,0,No
43,Puerto Rico,430233,1,1,1,White,1,1,0,No
43,Puerto Rico,430234,1,1,1,White,1,1,0,No
43,Puerto Rico,430234,2,1,0,Not a Fatality (not applicable),1,1,0,No
43,Puerto Rico,430234,2,2,0,Not a Fatality (not applicable),1,1,0,No
43,Puerto Rico,430235,1,1,1,White,1,1,0,No
43,Puerto Rico,430235,2,1,0,Not a Fatality (not applicable),1,1,0,No
43,Puerto Rico,430235,3,1,0,Not a Fatality (not applicable),1,1,0,No
43,Puerto Rico,430236,1,1,0,Not a Fatality (not applicable),1,1,0,No
43,Puerto Rico,430236,1,2,1,White,1,1,0,No
43,Puerto Rico,430237,1,1,1,White,1,1,0,No
43,Puerto Rico,430238,1,1,1,White,1,1,0,No
43,Puerto Rico,430239,1,1,1,White,1,1,0,No
43,Puerto Rico,430239,2,1,0,Not a Fatality (not applicable),1,1,0,No
43,Puerto Rico,430239,2,2,0,Not a Fatality (not applicable),1,1,0,No
43,Puerto Rico,430240,1,1,1,White,1,1,0,No
43,Puerto Rico,430241,0,1,1,White,1,1,0,No
43,Puerto Rico,430241,1,1,0,Not a Fatality (not applicable),1,1,0,No
43,Puerto Rico,430242,1,1,1,White,1,1,0,No
43,Puerto Rico,430243,0,1,1,White,1,1,0,No
43,Puerto Rico,430243,1,1,0,Not a Fatality (not applicable),1,1,0,No
43,Puerto Rico,430244,1,1,0,Not a Fatality (not applicable),1,1,0,No
43,Puerto Rico,430244,1,2,1,White,1,1,0,No
43,Puerto Rico,430245,1,1,1,White,1,1,0,No
43,Puerto Rico,430245,2,1,0,Not a Fatality (not applicable),1,1,0,No
43,Puerto Rico,430246,1,1,1,White,1,1,0,No
43,Puerto Rico,430246,2,1,0,Not a Fatality (not applicable),1,1,0,No
43,Puerto Rico,430246,2,2,0,Not a Fatality (not applicable),1,1,0,No
43,Puerto Rico,430247,1,1,0,Not a Fatality (not applicable),1,1,0,No
43,Puerto Rico,430247,2,1,1,White,1,1,0,No
43,Puerto Rico,430248,0,1,1,White,1,1,0,No
43,Puerto Rico,430248,1,1,0,Not a Fatality (not applicable),1,1,0,No
43,Puerto Rico,430249,1,1,1,White,1,1,0,No
43,Puerto Rico,430250,0,1,1,White,1,1,0,No
43,Puerto Rico,430250,1,1,0,Not a Fatality (not applicable),1,1,0,No
43,Puerto Rico,430251,1,1,1,White,1,1,0,No
43,Puerto Rico,430252,1,1,1,White,1,1,0,No
43,Puerto Rico,430253,1,1,1,White,1,1,0,No
43,Puerto Rico,430253,2,1,0,Not a Fatality (not applicable),1,1,0,No
43,Puerto Rico,430254,1,1,1,White,1,1,0,No
43,Puerto Rico,430255,1,1,1,White,1,1,0,No
43,Puerto Rico,430256,1,1,1,White,1,1,0,No
43,Puerto Rico,430257,1,1,1,White,1,1,0,No
43,Puerto Rico,430258,0,1,1,White,1,1,0,No
43,Puerto Rico,430258,1,1,0,Not a Fatality (not applicable),1,1,0,No
43,Puerto Rico,430259,1,1,1,White,1,1,0,No
43,Puerto Rico,430259,2,1,0,Not a Fatality (not applicable),1,1,0,No
43,Puerto Rico,430259,2,2,0,Not a Fatality (not applicable),1,1,0,No
43,Puerto Rico,430259,2,3,0,Not a Fatality (not applicable),1,1,0,No
43,Puerto Rico,430260,1,1,1,White,1,1,0,No
43,Puerto Rico,430261,0,1,1,White,1,1,0,No
43,Puerto Rico,430261,1,1,0,Not a Fatality (not applicable),1,1,0,No
43,Puerto Rico,430262,1,1,0,Not a Fatality (not applicable),1,1,0,No
43,Puerto Rico,430262,2,1,1,White,1,1,0,No
43,Puerto Rico,430262,2,2,0,Not a Fatality (not applicable),1,1,0,No
43,Puerto Rico,430262,2,3,0,Not a Fatality (not applicable),1,1,0,No
43,Puerto Rico,430263,1,1,0,Not a Fatality (not applicable),1,1,0,No
43,Puerto Rico,430263,2,1,1,White,1,1,0,No
43,Puerto Rico,430264,0,1,1,White,1,1,0,No
43,Puerto Rico,430264,1,1,0,Not a Fatality (not applicable),1,1,0,No
43,Puerto Rico,430265,1,1,1,White,1,1,0,No
43,Puerto Rico,430266,0,1,1,White,1,1,0,No
43,Puerto Rico,430266,0,2,0,Not a Fatality (not applicable),1,1,0,No
43,Puerto Rico,430266,1,1,0,Not a Fatality (not applicable),1,1,0,No
43,Puerto Rico,430266,1,2,0,Not a Fatality (not applicable),1,1,0,No
43,Puerto Rico,430267,1,1,0,Not a Fatality (not applicable),1,1,0,No
43,Puerto Rico,430267,2,1,0,Not a Fatality (not applicable),1,1,0,No
43,Puerto Rico,430267,2,2,1,White,1,1,0,No
43,Puerto Rico,430268,0,1,1,White,1,1,0,No
43,Puerto Rico,430268,1,1,0,Not a Fatality (not applicable),1,1,0,No
43,Puerto Rico,430269,0,1,1,White,1,1,0,No
43,Puerto Rico,430269,1,1,0,Not a Fatality (not applicable),1,1,0,No
43,Puerto Rico,430270,1,1,0,Not a Fatality (not applicable),1,1,0,No
43,Puerto Rico,430270,1,2,0,Not a Fatality (not applicable),1,1,0,No
43,Puerto Rico,430270,1,3,0,Not a Fatality (not applicable),1,1,0,No
43,Puerto Rico,430270,1,4,0,Not a Fatality (not applicable),1,1,0,No
43,Puerto Rico,430270,2,1,1,White,1,1,0,No
43,Puerto Rico,430271,1,1,1,White,1,1,0,No
43,Puerto Rico,430272,1,1,1,White,1,1,0,No
43,Puerto Rico,430272,1,2,1,White,1,1,0,No
43,Puerto Rico,430272,2,1,0,Not a Fatality (not applicable),1,1,0,No
43,Puerto Rico,430273,1,1,1,White,1,1,0,No
43,Puerto Rico,430274,1,1,1,White,1,1,0,No
43,Puerto Rico,430274,2,1,0,Not a Fatality (not applicable),1,1,0,No
43,Puerto Rico,430274,2,2,0,Not a Fatality (not applicable),1,1,0,No
43,Puerto Rico,430275,1,1,1,White,1,1,0,No
43,Puerto Rico,430276,1,1,0,Not a Fatality (not applicable),1,1,0,No
43,Puerto Rico,430276,2,1,1,White,1,1,0,No
43,Puerto Rico,430276,2,2,0,Not a Fatality (not applicable),1,1,0,No
43,Puerto Rico,430276,3,1,0,Not a Fatality (not applicable),1,1,0,No
43,Puerto Rico,430276,4,1,0,Not a Fatality (not applicable),1,1,0,No
43,Puerto Rico,430277,0,1,1,White,1,1,0,No
43,Puerto Rico,430277,1,1,0,Not a Fatality (not applicable),1,1,0,No
43,Puerto Rico,430278,1,1,1,White,1,1,0,No
43,Puerto Rico,430279,1,1,0,Not a Fatality (not applicable),1,1,0,No
43,Puerto Rico,430279,2,1,0,Not a Fatality (not applicable),1,1,0,No
43,Puerto Rico,430279,2,2,1,White,1,1,0,No
43,Puerto Rico,430280,1,1,1,White,1,1,0,No
43,Puerto Rico,430281,1,1,0,Not a Fatality (not applicable),1,1,0,No
43,Puerto Rico,430281,2,1,1,White,1,1,0,No
43,Puerto Rico,430281,2,2,0,Not a Fatality (not applicable),1,1,0,No
43,Puerto Rico,430281,2,3,0,Not a Fatality (not applicable),1,1,0,No
43,Puerto Rico,430282,0,1,1,White,1,1,0,No
43,Puerto Rico,430282,1,1,0,Not a Fatality (not applicable),1,1,0,No
43,Puerto Rico,430283,0,1,1,White,1,1,0,No
43,Puerto Rico,430283,1,1,0,Not a Fatality (not applicable),1,1,0,No
43,Puerto Rico,430283,1,2,0,Not a Fatality (not applicable),1,1,0,No
43,Puerto Rico,430284,0,1,1,White,1,1,0,No
43,Puerto Rico,430284,1,1,0,Not a Fatality (not applicable),1,1,0,No
43,Puerto Rico,430285,1,1,0,Not a Fatality (not applicable),1,1,0,No
43,Puerto Rico,430285,2,1,1,White,1,1,0,No
43,Puerto Rico,430286,0,1,1,White,1,1,0,No
43,Puerto Rico,430286,1,1,0,Not a Fatality (not applicable),1,1,0,No
43,Puerto Rico,430287,1,1,1,White,1,1,0,No
43,Puerto Rico,430288,1,1,0,Not a Fatality (not applicable),1,1,0,No
43,Puerto Rico,430288,1,2,1,White,1,1,0,No
43,Puerto Rico,430288,1,3,0,Not a Fatality (not applicable),1,1,0,No
43,Puerto Rico,430288,1,4,0,Not a Fatality (not applicable),1,1,0,No
43,Puerto Rico,430288,1,5,0,Not a Fatality (not applicable),1,1,0,No
43,Puerto Rico,430288,1,6,0,Not a Fatality (not applicable),1,1,0,No
43,Puerto Rico,430288,1,7,0,Not a Fatality (not applicable),1,1,0,No
43,Puerto Rico,430289,1,1,0,Not a Fatality (not applicable),1,1,0,No
43,Puerto Rico,430289,2,1,1,White,1,1,0,No
43,Puerto Rico,430290,0,1,1,White,1,1,0,No
43,Puerto Rico,430290,1,1,0,Not a Fatality (not applicable),1,1,0,No
43,Puerto Rico,430291,0,1,1,White,1,1,0,No
43,Puerto Rico,430291,1,1,0,Not a Fatality (not applicable),1,1,0,No
43,Puerto Rico,430292,1,1,1,White,1,1,0,No
43,Puerto Rico,430292,2,1,0,Not a Fatality (not applicable),1,1,0,No
43,Puerto Rico,430292,2,2,0,Not a Fatality (not applicable),1,1,0,No
43,Puerto Rico,430293,1,1,0,Not a Fatality (not applicable),1,1,0,No
43,Puerto Rico,430293,1,2,1,White,1,1,0,No
43,Puerto Rico,430293,1,3,0,Not a Fatality (not applicable),1,1,0,No
43,Puerto Rico,430294,0,1,1,White,1,1,0,No
43,Puerto Rico,430294,1,1,0,Not a Fatality (not applicable),1,1,0,No
43,Puerto Rico,430294,1,2,0,Not a Fatality (not applicable),1,1,0,No
43,Puerto Rico,430295,1,1,1,White,1,1,0,No
43,Puerto Rico,430295,2,1,0,Not a Fatality (not applicable),1,1,0,No
43,Puerto Rico,430295,2,2,0,Not a Fatality (not applicable),1,1,0,No
43,Puerto Rico,430296,0,1,1,White,1,1,0,No
43,Puerto Rico,430296,1,1,0,Not a Fatality (not applicable),1,1,0,No
43,Puerto Rico,430297,0,1,1,White,1,1,0,No
43,Puerto Rico,430297,1,1,0,Not a Fatality (not applicable),1,1,0,No
43,Puerto Rico,430298,1,1,0,Not a Fatality (not applicable),1,1,0,No
43,Puerto Rico,430298,2,1,1,White,1,1,0,No
43,Puerto Rico,430299,1,1,1,White,1,1,0,No
43,Puerto Rico,430300,1,1,1,White,1,1,0,No
43,Puerto Rico,430301,0,1,1,White,1,1,0,No
43,Puerto Rico,430301,1,1,0,Not a Fatality (not applicable),1,1,0,No
43,Puerto Rico,430301,1,2,0,Not a Fatality (not applicable),1,1,0,No
43,Puerto Rico,430302,0,1,1,White,1,1,0,No
43,Puerto Rico,430302,1,1,0,Not a Fatality (not applicable),1,1,0,No
43,Puerto Rico,430302,1,2,0,Not a Fatality (not applicable),1,1,0,No
43,Puerto Rico,430303,0,1,1,White,1,1,0,No
43,Puerto Rico,430303,1,1,0,Not a Fatality (not applicable),1,1,0,No
43,Puerto Rico,430304,0,1,1,White,1,1,0,No
43,Puerto Rico,430304,1,1,0,Not a Fatality (not applicable),1,1,0,No
43,Puerto Rico,430305,0,1,1,White,1,1,0,No
43,Puerto Rico,430305,1,1,0,Not a Fatality (not applicable),1,1,0,No
43,Puerto Rico,430306,0,1,1,White,1,1,0,No
43,Puerto Rico,430306,1,1,0,Not a Fatality (not applicable),1,1,0,No
43,Puerto Rico,430306,1,2,0,Not a Fatality (not applicable),1,1,0,No
43,Puerto Rico,430306,1,3,0,Not a Fatality (not applicable),1,1,0,No
43,Puerto Rico,430307,0,1,1,White,1,1,0,No
43,Puerto Rico,430307,1,1,0,Not a Fatality (not applicable),1,1,0,No
43,Puerto Rico,430308,0,1,1,White,1,1,0,No
43,Puerto Rico,430308,1,1,0,Not a Fatality (not applicable),1,1,0,No
43,Puerto Rico,430309,0,1,1,White,1,1,0,No
43,Puerto Rico,430309,1,1,0,Not a Fatality (not applicable),1,1,0,No
43,Puerto Rico,430309,2,1,0,Not a Fatality (not applicable),1,1,0,No
43,Puerto Rico,430310,0,1,1,White,1,1,0,No
43,Puerto Rico,430310,1,1,0,Not a Fatality (not applicable),1,1,0,No
43,Puerto Rico,430311,0,1,1,White,1,1,0,No
43,Puerto Rico,430311,1,1,0,Not a Fatality (not applicable),1,1,0,No
43,Puerto Rico,430311,1,2,0,Not a Fatality (not applicable),1,1,0,No
43,Puerto Rico,430311,2,1,0,Not a Fatality (not applicable),1,1,0,No
43,Puerto Rico,430312,1,1,1,White,1,1,0,No
43,Puerto Rico,430312,2,1,0,Not a Fatality (not applicable),1,1,0,No
43,Puerto Rico,430313,0,1,1,White,1,1,0,No
43,Puerto Rico,430313,1,1,0,Not a Fatality (not applicable),1,1,0,No
43,Puerto Rico,430314,1,1,1,White,1,1,0,No
43,Puerto Rico,430315,1,1,0,Not a Fatality (not applicable),1,1,0,No
43,Puerto Rico,430315,1,2,1,White,1,1,0,No
43,Puerto Rico,430315,1,3,0,Not a Fatality (not applicable),1,1,0,No
43,Puerto Rico,430315,1,4,0,Not a Fatality (not applicable),1,1,0,No
43,Puerto Rico,430315,2,1,0,Not a Fatality (not applicable),1,1,0,No
43,Puerto Rico,430316,1,1,0,Not a Fatality (not applicable),1,1,0,No
43,Puerto Rico,430316,1,2,1,White,1,1,0,No
43,Puerto Rico,430316,2,1,0,Not a Fatality (not applicable),1,1,0,No
43,Puerto Rico,430316,2,2,0,Not a Fatality (not applicable),1,1,0,No
43,Puerto Rico,430316,3,1,0,Not a Fatality (not applicable),1,1,0,No
43,Puerto Rico,430317,1,1,0,Not a Fatality (not applicable),1,1,0,No
43,Puerto Rico,430317,2,1,1,White,1,1,0,No
43,Puerto Rico,430318,0,1,1,White,1,1,0,No
43,Puerto Rico,430318,1,1,0,Not a Fatality (not applicable),1,1,0,No
43,Puerto Rico,430319,1,1,0,Not a Fatality (not applicable),1,1,0,No
43,Puerto Rico,430319,2,1,1,White,1,1,0,No
43,Puerto Rico,430320,1,1,1,White,1,1,0,No
43,Puerto Rico,430320,1,2,0,Not a Fatality (not applicable),1,1,0,No
43,Puerto Rico,430321,1,1,2,Black or African American,1,1,0,No
43,Puerto Rico,430321,1,2,1,White,1,1,0,No
43,Puerto Rico,430321,2,1,2,Black or African American,1,1,0,No
43,Puerto Rico,430322,1,1,1,White,1,1,0,No
43,Puerto Rico,430322,2,1,0,Not a Fatality (not applicable),1,1,0,No
43,Puerto Rico,430322,2,2,0,Not a Fatality (not applicable),1,1,0,No
43,Puerto Rico,430323,1,1,1,White,1,1,0,No
43,Puerto Rico,430323,1,2,0,Not a Fatality (not applicable),1,1,0,No
43,Puerto Rico,430324,0,1,1,White,1,1,0,No
43,Puerto Rico,430324,1,1,0,Not a Fatality (not applicable),1,1,0,No
43,Puerto Rico,430325,0,1,1,White,1,1,0,No
43,Puerto Rico,430325,1,1,0,Not a Fatality (not applicable),1,1,0,No
43,Puerto Rico,430325,1,2,0,Not a Fatality (not applicable),1,1,0,No
43,Puerto Rico,430325,1,3,0,Not a Fatality (not applicable),1,1,0,No
43,Puerto Rico,430326,0,1,1,White,1,1,0,No
43,Puerto Rico,430326,1,1,0,Not a Fatality (not applicable),1,1,0,No
43,Puerto Rico,430327,1,1,0,Not a Fatality (not applicable),1,1,0,No
43,Puerto Rico,430327,2,1,1,White,1,1,0,No
43,Puerto Rico,430328,1,1,1,White,1,1,0,No
43,Puerto Rico,430329,0,1,1,White,1,1,0,No
43,Puerto Rico,430329,1,1,0,Not a Fatality (not applicable),1,1,0,No
43,Puerto Rico,430330,1,1,1,White,1,1,0,No
43,Puerto Rico,430331,0,1,1,White,1,1,0,No
43,Puerto Rico,430331,1,1,0,Not a Fatality (not applicable),1,1,0,No
43,Puerto Rico,430332,1,1,1,White,1,1,0,No
43,Puerto Rico,430332,2,1,0,Not a Fatality (not applicable),1,1,0,No
