STATE,STATENAME,ST_CASE,EVENTNUM,VEH_NO,VEVENTNUM,VNUMBER1,AOI1,AOI1NAME,SOE,SOENAME,VNUMBER2,VNUMBER2NAME,AOI2,AOI2NAME
43,Puerto Rico,430001,1,1,1,1,3,3 Clock Point,12,Motor Vehicle In-Transport,2,2,9,9 Clock Point
43,Puerto Rico,430001,1,2,1,1,3,3 Clock Point,12,Motor Vehicle In-Transport,2,2,9,9 Clock Point
43,Puerto Rico,430002,1,1,1,1,55,Non-Harmful Event,79,Ran off Roadway - Direction Unknown,9999,Not a Motor Vehicle,77,Not a Motor Vehicle
43,Puerto Rico,430002,2,1,2,1,12,12 Clock Point,42,Tree (Standing Only),9999,Not a Motor Vehicle,77,Not a Motor Vehicle
43,Puerto Rico,430003,1,1,1,1,12,12 Clock Point,12,Motor Vehicle In-Transport,2,2,6,6 Clock Point
43,Puerto Rico,430003,1,2,1,1,12,12 Clock Point,12,Motor Vehicle In-Transport,2,2,6,6 Clock Point
43,Puerto Rico,430004,1,1,1,1,12,12 Clock Point,8,Pedestrian,9999,Not a Motor Vehicle,77,Not a Motor Vehicle
43,Puerto Rico,430004,2,1,2,1,12,12 Clock Point,8,Pedestrian,9999,Not a Motor Vehicle,77,Not a Motor Vehicle
43,Puerto Rico,430005,1,1,1,1,12,12 Clock Point,8,Pedestrian,9999,Not a Motor Vehicle,77,Not a Motor Vehicle
43,Puerto Rico,430006,1,1,1,1,12,12 Clock Point,8,Pedestrian,9999,Not a Motor Vehicle,77,Not a Motor Vehicle
43,Puerto Rico,430006,2,1,2,1,12,12 Clock Point,12,Motor Vehicle In-Transport,2,2,9,9 Clock Point
43,Puerto Rico,430006,2,2,1,1,12,12 Clock Point,12,Motor Vehicle In-Transport,2,2,9,9 Clock Point
43,Puerto Rico,430006,3,2,2,2,55,Non-Harmful Event,79,Ran off Roadway - Direction Unknown,9999,Not a Motor Vehicle,77,Not a Motor Vehicle
43,Puerto Rico,430006,4,2,3,2,12,12 Clock Point,25,Concrete Traffic Barrier,9999,Not a Motor Vehicle,77,Not a Motor Vehicle
43,Puerto Rico,430007,1,1,1,1,12,12 Clock Point,12,Motor Vehicle In-Transport,2,2,12,12 Clock Point
43,Puerto Rico,430007,1,2,1,1,12,12 Clock Point,12,Motor Vehicle In-Transport,2,2,12,12 Clock Point
43,Puerto Rico,430008,1,1,1,1,12,12 Clock Point,12,Motor Vehicle In-Transport,2,2,6,6 Clock Point
43,Puerto Rico,430008,1,2,1,1,12,12 Clock Point,12,Motor Vehicle In-Transport,2,2,6,6 Clock Point
43,Puerto Rico,430009,1,1,1,1,12,12 Clock Point,8,Pedestrian,9999,Not a Motor Vehicle,77,Not a Motor Vehicle
43,Puerto Rico,430010,1,1,1,1,12,12 Clock Point,8,Pedestrian,9999,Not a Motor Vehicle,77,Not a Motor Vehicle
43,Puerto Rico,430011,1,1,1,1,12,12 Clock Point,8,Pedestrian,9999,Not a Motor Vehicle,77,Not a Motor Vehicle
43,Puerto Rico,430012,1,1,1,1,2,2 Clock Point,8,Pedestrian,9999,Not a Motor Vehicle,77,Not a Motor Vehicle
43,Puerto Rico,430013,1,1,1,1,55,Non-Harmful Event,79,Ran off Roadway - Direction Unknown,9999,Not a Motor Vehicle,77,Not a Motor Vehicle
43,Puerto Rico,430013,2,1,2,1,12,12 Clock Point,25,Concrete Traffic Barrier,9999,Not a Motor Vehicle,77,Not a Motor Vehicle
43,Puerto Rico,430014,1,1,1,1,55,Non-Harmful Event,79,Ran off Roadway - Direction Unknown,9999,Not a Motor Vehicle,77,Not a Motor Vehicle
43,Puerto Rico,430014,2,1,2,1,12,12 Clock Point,35,Embankment,9999,Not a Motor Vehicle,77,Not a Motor Vehicle
43,Puerto Rico,430014,3,1,3,1,12,12 Clock Point,42,Tree (Standing Only),9999,Not a Motor Vehicle,77,Not a Motor Vehicle
43,Puerto Rico,430015,1,1,1,1,12,12 Clock Point,12,Motor Vehicle In-Transport,2,2,12,12 Clock Point
43,Puerto Rico,430015,1,2,1,1,12,12 Clock Point,12,Motor Vehicle In-Transport,2,2,12,12 Clock Point
43,Puerto Rico,430016,1,1,1,1,55,Non-Harmful Event,79,Ran off Roadway - Direction Unknown,9999,Not a Motor Vehicle,77,Not a Motor Vehicle
43,Puerto Rico,430016,2,1,2,1,12,12 Clock Point,25,Concrete Traffic Barrier,9999,Not a Motor Vehicle,77,Not a Motor Vehicle
43,Puerto Rico,430017,1,1,1,1,55,Non-Harmful Event,79,Ran off Roadway - Direction Unknown,9999,Not a Motor Vehicle,77,Not a Motor Vehicle
43,Puerto Rico,430017,2,1,2,1,3,3 Clock Point,12,Motor Vehicle In-Transport,2,2,12,12 Clock Point
43,Puerto Rico,430017,3,1,3,1,12,12 Clock Point,43,Other Fixed Object,9999,Not a Motor Vehicle,77,Not a Motor Vehicle
43,Puerto Rico,430017,4,1,4,1,12,12 Clock Point,30,Utility Pole/Light Support,9999,Not a Motor Vehicle,77,Not a Motor Vehicle
43,Puerto Rico,430017,2,2,1,1,3,3 Clock Point,12,Motor Vehicle In-Transport,2,2,12,12 Clock Point
43,Puerto Rico,430018,1,1,1,1,2,2 Clock Point,8,Pedestrian,9999,Not a Motor Vehicle,77,Not a Motor Vehicle
43,Puerto Rico,430019,1,1,1,1,9,9 Clock Point,12,Motor Vehicle In-Transport,2,2,12,12 Clock Point
43,Puerto Rico,430019,1,2,1,1,9,9 Clock Point,12,Motor Vehicle In-Transport,2,2,12,12 Clock Point
43,Puerto Rico,430020,1,1,1,1,12,12 Clock Point,11,Live Animal,9999,Not a Motor Vehicle,77,Not a Motor Vehicle
43,Puerto Rico,430021,1,1,1,1,55,Non-Harmful Event,79,Ran off Roadway - Direction Unknown,9999,Not a Motor Vehicle,77,Not a Motor Vehicle
43,Puerto Rico,430021,2,1,2,1,11,11 Clock Point,39,Wall,9999,Not a Motor Vehicle,77,Not a Motor Vehicle
43,Puerto Rico,430021,3,1,3,1,0,Non-Collision,1,Rollover/Overturn,9999,Not a Motor Vehicle,77,Not a Motor Vehicle
43,Puerto Rico,430022,1,1,1,1,2,2 Clock Point,8,Pedestrian,9999,Not a Motor Vehicle,77,Not a Motor Vehicle
43,Puerto Rico,430023,1,1,1,1,55,Non-Harmful Event,79,Ran off Roadway - Direction Unknown,9999,Not a Motor Vehicle,77,Not a Motor Vehicle
43,Puerto Rico,430023,2,1,2,1,12,12 Clock Point,35,Embankment,9999,Not a Motor Vehicle,77,Not a Motor Vehicle
43,Puerto Rico,430023,3,1,3,1,0,Non-Collision,1,Rollover/Overturn,9999,Not a Motor Vehicle,77,Not a Motor Vehicle
43,Puerto Rico,430024,1,1,1,1,55,Non-Harmful Event,79,Ran off Roadway - Direction Unknown,9999,Not a Motor Vehicle,77,Not a Motor Vehicle
43,Puerto Rico,430024,2,1,2,1,12,12 Clock Point,42,Tree (Standing Only),9999,Not a Motor Vehicle,77,Not a Motor Vehicle
43,Puerto Rico,430025,1,1,1,1,11,11 Clock Point,8,Pedestrian,9999,Not a Motor Vehicle,77,Not a Motor Vehicle
43,Puerto Rico,430026,1,1,1,1,12,12 Clock Point,9,Pedalcyclist,9999,Not a Motor Vehicle,77,Not a Motor Vehicle
43,Puerto Rico,430027,1,1,1,1,9,9 Clock Point,12,Motor Vehicle In-Transport,2,2,12,12 Clock Point
43,Puerto Rico,430027,2,1,2,1,12,12 Clock Point,12,Motor Vehicle In-Transport,3,3,9,9 Clock Point
43,Puerto Rico,430027,1,2,1,1,9,9 Clock Point,12,Motor Vehicle In-Transport,2,2,12,12 Clock Point
43,Puerto Rico,430027,2,3,1,1,12,12 Clock Point,12,Motor Vehicle In-Transport,3,3,9,9 Clock Point
43,Puerto Rico,430028,1,1,1,1,12,12 Clock Point,8,Pedestrian,9999,Not a Motor Vehicle,77,Not a Motor Vehicle
43,Puerto Rico,430029,1,1,1,1,12,12 Clock Point,8,Pedestrian,9999,Not a Motor Vehicle,77,Not a Motor Vehicle
43,Puerto Rico,430030,1,1,1,1,55,Non-Harmful Event,79,Ran off Roadway - Direction Unknown,9999,Not a Motor Vehicle,77,Not a Motor Vehicle
43,Puerto Rico,430030,2,1,2,1,3,3 Clock Point,39,Wall,9999,Not a Motor Vehicle,77,Not a Motor Vehicle
43,Puerto Rico,430031,1,1,1,1,12,12 Clock Point,12,Motor Vehicle In-Transport,2,2,12,12 Clock Point
43,Puerto Rico,430031,1,2,1,1,12,12 Clock Point,12,Motor Vehicle In-Transport,2,2,12,12 Clock Point
43,Puerto Rico,430032,1,1,1,1,3,3 Clock Point,12,Motor Vehicle In-Transport,2,2,12,12 Clock Point
43,Puerto Rico,430032,1,2,1,1,3,3 Clock Point,12,Motor Vehicle In-Transport,2,2,12,12 Clock Point
43,Puerto Rico,430033,1,1,1,1,55,Non-Harmful Event,79,Ran off Roadway - Direction Unknown,9999,Not a Motor Vehicle,77,Not a Motor Vehicle
43,Puerto Rico,430033,2,1,2,1,12,12 Clock Point,30,Utility Pole/Light Support,9999,Not a Motor Vehicle,77,Not a Motor Vehicle
43,Puerto Rico,430033,3,1,3,1,12,12 Clock Point,38,Fence,9999,Not a Motor Vehicle,77,Not a Motor Vehicle
43,Puerto Rico,430034,1,1,1,1,12,12 Clock Point,12,Motor Vehicle In-Transport,2,2,12,12 Clock Point
43,Puerto Rico,430034,1,2,1,1,12,12 Clock Point,12,Motor Vehicle In-Transport,2,2,12,12 Clock Point
43,Puerto Rico,430035,1,1,1,1,55,Non-Harmful Event,79,Ran off Roadway - Direction Unknown,9999,Not a Motor Vehicle,77,Not a Motor Vehicle
43,Puerto Rico,430035,2,1,2,1,11,11 Clock Point,38,Fence,9999,Not a Motor Vehicle,77,Not a Motor Vehicle
43,Puerto Rico,430036,1,1,1,1,2,2 Clock Point,8,Pedestrian,9999,Not a Motor Vehicle,77,Not a Motor Vehicle
43,Puerto Rico,430037,1,1,1,1,55,Non-Harmful Event,79,Ran off Roadway - Direction Unknown,9999,Not a Motor Vehicle,77,Not a Motor Vehicle
43,Puerto Rico,430037,2,1,2,1,11,11 Clock Point,25,Concrete Traffic Barrier,9999,Not a Motor Vehicle,77,Not a Motor Vehicle
43,Puerto Rico,430037,3,1,3,1,0,Non-Collision,3,Immersion or Partial Immersion,9999,Not a Motor Vehicle,77,Not a Motor Vehicle
43,Puerto Rico,430038,1,1,1,1,55,Non-Harmful Event,79,Ran off Roadway - Direction Unknown,9999,Not a Motor Vehicle,77,Not a Motor Vehicle
43,Puerto Rico,430038,2,1,2,1,3,3 Clock Point,42,Tree (Standing Only),9999,Not a Motor Vehicle,77,Not a Motor Vehicle
43,Puerto Rico,430039,1,1,1,1,12,12 Clock Point,12,Motor Vehicle In-Transport,2,2,9,9 Clock Point
43,Puerto Rico,430039,1,2,1,1,12,12 Clock Point,12,Motor Vehicle In-Transport,2,2,9,9 Clock Point
43,Puerto Rico,430040,1,1,1,1,12,12 Clock Point,8,Pedestrian,9999,Not a Motor Vehicle,77,Not a Motor Vehicle
43,Puerto Rico,430040,2,1,2,1,12,12 Clock Point,8,Pedestrian,9999,Not a Motor Vehicle,77,Not a Motor Vehicle
43,Puerto Rico,430040,3,1,3,1,55,Non-Harmful Event,79,Ran off Roadway - Direction Unknown,9999,Not a Motor Vehicle,77,Not a Motor Vehicle
43,Puerto Rico,430040,4,1,4,1,12,12 Clock Point,14,Parked Motor Vehicle,2,2,6,6 Clock Point
43,Puerto Rico,430040,4,2,1,1,12,12 Clock Point,14,Parked Motor Vehicle,2,2,6,6 Clock Point
43,Puerto Rico,430041,1,1,1,1,0,Non-Collision,1,Rollover/Overturn,9999,Not a Motor Vehicle,77,Not a Motor Vehicle
43,Puerto Rico,430042,1,1,1,1,12,12 Clock Point,8,Pedestrian,9999,Not a Motor Vehicle,77,Not a Motor Vehicle
43,Puerto Rico,430043,1,1,1,1,55,Non-Harmful Event,79,Ran off Roadway - Direction Unknown,9999,Not a Motor Vehicle,77,Not a Motor Vehicle
43,Puerto Rico,430043,2,1,2,1,12,12 Clock Point,35,Embankment,9999,Not a Motor Vehicle,77,Not a Motor Vehicle
43,Puerto Rico,430043,3,1,3,1,0,Non-Collision,1,Rollover/Overturn,9999,Not a Motor Vehicle,77,Not a Motor Vehicle
43,Puerto Rico,430044,1,1,1,1,12,12 Clock Point,8,Pedestrian,9999,Not a Motor Vehicle,77,Not a Motor Vehicle
43,Puerto Rico,430045,1,1,1,1,55,Non-Harmful Event,79,Ran off Roadway - Direction Unknown,9999,Not a Motor Vehicle,77,Not a Motor Vehicle
43,Puerto Rico,430045,2,1,2,1,12,12 Clock Point,30,Utility Pole/Light Support,9999,Not a Motor Vehicle,77,Not a Motor Vehicle
43,Puerto Rico,430045,3,1,3,1,6,6 Clock Point,38,Fence,9999,Not a Motor Vehicle,77,Not a Motor Vehicle
43,Puerto Rico,430046,1,1,1,1,55,Non-Harmful Event,79,Ran off Roadway - Direction Unknown,9999,Not a Motor Vehicle,77,Not a Motor Vehicle
43,Puerto Rico,430046,2,1,2,1,12,12 Clock Point,14,Parked Motor Vehicle,2,2,6,6 Clock Point
43,Puerto Rico,430046,3,1,3,1,12,12 Clock Point,8,Pedestrian,9999,Not a Motor Vehicle,77,Not a Motor Vehicle
43,Puerto Rico,430046,4,1,4,1,12,12 Clock Point,8,Pedestrian,9999,Not a Motor Vehicle,77,Not a Motor Vehicle
43,Puerto Rico,430046,5,1,5,1,12,12 Clock Point,8,Pedestrian,9999,Not a Motor Vehicle,77,Not a Motor Vehicle
43,Puerto Rico,430046,6,1,6,1,12,12 Clock Point,8,Pedestrian,9999,Not a Motor Vehicle,77,Not a Motor Vehicle
43,Puerto Rico,430046,2,2,1,1,12,12 Clock Point,14,Parked Motor Vehicle,2,2,6,6 Clock Point
43,Puerto Rico,430047,1,1,1,1,3,3 Clock Point,12,Motor Vehicle In-Transport,2,2,12,12 Clock Point
43,Puerto Rico,430047,1,2,1,1,3,3 Clock Point,12,Motor Vehicle In-Transport,2,2,12,12 Clock Point
43,Puerto Rico,430048,1,1,1,1,12,12 Clock Point,9,Pedalcyclist,9999,Not a Motor Vehicle,77,Not a Motor Vehicle
43,Puerto Rico,430049,1,1,1,1,12,12 Clock Point,8,Pedestrian,9999,Not a Motor Vehicle,77,Not a Motor Vehicle
43,Puerto Rico,430050,1,1,1,1,55,Non-Harmful Event,79,Ran off Roadway - Direction Unknown,9999,Not a Motor Vehicle,77,Not a Motor Vehicle
43,Puerto Rico,430050,2,1,2,1,9,9 Clock Point,30,Utility Pole/Light Support,9999,Not a Motor Vehicle,77,Not a Motor Vehicle
43,Puerto Rico,430051,1,1,1,1,55,Non-Harmful Event,79,Ran off Roadway - Direction Unknown,9999,Not a Motor Vehicle,77,Not a Motor Vehicle
43,Puerto Rico,430051,2,1,2,1,3,3 Clock Point,39,Wall,9999,Not a Motor Vehicle,77,Not a Motor Vehicle
43,Puerto Rico,430052,1,1,1,1,12,12 Clock Point,12,Motor Vehicle In-Transport,2,2,9,9 Clock Point
43,Puerto Rico,430052,1,2,1,1,12,12 Clock Point,12,Motor Vehicle In-Transport,2,2,9,9 Clock Point
43,Puerto Rico,430053,1,1,1,1,9,9 Clock Point,12,Motor Vehicle In-Transport,2,2,12,12 Clock Point
43,Puerto Rico,430053,1,2,1,1,9,9 Clock Point,12,Motor Vehicle In-Transport,2,2,12,12 Clock Point
43,Puerto Rico,430054,1,1,1,1,55,Non-Harmful Event,79,Ran off Roadway - Direction Unknown,9999,Not a Motor Vehicle,77,Not a Motor Vehicle
43,Puerto Rico,430054,2,1,2,1,10,10 Clock Point,30,Utility Pole/Light Support,9999,Not a Motor Vehicle,77,Not a Motor Vehicle
43,Puerto Rico,430054,3,1,3,1,12,12 Clock Point,38,Fence,9999,Not a Motor Vehicle,77,Not a Motor Vehicle
43,Puerto Rico,430055,1,1,1,1,2,2 Clock Point,8,Pedestrian,9999,Not a Motor Vehicle,77,Not a Motor Vehicle
43,Puerto Rico,430056,1,1,1,1,12,12 Clock Point,8,Pedestrian,9999,Not a Motor Vehicle,77,Not a Motor Vehicle
43,Puerto Rico,430057,1,1,1,1,55,Non-Harmful Event,79,Ran off Roadway - Direction Unknown,9999,Not a Motor Vehicle,77,Not a Motor Vehicle
43,Puerto Rico,430057,2,1,2,1,12,12 Clock Point,43,Other Fixed Object,9999,Not a Motor Vehicle,77,Not a Motor Vehicle
43,Puerto Rico,430057,3,1,3,1,12,12 Clock Point,43,Other Fixed Object,9999,Not a Motor Vehicle,77,Not a Motor Vehicle
43,Puerto Rico,430057,4,1,4,1,12,12 Clock Point,8,Pedestrian,9999,Not a Motor Vehicle,77,Not a Motor Vehicle
43,Puerto Rico,430057,5,1,5,1,12,12 Clock Point,8,Pedestrian,9999,Not a Motor Vehicle,77,Not a Motor Vehicle
43,Puerto Rico,430057,6,1,6,1,12,12 Clock Point,8,Pedestrian,9999,Not a Motor Vehicle,77,Not a Motor Vehicle
43,Puerto Rico,430057,7,1,7,1,12,12 Clock Point,25,Concrete Traffic Barrier,9999,Not a Motor Vehicle,77,Not a Motor Vehicle
43,Puerto Rico,430057,8,1,8,1,12,12 Clock Point,14,Parked Motor Vehicle,2,2,3,3 Clock Point
43,Puerto Rico,430057,8,2,1,1,12,12 Clock Point,14,Parked Motor Vehicle,2,2,3,3 Clock Point
43,Puerto Rico,430058,1,1,1,1,55,Non-Harmful Event,79,Ran off Roadway - Direction Unknown,9999,Not a Motor Vehicle,77,Not a Motor Vehicle
43,Puerto Rico,430058,2,1,2,1,12,12 Clock Point,42,Tree (Standing Only),9999,Not a Motor Vehicle,77,Not a Motor Vehicle
43,Puerto Rico,430058,3,1,3,1,12,12 Clock Point,39,Wall,9999,Not a Motor Vehicle,77,Not a Motor Vehicle
43,Puerto Rico,430058,4,1,4,1,12,12 Clock Point,43,Other Fixed Object,9999,Not a Motor Vehicle,77,Not a Motor Vehicle
43,Puerto Rico,430058,5,1,5,1,0,Non-Collision,1,Rollover/Overturn,9999,Not a Motor Vehicle,77,Not a Motor Vehicle
43,Puerto Rico,430059,1,1,1,1,0,Non-Collision,5,Fell/Jumped from Vehicle,9999,Not a Motor Vehicle,77,Not a Motor Vehicle
43,Puerto Rico,430060,1,1,1,1,12,12 Clock Point,12,Motor Vehicle In-Transport,2,2,12,12 Clock Point
43,Puerto Rico,430060,1,2,1,1,12,12 Clock Point,12,Motor Vehicle In-Transport,2,2,12,12 Clock Point
43,Puerto Rico,430061,1,1,1,1,12,12 Clock Point,8,Pedestrian,9999,Not a Motor Vehicle,77,Not a Motor Vehicle
43,Puerto Rico,430061,2,1,2,1,12,12 Clock Point,8,Pedestrian,9999,Not a Motor Vehicle,77,Not a Motor Vehicle
43,Puerto Rico,430061,3,1,3,1,12,12 Clock Point,8,Pedestrian,9999,Not a Motor Vehicle,77,Not a Motor Vehicle
43,Puerto Rico,430062,1,1,1,1,3,3 Clock Point,12,Motor Vehicle In-Transport,2,2,12,12 Clock Point
43,Puerto Rico,430062,1,2,1,1,3,3 Clock Point,12,Motor Vehicle In-Transport,2,2,12,12 Clock Point
43,Puerto Rico,430063,1,1,1,1,55,Non-Harmful Event,79,Ran off Roadway - Direction Unknown,9999,Not a Motor Vehicle,77,Not a Motor Vehicle
43,Puerto Rico,430063,2,1,2,1,0,Non-Collision,7,Other Non-Collision,9999,Not a Motor Vehicle,77,Not a Motor Vehicle
43,Puerto Rico,430065,1,1,1,1,55,Non-Harmful Event,79,Ran off Roadway - Direction Unknown,9999,Not a Motor Vehicle,77,Not a Motor Vehicle
43,Puerto Rico,430065,2,1,2,1,12,12 Clock Point,43,Other Fixed Object,9999,Not a Motor Vehicle,77,Not a Motor Vehicle
43,Puerto Rico,430066,1,1,1,1,12,12 Clock Point,12,Motor Vehicle In-Transport,2,2,6,6 Clock Point
43,Puerto Rico,430066,1,2,1,1,12,12 Clock Point,12,Motor Vehicle In-Transport,2,2,6,6 Clock Point
43,Puerto Rico,430067,1,1,1,1,12,12 Clock Point,12,Motor Vehicle In-Transport,2,2,12,12 Clock Point
43,Puerto Rico,430067,1,2,1,1,12,12 Clock Point,12,Motor Vehicle In-Transport,2,2,12,12 Clock Point
43,Puerto Rico,430068,1,1,1,1,55,Non-Harmful Event,79,Ran off Roadway - Direction Unknown,9999,Not a Motor Vehicle,77,Not a Motor Vehicle
43,Puerto Rico,430068,2,1,2,1,9,9 Clock Point,25,Concrete Traffic Barrier,9999,Not a Motor Vehicle,77,Not a Motor Vehicle
43,Puerto Rico,430069,1,1,1,1,9,9 Clock Point,12,Motor Vehicle In-Transport,2,2,3,3 Clock Point
43,Puerto Rico,430069,1,2,1,1,9,9 Clock Point,12,Motor Vehicle In-Transport,2,2,3,3 Clock Point
43,Puerto Rico,430069,2,2,2,2,55,Non-Harmful Event,79,Ran off Roadway - Direction Unknown,9999,Not a Motor Vehicle,77,Not a Motor Vehicle
43,Puerto Rico,430069,3,2,3,2,12,12 Clock Point,25,Concrete Traffic Barrier,9999,Not a Motor Vehicle,77,Not a Motor Vehicle
43,Puerto Rico,430070,1,1,1,1,12,12 Clock Point,12,Motor Vehicle In-Transport,2,2,3,3 Clock Point
43,Puerto Rico,430070,1,2,1,1,12,12 Clock Point,12,Motor Vehicle In-Transport,2,2,3,3 Clock Point
43,Puerto Rico,430071,1,1,1,1,12,12 Clock Point,12,Motor Vehicle In-Transport,2,2,12,12 Clock Point
43,Puerto Rico,430071,1,2,1,1,12,12 Clock Point,12,Motor Vehicle In-Transport,2,2,12,12 Clock Point
43,Puerto Rico,430072,1,1,1,1,55,Non-Harmful Event,79,Ran off Roadway - Direction Unknown,9999,Not a Motor Vehicle,77,Not a Motor Vehicle
43,Puerto Rico,430072,2,1,2,1,12,12 Clock Point,30,Utility Pole/Light Support,9999,Not a Motor Vehicle,77,Not a Motor Vehicle
43,Puerto Rico,430073,1,1,1,1,55,Non-Harmful Event,79,Ran off Roadway - Direction Unknown,9999,Not a Motor Vehicle,77,Not a Motor Vehicle
43,Puerto Rico,430073,2,1,2,1,12,12 Clock Point,42,Tree (Standing Only),9999,Not a Motor Vehicle,77,Not a Motor Vehicle
43,Puerto Rico,430074,1,1,1,1,6,6 Clock Point,8,Pedestrian,9999,Not a Motor Vehicle,77,Not a Motor Vehicle
43,Puerto Rico,430075,1,1,1,1,55,Non-Harmful Event,79,Ran off Roadway - Direction Unknown,9999,Not a Motor Vehicle,77,Not a Motor Vehicle
43,Puerto Rico,430075,2,1,2,1,12,12 Clock Point,39,Wall,9999,Not a Motor Vehicle,77,Not a Motor Vehicle
43,Puerto Rico,430076,1,1,1,1,6,6 Clock Point,12,Motor Vehicle In-Transport,2,2,12,12 Clock Point
43,Puerto Rico,430076,1,2,1,1,6,6 Clock Point,12,Motor Vehicle In-Transport,2,2,12,12 Clock Point
43,Puerto Rico,430076,2,2,2,2,3,3 Clock Point,12,Motor Vehicle In-Transport,3,3,9,9 Clock Point
43,Puerto Rico,430076,3,2,3,2,55,Non-Harmful Event,79,Ran off Roadway - Direction Unknown,9999,Not a Motor Vehicle,77,Not a Motor Vehicle
43,Puerto Rico,430076,4,2,4,2,12,12 Clock Point,25,Concrete Traffic Barrier,9999,Not a Motor Vehicle,77,Not a Motor Vehicle
43,Puerto Rico,430076,2,3,1,2,3,3 Clock Point,12,Motor Vehicle In-Transport,3,3,9,9 Clock Point
43,Puerto Rico,430077,1,1,1,1,12,12 Clock Point,8,Pedestrian,9999,Not a Motor Vehicle,77,Not a Motor Vehicle
43,Puerto Rico,430078,1,1,1,1,12,12 Clock Point,8,Pedestrian,9999,Not a Motor Vehicle,77,Not a Motor Vehicle
43,Puerto Rico,430079,1,1,1,1,55,Non-Harmful Event,79,Ran off Roadway - Direction Unknown,9999,Not a Motor Vehicle,77,Not a Motor Vehicle
43,Puerto Rico,430079,2,1,2,1,9,9 Clock Point,30,Utility Pole/Light Support,9999,Not a Motor Vehicle,77,Not a Motor Vehicle
43,Puerto Rico,430079,3,1,3,1,0,Non-Collision,1,Rollover/Overturn,9999,Not a Motor Vehicle,77,Not a Motor Vehicle
43,Puerto Rico,430080,1,1,1,1,55,Non-Harmful Event,79,Ran off Roadway - Direction Unknown,9999,Not a Motor Vehicle,77,Not a Motor Vehicle
43,Puerto Rico,430080,2,1,2,1,12,12 Clock Point,30,Utility Pole/Light Support,9999,Not a Motor Vehicle,77,Not a Motor Vehicle
43,Puerto Rico,430081,1,1,1,1,12,12 Clock Point,12,Motor Vehicle In-Transport,2,2,12,12 Clock Point
43,Puerto Rico,430081,2,1,2,1,0,Non-Collision,2,Fire/Explosion,9999,Not a Motor Vehicle,77,Not a Motor Vehicle
43,Puerto Rico,430081,1,2,1,1,12,12 Clock Point,12,Motor Vehicle In-Transport,2,2,12,12 Clock Point
43,Puerto Rico,430082,1,1,1,1,12,12 Clock Point,8,Pedestrian,9999,Not a Motor Vehicle,77,Not a Motor Vehicle
43,Puerto Rico,430083,1,1,1,1,55,Non-Harmful Event,79,Ran off Roadway - Direction Unknown,9999,Not a Motor Vehicle,77,Not a Motor Vehicle
43,Puerto Rico,430083,2,1,2,1,12,12 Clock Point,30,Utility Pole/Light Support,9999,Not a Motor Vehicle,77,Not a Motor Vehicle
43,Puerto Rico,430084,1,1,1,1,55,Non-Harmful Event,79,Ran off Roadway - Direction Unknown,9999,Not a Motor Vehicle,77,Not a Motor Vehicle
43,Puerto Rico,430084,2,1,2,1,12,12 Clock Point,42,Tree (Standing Only),9999,Not a Motor Vehicle,77,Not a Motor Vehicle
43,Puerto Rico,430084,3,1,3,1,9,9 Clock Point,42,Tree (Standing Only),9999,Not a Motor Vehicle,77,Not a Motor Vehicle
43,Puerto Rico,430085,1,1,1,1,55,Non-Harmful Event,79,Ran off Roadway - Direction Unknown,9999,Not a Motor Vehicle,77,Not a Motor Vehicle
43,Puerto Rico,430085,2,1,2,1,12,12 Clock Point,39,Wall,9999,Not a Motor Vehicle,77,Not a Motor Vehicle
43,Puerto Rico,430086,1,1,1,1,12,12 Clock Point,12,Motor Vehicle In-Transport,2,2,12,12 Clock Point
43,Puerto Rico,430086,1,2,1,1,12,12 Clock Point,12,Motor Vehicle In-Transport,2,2,12,12 Clock Point
43,Puerto Rico,430087,1,1,1,1,12,12 Clock Point,12,Motor Vehicle In-Transport,2,2,9,9 Clock Point
43,Puerto Rico,430087,1,2,1,1,12,12 Clock Point,12,Motor Vehicle In-Transport,2,2,9,9 Clock Point
43,Puerto Rico,430087,2,2,2,2,55,Non-Harmful Event,79,Ran off Roadway - Direction Unknown,9999,Not a Motor Vehicle,77,Not a Motor Vehicle
43,Puerto Rico,430087,3,2,3,2,12,12 Clock Point,30,Utility Pole/Light Support,9999,Not a Motor Vehicle,77,Not a Motor Vehicle
43,Puerto Rico,430088,1,1,1,1,55,Non-Harmful Event,79,Ran off Roadway - Direction Unknown,9999,Not a Motor Vehicle,77,Not a Motor Vehicle
43,Puerto Rico,430088,2,1,2,1,0,Non-Collision,7,Other Non-Collision,9999,Not a Motor Vehicle,77,Not a Motor Vehicle
43,Puerto Rico,430089,1,1,1,1,55,Non-Harmful Event,79,Ran off Roadway - Direction Unknown,9999,Not a Motor Vehicle,77,Not a Motor Vehicle
43,Puerto Rico,430089,2,1,2,1,12,12 Clock Point,43,Other Fixed Object,9999,Not a Motor Vehicle,77,Not a Motor Vehicle
43,Puerto Rico,430089,3,1,3,1,12,12 Clock Point,43,Other Fixed Object,9999,Not a Motor Vehicle,77,Not a Motor Vehicle
43,Puerto Rico,430090,1,1,1,1,2,2 Clock Point,9,Pedalcyclist,9999,Not a Motor Vehicle,77,Not a Motor Vehicle
43,Puerto Rico,430091,1,1,1,1,3,3 Clock Point,12,Motor Vehicle In-Transport,2,2,12,12 Clock Point
43,Puerto Rico,430091,1,2,1,1,3,3 Clock Point,12,Motor Vehicle In-Transport,2,2,12,12 Clock Point
43,Puerto Rico,430092,1,1,1,1,12,12 Clock Point,12,Motor Vehicle In-Transport,2,2,12,12 Clock Point
43,Puerto Rico,430092,1,2,1,1,12,12 Clock Point,12,Motor Vehicle In-Transport,2,2,12,12 Clock Point
43,Puerto Rico,430093,1,1,1,1,3,3 Clock Point,12,Motor Vehicle In-Transport,2,2,12,12 Clock Point
43,Puerto Rico,430093,1,2,1,1,3,3 Clock Point,12,Motor Vehicle In-Transport,2,2,12,12 Clock Point
43,Puerto Rico,430094,1,1,1,1,3,3 Clock Point,12,Motor Vehicle In-Transport,2,2,12,12 Clock Point
43,Puerto Rico,430094,1,2,1,1,3,3 Clock Point,12,Motor Vehicle In-Transport,2,2,12,12 Clock Point
43,Puerto Rico,430095,1,1,1,1,12,12 Clock Point,8,Pedestrian,9999,Not a Motor Vehicle,77,Not a Motor Vehicle
43,Puerto Rico,430096,1,1,1,1,12,12 Clock Point,9,Pedalcyclist,9999,Not a Motor Vehicle,77,Not a Motor Vehicle
43,Puerto Rico,430097,1,1,1,1,12,12 Clock Point,8,Pedestrian,9999,Not a Motor Vehicle,77,Not a Motor Vehicle
43,Puerto Rico,430098,1,1,1,1,12,12 Clock Point,12,Motor Vehicle In-Transport,2,2,6,6 Clock Point
43,Puerto Rico,430098,1,2,1,1,12,12 Clock Point,12,Motor Vehicle In-Transport,2,2,6,6 Clock Point
43,Puerto Rico,430099,1,1,1,1,55,Non-Harmful Event,79,Ran off Roadway - Direction Unknown,9999,Not a Motor Vehicle,77,Not a Motor Vehicle
43,Puerto Rico,430099,2,1,2,1,12,12 Clock Point,38,Fence,9999,Not a Motor Vehicle,77,Not a Motor Vehicle
43,Puerto Rico,430100,1,1,1,1,12,12 Clock Point,9,Pedalcyclist,9999,Not a Motor Vehicle,77,Not a Motor Vehicle
43,Puerto Rico,430101,1,1,1,1,55,Non-Harmful Event,79,Ran off Roadway - Direction Unknown,9999,Not a Motor Vehicle,77,Not a Motor Vehicle
43,Puerto Rico,430101,2,1,2,1,12,12 Clock Point,43,Other Fixed Object,9999,Not a Motor Vehicle,77,Not a Motor Vehicle
43,Puerto Rico,430102,1,1,1,1,12,12 Clock Point,12,Motor Vehicle In-Transport,2,2,12,12 Clock Point
43,Puerto Rico,430102,1,2,1,1,12,12 Clock Point,12,Motor Vehicle In-Transport,2,2,12,12 Clock Point
43,Puerto Rico,430103,1,1,1,1,12,12 Clock Point,12,Motor Vehicle In-Transport,2,2,6,6 Clock Point
43,Puerto Rico,430103,1,2,1,1,12,12 Clock Point,12,Motor Vehicle In-Transport,2,2,6,6 Clock Point
43,Puerto Rico,430103,2,2,2,2,12,12 Clock Point,12,Motor Vehicle In-Transport,3,3,6,6 Clock Point
43,Puerto Rico,430103,2,3,1,2,12,12 Clock Point,12,Motor Vehicle In-Transport,3,3,6,6 Clock Point
43,Puerto Rico,430104,1,1,1,1,12,12 Clock Point,12,Motor Vehicle In-Transport,2,2,12,12 Clock Point
43,Puerto Rico,430104,1,2,1,1,12,12 Clock Point,12,Motor Vehicle In-Transport,2,2,12,12 Clock Point
43,Puerto Rico,430104,2,2,2,2,12,12 Clock Point,12,Motor Vehicle In-Transport,3,3,12,12 Clock Point
43,Puerto Rico,430104,2,3,1,2,12,12 Clock Point,12,Motor Vehicle In-Transport,3,3,12,12 Clock Point
43,Puerto Rico,430105,1,1,1,1,55,Non-Harmful Event,79,Ran off Roadway - Direction Unknown,9999,Not a Motor Vehicle,77,Not a Motor Vehicle
43,Puerto Rico,430105,2,1,2,1,12,12 Clock Point,43,Other Fixed Object,9999,Not a Motor Vehicle,77,Not a Motor Vehicle
43,Puerto Rico,430106,1,1,1,1,12,12 Clock Point,12,Motor Vehicle In-Transport,2,2,9,9 Clock Point
43,Puerto Rico,430106,1,2,1,1,12,12 Clock Point,12,Motor Vehicle In-Transport,2,2,9,9 Clock Point
43,Puerto Rico,430107,1,1,1,1,12,12 Clock Point,12,Motor Vehicle In-Transport,2,2,6,6 Clock Point
43,Puerto Rico,430107,1,2,1,1,12,12 Clock Point,12,Motor Vehicle In-Transport,2,2,6,6 Clock Point
43,Puerto Rico,430108,1,1,1,1,3,3 Clock Point,12,Motor Vehicle In-Transport,2,2,12,12 Clock Point
43,Puerto Rico,430108,1,2,1,1,3,3 Clock Point,12,Motor Vehicle In-Transport,2,2,12,12 Clock Point
43,Puerto Rico,430108,2,2,2,2,12,12 Clock Point,12,Motor Vehicle In-Transport,3,3,12,12 Clock Point
43,Puerto Rico,430108,2,3,1,2,12,12 Clock Point,12,Motor Vehicle In-Transport,3,3,12,12 Clock Point
43,Puerto Rico,430109,1,1,1,1,12,12 Clock Point,8,Pedestrian,9999,Not a Motor Vehicle,77,Not a Motor Vehicle
43,Puerto Rico,430110,1,1,1,1,55,Non-Harmful Event,79,Ran off Roadway - Direction Unknown,9999,Not a Motor Vehicle,77,Not a Motor Vehicle
43,Puerto Rico,430110,2,1,2,1,0,Non-Collision,1,Rollover/Overturn,9999,Not a Motor Vehicle,77,Not a Motor Vehicle
43,Puerto Rico,430111,1,1,1,1,3,3 Clock Point,12,Motor Vehicle In-Transport,2,2,12,12 Clock Point
43,Puerto Rico,430111,1,2,1,1,3,3 Clock Point,12,Motor Vehicle In-Transport,2,2,12,12 Clock Point
43,Puerto Rico,430112,1,1,1,1,12,12 Clock Point,8,Pedestrian,9999,Not a Motor Vehicle,77,Not a Motor Vehicle
43,Puerto Rico,430112,2,1,2,1,12,12 Clock Point,8,Pedestrian,9999,Not a Motor Vehicle,77,Not a Motor Vehicle
43,Puerto Rico,430113,1,1,1,1,55,Non-Harmful Event,79,Ran off Roadway - Direction Unknown,9999,Not a Motor Vehicle,77,Not a Motor Vehicle
43,Puerto Rico,430113,2,1,2,1,12,12 Clock Point,15,Non-Motorist on Personal Conveyance,9999,Not a Motor Vehicle,77,Not a Motor Vehicle
43,Puerto Rico,430114,1,1,1,1,55,Non-Harmful Event,79,Ran off Roadway - Direction Unknown,9999,Not a Motor Vehicle,77,Not a Motor Vehicle
43,Puerto Rico,430114,2,1,2,1,2,2 Clock Point,8,Pedestrian,9999,Not a Motor Vehicle,77,Not a Motor Vehicle
43,Puerto Rico,430115,1,1,1,1,11,11 Clock Point,8,Pedestrian,9999,Not a Motor Vehicle,77,Not a Motor Vehicle
43,Puerto Rico,430116,1,1,1,1,12,12 Clock Point,8,Pedestrian,9999,Not a Motor Vehicle,77,Not a Motor Vehicle
43,Puerto Rico,430117,1,1,1,1,12,12 Clock Point,12,Motor Vehicle In-Transport,2,2,12,12 Clock Point
43,Puerto Rico,430117,1,2,1,1,12,12 Clock Point,12,Motor Vehicle In-Transport,2,2,12,12 Clock Point
43,Puerto Rico,430118,1,1,1,1,55,Non-Harmful Event,79,Ran off Roadway - Direction Unknown,9999,Not a Motor Vehicle,77,Not a Motor Vehicle
43,Puerto Rico,430118,2,1,2,1,2,2 Clock Point,34,Ditch,9999,Not a Motor Vehicle,77,Not a Motor Vehicle
43,Puerto Rico,430118,3,1,3,1,12,12 Clock Point,30,Utility Pole/Light Support,9999,Not a Motor Vehicle,77,Not a Motor Vehicle
43,Puerto Rico,430119,1,1,1,1,55,Non-Harmful Event,79,Ran off Roadway - Direction Unknown,9999,Not a Motor Vehicle,77,Not a Motor Vehicle
43,Puerto Rico,430119,2,1,2,1,3,3 Clock Point,42,Tree (Standing Only),9999,Not a Motor Vehicle,77,Not a Motor Vehicle
43,Puerto Rico,430120,1,1,1,1,12,12 Clock Point,12,Motor Vehicle In-Transport,2,2,3,3 Clock Point
43,Puerto Rico,430120,1,2,1,1,12,12 Clock Point,12,Motor Vehicle In-Transport,2,2,3,3 Clock Point
43,Puerto Rico,430121,1,1,1,1,2,2 Clock Point,8,Pedestrian,9999,Not a Motor Vehicle,77,Not a Motor Vehicle
43,Puerto Rico,430122,1,1,1,1,55,Non-Harmful Event,79,Ran off Roadway - Direction Unknown,9999,Not a Motor Vehicle,77,Not a Motor Vehicle
43,Puerto Rico,430122,2,1,2,1,12,12 Clock Point,43,Other Fixed Object,9999,Not a Motor Vehicle,77,Not a Motor Vehicle
43,Puerto Rico,430122,3,1,3,1,12,12 Clock Point,39,Wall,9999,Not a Motor Vehicle,77,Not a Motor Vehicle
43,Puerto Rico,430122,4,1,4,1,0,Non-Collision,1,Rollover/Overturn,9999,Not a Motor Vehicle,77,Not a Motor Vehicle
43,Puerto Rico,430123,1,1,1,1,55,Non-Harmful Event,79,Ran off Roadway - Direction Unknown,9999,Not a Motor Vehicle,77,Not a Motor Vehicle
43,Puerto Rico,430123,2,1,2,1,11,11 Clock Point,25,Concrete Traffic Barrier,9999,Not a Motor Vehicle,77,Not a Motor Vehicle
43,Puerto Rico,430123,3,1,3,1,9,9 Clock Point,43,Other Fixed Object,9999,Not a Motor Vehicle,77,Not a Motor Vehicle
43,Puerto Rico,430124,1,1,1,1,9,9 Clock Point,8,Pedestrian,9999,Not a Motor Vehicle,77,Not a Motor Vehicle
43,Puerto Rico,430125,1,1,1,1,12,12 Clock Point,12,Motor Vehicle In-Transport,2,2,12,12 Clock Point
43,Puerto Rico,430125,1,2,1,1,12,12 Clock Point,12,Motor Vehicle In-Transport,2,2,12,12 Clock Point
43,Puerto Rico,430126,1,1,1,1,55,Non-Harmful Event,79,Ran off Roadway - Direction Unknown,9999,Not a Motor Vehicle,77,Not a Motor Vehicle
43,Puerto Rico,430126,2,1,2,1,12,12 Clock Point,43,Other Fixed Object,9999,Not a Motor Vehicle,77,Not a Motor Vehicle
43,Puerto Rico,430126,3,1,3,1,0,Non-Collision,2,Fire/Explosion,9999,Not a Motor Vehicle,77,Not a Motor Vehicle
43,Puerto Rico,430127,1,1,1,1,55,Non-Harmful Event,79,Ran off Roadway - Direction Unknown,9999,Not a Motor Vehicle,77,Not a Motor Vehicle
43,Puerto Rico,430127,2,1,2,1,12,12 Clock Point,14,Parked Motor Vehicle,2,2,9,9 Clock Point
43,Puerto Rico,430127,3,1,3,1,5,5 Clock Point,12,Motor Vehicle In-Transport,3,3,6,6 Clock Point
43,Puerto Rico,430127,2,2,1,1,12,12 Clock Point,14,Parked Motor Vehicle,2,2,9,9 Clock Point
43,Puerto Rico,430127,3,3,1,1,5,5 Clock Point,12,Motor Vehicle In-Transport,3,3,6,6 Clock Point
43,Puerto Rico,430127,4,4,1,4,12,12 Clock Point,8,Pedestrian,9999,Not a Motor Vehicle,77,Not a Motor Vehicle
43,Puerto Rico,430128,1,1,1,1,12,12 Clock Point,12,Motor Vehicle In-Transport,2,2,3,3 Clock Point
43,Puerto Rico,430128,1,2,1,1,12,12 Clock Point,12,Motor Vehicle In-Transport,2,2,3,3 Clock Point
43,Puerto Rico,430129,1,1,1,1,12,12 Clock Point,12,Motor Vehicle In-Transport,2,2,12,12 Clock Point
43,Puerto Rico,430129,1,2,1,1,12,12 Clock Point,12,Motor Vehicle In-Transport,2,2,12,12 Clock Point
43,Puerto Rico,430130,1,1,1,1,12,12 Clock Point,12,Motor Vehicle In-Transport,2,2,12,12 Clock Point
43,Puerto Rico,430130,1,2,1,1,12,12 Clock Point,12,Motor Vehicle In-Transport,2,2,12,12 Clock Point
43,Puerto Rico,430131,1,1,1,1,3,3 Clock Point,9,Pedalcyclist,9999,Not a Motor Vehicle,77,Not a Motor Vehicle
43,Puerto Rico,430132,1,1,1,1,55,Non-Harmful Event,79,Ran off Roadway - Direction Unknown,9999,Not a Motor Vehicle,77,Not a Motor Vehicle
43,Puerto Rico,430132,2,1,2,1,12,12 Clock Point,42,Tree (Standing Only),9999,Not a Motor Vehicle,77,Not a Motor Vehicle
43,Puerto Rico,430133,1,1,1,1,12,12 Clock Point,12,Motor Vehicle In-Transport,2,2,12,12 Clock Point
43,Puerto Rico,430133,1,2,1,1,12,12 Clock Point,12,Motor Vehicle In-Transport,2,2,12,12 Clock Point
43,Puerto Rico,430134,1,1,1,1,12,12 Clock Point,12,Motor Vehicle In-Transport,2,2,9,9 Clock Point
43,Puerto Rico,430134,1,2,1,1,12,12 Clock Point,12,Motor Vehicle In-Transport,2,2,9,9 Clock Point
43,Puerto Rico,430135,1,1,1,1,55,Non-Harmful Event,79,Ran off Roadway - Direction Unknown,9999,Not a Motor Vehicle,77,Not a Motor Vehicle
43,Puerto Rico,430135,2,1,2,1,12,12 Clock Point,25,Concrete Traffic Barrier,9999,Not a Motor Vehicle,77,Not a Motor Vehicle
43,Puerto Rico,430135,3,1,3,1,0,Non-Collision,7,Other Non-Collision,9999,Not a Motor Vehicle,77,Not a Motor Vehicle
43,Puerto Rico,430136,1,1,1,1,12,12 Clock Point,8,Pedestrian,9999,Not a Motor Vehicle,77,Not a Motor Vehicle
43,Puerto Rico,430137,1,1,1,1,12,12 Clock Point,12,Motor Vehicle In-Transport,2,2,12,12 Clock Point
43,Puerto Rico,430137,1,2,1,1,12,12 Clock Point,12,Motor Vehicle In-Transport,2,2,12,12 Clock Point
43,Puerto Rico,430138,1,1,1,1,12,12 Clock Point,12,Motor Vehicle In-Transport,2,2,12,12 Clock Point
43,Puerto Rico,430138,1,2,1,1,12,12 Clock Point,12,Motor Vehicle In-Transport,2,2,12,12 Clock Point
43,Puerto Rico,430139,1,1,1,1,55,Non-Harmful Event,79,Ran off Roadway - Direction Unknown,9999,Not a Motor Vehicle,77,Not a Motor Vehicle
43,Puerto Rico,430139,2,1,2,1,9,9 Clock Point,14,Parked Motor Vehicle,2,2,9,9 Clock Point
43,Puerto Rico,430139,3,1,3,1,12,12 Clock Point,30,Utility Pole/Light Support,9999,Not a Motor Vehicle,77,Not a Motor Vehicle
43,Puerto Rico,430139,4,1,4,1,0,Non-Collision,1,Rollover/Overturn,9999,Not a Motor Vehicle,77,Not a Motor Vehicle
43,Puerto Rico,430139,2,2,1,1,9,9 Clock Point,14,Parked Motor Vehicle,2,2,9,9 Clock Point
43,Puerto Rico,430140,1,1,1,1,12,12 Clock Point,8,Pedestrian,9999,Not a Motor Vehicle,77,Not a Motor Vehicle
43,Puerto Rico,430141,1,1,1,1,55,Non-Harmful Event,79,Ran off Roadway - Direction Unknown,9999,Not a Motor Vehicle,77,Not a Motor Vehicle
43,Puerto Rico,430141,2,1,2,1,9,9 Clock Point,30,Utility Pole/Light Support,9999,Not a Motor Vehicle,77,Not a Motor Vehicle
43,Puerto Rico,430142,1,1,1,1,12,12 Clock Point,8,Pedestrian,9999,Not a Motor Vehicle,77,Not a Motor Vehicle
43,Puerto Rico,430143,1,1,1,1,55,Non-Harmful Event,79,Ran off Roadway - Direction Unknown,9999,Not a Motor Vehicle,77,Not a Motor Vehicle
43,Puerto Rico,430143,2,1,2,1,12,12 Clock Point,30,Utility Pole/Light Support,9999,Not a Motor Vehicle,77,Not a Motor Vehicle
43,Puerto Rico,430144,1,1,1,1,55,Non-Harmful Event,79,Ran off Roadway - Direction Unknown,9999,Not a Motor Vehicle,77,Not a Motor Vehicle
43,Puerto Rico,430144,2,1,2,1,9,9 Clock Point,25,Concrete Traffic Barrier,9999,Not a Motor Vehicle,77,Not a Motor Vehicle
43,Puerto Rico,430145,1,1,1,1,55,Non-Harmful Event,79,Ran off Roadway - Direction Unknown,9999,Not a Motor Vehicle,77,Not a Motor Vehicle
43,Puerto Rico,430145,2,1,2,1,12,12 Clock Point,14,Parked Motor Vehicle,2,2,6,6 Clock Point
43,Puerto Rico,430145,2,2,1,1,12,12 Clock Point,14,Parked Motor Vehicle,2,2,6,6 Clock Point
43,Puerto Rico,430146,1,1,1,1,55,Non-Harmful Event,79,Ran off Roadway - Direction Unknown,9999,Not a Motor Vehicle,77,Not a Motor Vehicle
43,Puerto Rico,430146,2,1,2,1,12,12 Clock Point,35,Embankment,9999,Not a Motor Vehicle,77,Not a Motor Vehicle
43,Puerto Rico,430146,3,1,3,1,0,Non-Collision,1,Rollover/Overturn,9999,Not a Motor Vehicle,77,Not a Motor Vehicle
43,Puerto Rico,430147,1,1,1,1,55,Non-Harmful Event,79,Ran off Roadway - Direction Unknown,9999,Not a Motor Vehicle,77,Not a Motor Vehicle
43,Puerto Rico,430147,2,1,2,1,12,12 Clock Point,38,Fence,9999,Not a Motor Vehicle,77,Not a Motor Vehicle
43,Puerto Rico,430147,3,1,3,1,12,12 Clock Point,43,Other Fixed Object,9999,Not a Motor Vehicle,77,Not a Motor Vehicle
43,Puerto Rico,430147,4,1,4,1,0,Non-Collision,1,Rollover/Overturn,9999,Not a Motor Vehicle,77,Not a Motor Vehicle
43,Puerto Rico,430148,1,1,1,1,12,12 Clock Point,12,Motor Vehicle In-Transport,2,2,12,12 Clock Point
43,Puerto Rico,430148,1,2,1,1,12,12 Clock Point,12,Motor Vehicle In-Transport,2,2,12,12 Clock Point
43,Puerto Rico,430149,1,1,1,1,12,12 Clock Point,9,Pedalcyclist,9999,Not a Motor Vehicle,77,Not a Motor Vehicle
43,Puerto Rico,430150,1,1,1,1,12,12 Clock Point,12,Motor Vehicle In-Transport,2,2,12,12 Clock Point
43,Puerto Rico,430150,1,2,1,1,12,12 Clock Point,12,Motor Vehicle In-Transport,2,2,12,12 Clock Point
43,Puerto Rico,430151,1,1,1,1,55,Non-Harmful Event,79,Ran off Roadway - Direction Unknown,9999,Not a Motor Vehicle,77,Not a Motor Vehicle
43,Puerto Rico,430151,2,1,2,1,12,12 Clock Point,25,Concrete Traffic Barrier,9999,Not a Motor Vehicle,77,Not a Motor Vehicle
43,Puerto Rico,430151,3,1,3,1,12,12 Clock Point,43,Other Fixed Object,9999,Not a Motor Vehicle,77,Not a Motor Vehicle
43,Puerto Rico,430152,1,1,1,1,55,Non-Harmful Event,79,Ran off Roadway - Direction Unknown,9999,Not a Motor Vehicle,77,Not a Motor Vehicle
43,Puerto Rico,430152,2,1,2,1,9,9 Clock Point,25,Concrete Traffic Barrier,9999,Not a Motor Vehicle,77,Not a Motor Vehicle
43,Puerto Rico,430153,1,1,1,1,55,Non-Harmful Event,79,Ran off Roadway - Direction Unknown,9999,Not a Motor Vehicle,77,Not a Motor Vehicle
43,Puerto Rico,430153,2,1,2,1,3,3 Clock Point,12,Motor Vehicle In-Transport,2,2,3,3 Clock Point
43,Puerto Rico,430153,3,1,3,1,12,12 Clock Point,42,Tree (Standing Only),9999,Not a Motor Vehicle,77,Not a Motor Vehicle
43,Puerto Rico,430153,2,2,1,1,3,3 Clock Point,12,Motor Vehicle In-Transport,2,2,3,3 Clock Point
43,Puerto Rico,430154,1,1,1,1,55,Non-Harmful Event,79,Ran off Roadway - Direction Unknown,9999,Not a Motor Vehicle,77,Not a Motor Vehicle
43,Puerto Rico,430154,2,1,2,1,9,9 Clock Point,25,Concrete Traffic Barrier,9999,Not a Motor Vehicle,77,Not a Motor Vehicle
43,Puerto Rico,430154,3,1,3,1,0,Non-Collision,1,Rollover/Overturn,9999,Not a Motor Vehicle,77,Not a Motor Vehicle
43,Puerto Rico,430154,4,1,4,1,12,12 Clock Point,43,Other Fixed Object,9999,Not a Motor Vehicle,77,Not a Motor Vehicle
43,Puerto Rico,430155,1,1,1,1,9,9 Clock Point,12,Motor Vehicle In-Transport,2,2,3,3 Clock Point
43,Puerto Rico,430155,1,2,1,1,9,9 Clock Point,12,Motor Vehicle In-Transport,2,2,3,3 Clock Point
43,Puerto Rico,430156,1,1,1,1,55,Non-Harmful Event,79,Ran off Roadway - Direction Unknown,9999,Not a Motor Vehicle,77,Not a Motor Vehicle
43,Puerto Rico,430156,2,1,2,1,12,12 Clock Point,42,Tree (Standing Only),9999,Not a Motor Vehicle,77,Not a Motor Vehicle
43,Puerto Rico,430157,1,1,1,1,12,12 Clock Point,12,Motor Vehicle In-Transport,2,2,6,6 Clock Point
43,Puerto Rico,430157,4,1,2,1,12,12 Clock Point,12,Motor Vehicle In-Transport,5,5,3,3 Clock Point
43,Puerto Rico,430157,5,1,3,1,12,12 Clock Point,12,Motor Vehicle In-Transport,6,6,3,3 Clock Point
43,Puerto Rico,430157,1,2,1,1,12,12 Clock Point,12,Motor Vehicle In-Transport,2,2,6,6 Clock Point
43,Puerto Rico,430157,2,2,2,2,9,9 Clock Point,12,Motor Vehicle In-Transport,3,3,6,6 Clock Point
43,Puerto Rico,430157,2,3,1,2,9,9 Clock Point,12,Motor Vehicle In-Transport,3,3,6,6 Clock Point
43,Puerto Rico,430157,3,3,2,3,12,12 Clock Point,12,Motor Vehicle In-Transport,4,4,6,6 Clock Point
43,Puerto Rico,430157,3,4,1,3,12,12 Clock Point,12,Motor Vehicle In-Transport,4,4,6,6 Clock Point
43,Puerto Rico,430157,4,5,1,1,12,12 Clock Point,12,Motor Vehicle In-Transport,5,5,3,3 Clock Point
43,Puerto Rico,430157,5,6,1,1,12,12 Clock Point,12,Motor Vehicle In-Transport,6,6,3,3 Clock Point
43,Puerto Rico,430158,1,1,1,1,12,12 Clock Point,8,Pedestrian,9999,Not a Motor Vehicle,77,Not a Motor Vehicle
43,Puerto Rico,430159,1,1,1,1,12,12 Clock Point,8,Pedestrian,9999,Not a Motor Vehicle,77,Not a Motor Vehicle
43,Puerto Rico,430161,1,1,1,1,55,Non-Harmful Event,79,Ran off Roadway - Direction Unknown,9999,Not a Motor Vehicle,77,Not a Motor Vehicle
43,Puerto Rico,430161,2,1,2,1,12,12 Clock Point,43,Other Fixed Object,9999,Not a Motor Vehicle,77,Not a Motor Vehicle
43,Puerto Rico,430161,3,1,3,1,12,12 Clock Point,43,Other Fixed Object,9999,Not a Motor Vehicle,77,Not a Motor Vehicle
43,Puerto Rico,430162,1,1,1,1,12,12 Clock Point,12,Motor Vehicle In-Transport,2,2,12,12 Clock Point
43,Puerto Rico,430162,1,2,1,1,12,12 Clock Point,12,Motor Vehicle In-Transport,2,2,12,12 Clock Point
43,Puerto Rico,430163,1,1,1,1,12,12 Clock Point,12,Motor Vehicle In-Transport,2,2,3,3 Clock Point
43,Puerto Rico,430163,1,2,1,1,12,12 Clock Point,12,Motor Vehicle In-Transport,2,2,3,3 Clock Point
43,Puerto Rico,430164,1,1,1,1,55,Non-Harmful Event,79,Ran off Roadway - Direction Unknown,9999,Not a Motor Vehicle,77,Not a Motor Vehicle
43,Puerto Rico,430164,2,1,2,1,12,12 Clock Point,25,Concrete Traffic Barrier,9999,Not a Motor Vehicle,77,Not a Motor Vehicle
43,Puerto Rico,430164,3,1,3,1,0,Non-Collision,1,Rollover/Overturn,9999,Not a Motor Vehicle,77,Not a Motor Vehicle
43,Puerto Rico,430165,1,1,1,1,55,Non-Harmful Event,79,Ran off Roadway - Direction Unknown,9999,Not a Motor Vehicle,77,Not a Motor Vehicle
43,Puerto Rico,430165,2,1,2,1,2,2 Clock Point,12,Motor Vehicle In-Transport,2,2,7,7 Clock Point
43,Puerto Rico,430165,3,1,3,1,12,12 Clock Point,42,Tree (Standing Only),9999,Not a Motor Vehicle,77,Not a Motor Vehicle
43,Puerto Rico,430165,4,1,4,1,12,12 Clock Point,30,Utility Pole/Light Support,9999,Not a Motor Vehicle,77,Not a Motor Vehicle
43,Puerto Rico,430165,2,2,1,1,2,2 Clock Point,12,Motor Vehicle In-Transport,2,2,7,7 Clock Point
43,Puerto Rico,430166,1,1,1,1,55,Non-Harmful Event,79,Ran off Roadway - Direction Unknown,9999,Not a Motor Vehicle,77,Not a Motor Vehicle
43,Puerto Rico,430166,2,1,2,1,12,12 Clock Point,8,Pedestrian,9999,Not a Motor Vehicle,77,Not a Motor Vehicle
43,Puerto Rico,430167,1,1,1,1,55,Non-Harmful Event,79,Ran off Roadway - Direction Unknown,9999,Not a Motor Vehicle,77,Not a Motor Vehicle
43,Puerto Rico,430167,2,1,2,1,12,12 Clock Point,42,Tree (Standing Only),9999,Not a Motor Vehicle,77,Not a Motor Vehicle
43,Puerto Rico,430168,1,1,1,1,12,12 Clock Point,8,Pedestrian,9999,Not a Motor Vehicle,77,Not a Motor Vehicle
43,Puerto Rico,430169,1,1,1,1,12,12 Clock Point,12,Motor Vehicle In-Transport,2,2,12,12 Clock Point
43,Puerto Rico,430169,1,2,1,1,12,12 Clock Point,12,Motor Vehicle In-Transport,2,2,12,12 Clock Point
43,Puerto Rico,430170,1,1,1,1,55,Non-Harmful Event,79,Ran off Roadway - Direction Unknown,9999,Not a Motor Vehicle,77,Not a Motor Vehicle
43,Puerto Rico,430170,2,1,2,1,9,9 Clock Point,30,Utility Pole/Light Support,9999,Not a Motor Vehicle,77,Not a Motor Vehicle
43,Puerto Rico,430171,1,1,1,1,12,12 Clock Point,12,Motor Vehicle In-Transport,2,2,9,9 Clock Point
43,Puerto Rico,430171,1,2,1,1,12,12 Clock Point,12,Motor Vehicle In-Transport,2,2,9,9 Clock Point
43,Puerto Rico,430172,1,1,1,1,55,Non-Harmful Event,79,Ran off Roadway - Direction Unknown,9999,Not a Motor Vehicle,77,Not a Motor Vehicle
43,Puerto Rico,430172,2,1,2,1,12,12 Clock Point,42,Tree (Standing Only),9999,Not a Motor Vehicle,77,Not a Motor Vehicle
43,Puerto Rico,430173,1,1,1,1,55,Non-Harmful Event,79,Ran off Roadway - Direction Unknown,9999,Not a Motor Vehicle,77,Not a Motor Vehicle
43,Puerto Rico,430173,2,1,2,1,12,12 Clock Point,35,Embankment,9999,Not a Motor Vehicle,77,Not a Motor Vehicle
43,Puerto Rico,430174,1,1,1,1,12,12 Clock Point,12,Motor Vehicle In-Transport,2,2,12,12 Clock Point
43,Puerto Rico,430174,1,2,1,1,12,12 Clock Point,12,Motor Vehicle In-Transport,2,2,12,12 Clock Point
43,Puerto Rico,430175,1,1,1,1,9,9 Clock Point,12,Motor Vehicle In-Transport,2,2,12,12 Clock Point
43,Puerto Rico,430175,1,2,1,1,9,9 Clock Point,12,Motor Vehicle In-Transport,2,2,12,12 Clock Point
43,Puerto Rico,430176,1,1,1,1,12,12 Clock Point,8,Pedestrian,9999,Not a Motor Vehicle,77,Not a Motor Vehicle
43,Puerto Rico,430177,1,1,1,1,55,Non-Harmful Event,79,Ran off Roadway - Direction Unknown,9999,Not a Motor Vehicle,77,Not a Motor Vehicle
43,Puerto Rico,430177,2,1,2,1,2,2 Clock Point,8,Pedestrian,9999,Not a Motor Vehicle,77,Not a Motor Vehicle
43,Puerto Rico,430178,1,1,1,1,12,12 Clock Point,8,Pedestrian,9999,Not a Motor Vehicle,77,Not a Motor Vehicle
43,Puerto Rico,430179,1,1,1,1,12,12 Clock Point,8,Pedestrian,9999,Not a Motor Vehicle,77,Not a Motor Vehicle
43,Puerto Rico,430180,1,1,1,1,55,Non-Harmful Event,79,Ran off Roadway - Direction Unknown,9999,Not a Motor Vehicle,77,Not a Motor Vehicle
43,Puerto Rico,430180,2,1,2,1,12,12 Clock Point,25,Concrete Traffic Barrier,9999,Not a Motor Vehicle,77,Not a Motor Vehicle
43,Puerto Rico,430180,3,1,3,1,12,12 Clock Point,42,Tree (Standing Only),9999,Not a Motor Vehicle,77,Not a Motor Vehicle
43,Puerto Rico,430181,1,1,1,1,12,12 Clock Point,12,Motor Vehicle In-Transport,2,2,12,12 Clock Point
43,Puerto Rico,430181,1,2,1,1,12,12 Clock Point,12,Motor Vehicle In-Transport,2,2,12,12 Clock Point
43,Puerto Rico,430182,1,1,1,1,11,11 Clock Point,12,Motor Vehicle In-Transport,2,2,5,5 Clock Point
43,Puerto Rico,430182,1,2,1,1,11,11 Clock Point,12,Motor Vehicle In-Transport,2,2,5,5 Clock Point
43,Puerto Rico,430183,1,1,1,1,55,Non-Harmful Event,79,Ran off Roadway - Direction Unknown,9999,Not a Motor Vehicle,77,Not a Motor Vehicle
43,Puerto Rico,430183,2,1,2,1,12,12 Clock Point,30,Utility Pole/Light Support,9999,Not a Motor Vehicle,77,Not a Motor Vehicle
43,Puerto Rico,430183,3,1,3,1,0,Non-Collision,1,Rollover/Overturn,9999,Not a Motor Vehicle,77,Not a Motor Vehicle
43,Puerto Rico,430183,4,1,4,1,0,Non-Collision,2,Fire/Explosion,9999,Not a Motor Vehicle,77,Not a Motor Vehicle
43,Puerto Rico,430184,1,1,1,1,55,Non-Harmful Event,79,Ran off Roadway - Direction Unknown,9999,Not a Motor Vehicle,77,Not a Motor Vehicle
43,Puerto Rico,430184,2,1,2,1,12,12 Clock Point,42,Tree (Standing Only),9999,Not a Motor Vehicle,77,Not a Motor Vehicle
43,Puerto Rico,430185,1,1,1,1,55,Non-Harmful Event,79,Ran off Roadway - Direction Unknown,9999,Not a Motor Vehicle,77,Not a Motor Vehicle
43,Puerto Rico,430185,2,1,2,1,12,12 Clock Point,30,Utility Pole/Light Support,9999,Not a Motor Vehicle,77,Not a Motor Vehicle
43,Puerto Rico,430185,3,1,3,1,3,3 Clock Point,42,Tree (Standing Only),9999,Not a Motor Vehicle,77,Not a Motor Vehicle
43,Puerto Rico,430186,1,1,1,1,55,Non-Harmful Event,79,Ran off Roadway - Direction Unknown,9999,Not a Motor Vehicle,77,Not a Motor Vehicle
43,Puerto Rico,430186,2,1,2,1,12,12 Clock Point,42,Tree (Standing Only),9999,Not a Motor Vehicle,77,Not a Motor Vehicle
43,Puerto Rico,430187,1,1,1,1,12,12 Clock Point,8,Pedestrian,9999,Not a Motor Vehicle,77,Not a Motor Vehicle
43,Puerto Rico,430188,1,1,1,1,55,Non-Harmful Event,79,Ran off Roadway - Direction Unknown,9999,Not a Motor Vehicle,77,Not a Motor Vehicle
43,Puerto Rico,430188,2,1,2,1,9,9 Clock Point,12,Motor Vehicle In-Transport,2,2,9,9 Clock Point
43,Puerto Rico,430188,3,1,3,1,12,12 Clock Point,30,Utility Pole/Light Support,9999,Not a Motor Vehicle,77,Not a Motor Vehicle
43,Puerto Rico,430188,2,2,1,1,9,9 Clock Point,12,Motor Vehicle In-Transport,2,2,9,9 Clock Point
43,Puerto Rico,430189,1,1,1,1,12,12 Clock Point,12,Motor Vehicle In-Transport,2,2,12,12 Clock Point
43,Puerto Rico,430189,1,2,1,1,12,12 Clock Point,12,Motor Vehicle In-Transport,2,2,12,12 Clock Point
43,Puerto Rico,430190,1,1,1,1,55,Non-Harmful Event,79,Ran off Roadway - Direction Unknown,9999,Not a Motor Vehicle,77,Not a Motor Vehicle
43,Puerto Rico,430190,2,1,2,1,12,12 Clock Point,42,Tree (Standing Only),9999,Not a Motor Vehicle,77,Not a Motor Vehicle
43,Puerto Rico,430191,1,1,1,1,12,12 Clock Point,12,Motor Vehicle In-Transport,2,2,12,12 Clock Point
43,Puerto Rico,430191,1,2,1,1,12,12 Clock Point,12,Motor Vehicle In-Transport,2,2,12,12 Clock Point
43,Puerto Rico,430192,1,1,1,1,12,12 Clock Point,8,Pedestrian,9999,Not a Motor Vehicle,77,Not a Motor Vehicle
43,Puerto Rico,430193,1,1,1,1,55,Non-Harmful Event,79,Ran off Roadway - Direction Unknown,9999,Not a Motor Vehicle,77,Not a Motor Vehicle
43,Puerto Rico,430193,2,1,2,1,12,12 Clock Point,8,Pedestrian,9999,Not a Motor Vehicle,77,Not a Motor Vehicle
43,Puerto Rico,430193,3,1,3,1,12,12 Clock Point,8,Pedestrian,9999,Not a Motor Vehicle,77,Not a Motor Vehicle
43,Puerto Rico,430194,1,1,1,1,12,12 Clock Point,8,Pedestrian,9999,Not a Motor Vehicle,77,Not a Motor Vehicle
43,Puerto Rico,430195,1,1,1,1,12,12 Clock Point,12,Motor Vehicle In-Transport,2,2,12,12 Clock Point
43,Puerto Rico,430195,1,2,1,1,12,12 Clock Point,12,Motor Vehicle In-Transport,2,2,12,12 Clock Point
43,Puerto Rico,430196,1,1,1,1,55,Non-Harmful Event,79,Ran off Roadway - Direction Unknown,9999,Not a Motor Vehicle,77,Not a Motor Vehicle
43,Puerto Rico,430196,2,1,2,1,12,12 Clock Point,25,Concrete Traffic Barrier,9999,Not a Motor Vehicle,77,Not a Motor Vehicle
43,Puerto Rico,430197,1,1,1,1,12,12 Clock Point,8,Pedestrian,9999,Not a Motor Vehicle,77,Not a Motor Vehicle
43,Puerto Rico,430198,1,1,1,1,2,2 Clock Point,8,Pedestrian,9999,Not a Motor Vehicle,77,Not a Motor Vehicle
43,Puerto Rico,430199,1,1,1,1,12,12 Clock Point,15,Non-Motorist on Personal Conveyance,9999,Not a Motor Vehicle,77,Not a Motor Vehicle
43,Puerto Rico,430200,1,1,1,1,55,Non-Harmful Event,79,Ran off Roadway - Direction Unknown,9999,Not a Motor Vehicle,77,Not a Motor Vehicle
43,Puerto Rico,430200,2,1,2,1,12,12 Clock Point,42,Tree (Standing Only),9999,Not a Motor Vehicle,77,Not a Motor Vehicle
43,Puerto Rico,430201,1,1,1,1,55,Non-Harmful Event,79,Ran off Roadway - Direction Unknown,9999,Not a Motor Vehicle,77,Not a Motor Vehicle
43,Puerto Rico,430201,2,1,2,1,12,12 Clock Point,39,Wall,9999,Not a Motor Vehicle,77,Not a Motor Vehicle
43,Puerto Rico,430202,1,1,1,1,55,Non-Harmful Event,79,Ran off Roadway - Direction Unknown,9999,Not a Motor Vehicle,77,Not a Motor Vehicle
43,Puerto Rico,430202,2,1,2,1,2,2 Clock Point,30,Utility Pole/Light Support,9999,Not a Motor Vehicle,77,Not a Motor Vehicle
43,Puerto Rico,430203,1,1,1,1,55,Non-Harmful Event,79,Ran off Roadway - Direction Unknown,9999,Not a Motor Vehicle,77,Not a Motor Vehicle
43,Puerto Rico,430203,2,1,2,1,12,12 Clock Point,14,Parked Motor Vehicle,2,2,6,6 Clock Point
43,Puerto Rico,430203,2,2,1,1,12,12 Clock Point,14,Parked Motor Vehicle,2,2,6,6 Clock Point
43,Puerto Rico,430204,1,1,1,1,9,9 Clock Point,12,Motor Vehicle In-Transport,2,2,12,12 Clock Point
43,Puerto Rico,430204,1,2,1,1,9,9 Clock Point,12,Motor Vehicle In-Transport,2,2,12,12 Clock Point
43,Puerto Rico,430205,1,1,1,1,55,Non-Harmful Event,79,Ran off Roadway - Direction Unknown,9999,Not a Motor Vehicle,77,Not a Motor Vehicle
43,Puerto Rico,430205,2,1,2,1,12,12 Clock Point,25,Concrete Traffic Barrier,9999,Not a Motor Vehicle,77,Not a Motor Vehicle
43,Puerto Rico,430205,3,1,3,1,0,Non-Collision,2,Fire/Explosion,9999,Not a Motor Vehicle,77,Not a Motor Vehicle
43,Puerto Rico,430205,4,2,1,2,55,Non-Harmful Event,79,Ran off Roadway - Direction Unknown,9999,Not a Motor Vehicle,77,Not a Motor Vehicle
43,Puerto Rico,430205,5,2,2,2,12,12 Clock Point,25,Concrete Traffic Barrier,9999,Not a Motor Vehicle,77,Not a Motor Vehicle
43,Puerto Rico,430205,6,2,3,2,12,12 Clock Point,35,Embankment,9999,Not a Motor Vehicle,77,Not a Motor Vehicle
43,Puerto Rico,430205,7,3,1,3,55,Non-Harmful Event,79,Ran off Roadway - Direction Unknown,9999,Not a Motor Vehicle,77,Not a Motor Vehicle
43,Puerto Rico,430205,8,3,2,3,12,12 Clock Point,25,Concrete Traffic Barrier,9999,Not a Motor Vehicle,77,Not a Motor Vehicle
43,Puerto Rico,430205,9,4,1,4,55,Non-Harmful Event,79,Ran off Roadway - Direction Unknown,9999,Not a Motor Vehicle,77,Not a Motor Vehicle
43,Puerto Rico,430205,10,4,2,4,12,12 Clock Point,25,Concrete Traffic Barrier,9999,Not a Motor Vehicle,77,Not a Motor Vehicle
43,Puerto Rico,430205,11,5,1,5,55,Non-Harmful Event,79,Ran off Roadway - Direction Unknown,9999,Not a Motor Vehicle,77,Not a Motor Vehicle
43,Puerto Rico,430205,12,5,2,5,12,12 Clock Point,25,Concrete Traffic Barrier,9999,Not a Motor Vehicle,77,Not a Motor Vehicle
43,Puerto Rico,430205,13,6,1,6,55,Non-Harmful Event,79,Ran off Roadway - Direction Unknown,9999,Not a Motor Vehicle,77,Not a Motor Vehicle
43,Puerto Rico,430205,14,6,2,6,12,12 Clock Point,25,Concrete Traffic Barrier,9999,Not a Motor Vehicle,77,Not a Motor Vehicle
43,Puerto Rico,430205,15,7,1,7,55,Non-Harmful Event,79,Ran off Roadway - Direction Unknown,9999,Not a Motor Vehicle,77,Not a Motor Vehicle
43,Puerto Rico,430205,16,7,2,7,12,12 Clock Point,25,Concrete Traffic Barrier,9999,Not a Motor Vehicle,77,Not a Motor Vehicle
43,Puerto Rico,430206,1,1,1,1,12,12 Clock Point,8,Pedestrian,9999,Not a Motor Vehicle,77,Not a Motor Vehicle
43,Puerto Rico,430207,1,1,1,1,0,Non-Collision,5,Fell/Jumped from Vehicle,9999,Not a Motor Vehicle,77,Not a Motor Vehicle
43,Puerto Rico,430208,1,1,1,1,55,Non-Harmful Event,79,Ran off Roadway - Direction Unknown,9999,Not a Motor Vehicle,77,Not a Motor Vehicle
43,Puerto Rico,430208,2,1,2,1,3,3 Clock Point,12,Motor Vehicle In-Transport,2,2,2,2 Clock Point
43,Puerto Rico,430208,3,1,3,1,12,12 Clock Point,30,Utility Pole/Light Support,9999,Not a Motor Vehicle,77,Not a Motor Vehicle
43,Puerto Rico,430208,2,2,1,1,3,3 Clock Point,12,Motor Vehicle In-Transport,2,2,2,2 Clock Point
43,Puerto Rico,430209,1,1,1,1,12,12 Clock Point,12,Motor Vehicle In-Transport,2,2,6,6 Clock Point
43,Puerto Rico,430209,1,2,1,1,12,12 Clock Point,12,Motor Vehicle In-Transport,2,2,6,6 Clock Point
43,Puerto Rico,430210,1,1,1,1,55,Non-Harmful Event,79,Ran off Roadway - Direction Unknown,9999,Not a Motor Vehicle,77,Not a Motor Vehicle
43,Puerto Rico,430210,2,1,2,1,12,12 Clock Point,25,Concrete Traffic Barrier,9999,Not a Motor Vehicle,77,Not a Motor Vehicle
43,Puerto Rico,430211,1,1,1,1,12,12 Clock Point,12,Motor Vehicle In-Transport,2,2,12,12 Clock Point
43,Puerto Rico,430211,1,2,1,1,12,12 Clock Point,12,Motor Vehicle In-Transport,2,2,12,12 Clock Point
43,Puerto Rico,430212,1,1,1,1,3,3 Clock Point,12,Motor Vehicle In-Transport,2,2,12,12 Clock Point
43,Puerto Rico,430212,1,2,1,1,3,3 Clock Point,12,Motor Vehicle In-Transport,2,2,12,12 Clock Point
43,Puerto Rico,430213,1,1,1,1,9,9 Clock Point,12,Motor Vehicle In-Transport,2,2,3,3 Clock Point
43,Puerto Rico,430213,2,1,2,1,5,5 Clock Point,12,Motor Vehicle In-Transport,3,3,11,11 Clock Point
43,Puerto Rico,430213,1,2,1,1,9,9 Clock Point,12,Motor Vehicle In-Transport,2,2,3,3 Clock Point
43,Puerto Rico,430213,2,3,1,1,5,5 Clock Point,12,Motor Vehicle In-Transport,3,3,11,11 Clock Point
43,Puerto Rico,430213,3,3,2,3,12,12 Clock Point,12,Motor Vehicle In-Transport,4,4,6,6 Clock Point
43,Puerto Rico,430213,4,3,3,3,7,7 Clock Point,12,Motor Vehicle In-Transport,5,5,5,5 Clock Point
43,Puerto Rico,430213,3,4,1,3,12,12 Clock Point,12,Motor Vehicle In-Transport,4,4,6,6 Clock Point
43,Puerto Rico,430213,4,5,1,3,7,7 Clock Point,12,Motor Vehicle In-Transport,5,5,5,5 Clock Point
43,Puerto Rico,430214,1,1,1,1,2,2 Clock Point,8,Pedestrian,9999,Not a Motor Vehicle,77,Not a Motor Vehicle
43,Puerto Rico,430215,1,1,1,1,55,Non-Harmful Event,79,Ran off Roadway - Direction Unknown,9999,Not a Motor Vehicle,77,Not a Motor Vehicle
43,Puerto Rico,430215,2,1,2,1,2,2 Clock Point,30,Utility Pole/Light Support,9999,Not a Motor Vehicle,77,Not a Motor Vehicle
43,Puerto Rico,430216,1,1,1,1,55,Non-Harmful Event,79,Ran off Roadway - Direction Unknown,9999,Not a Motor Vehicle,77,Not a Motor Vehicle
43,Puerto Rico,430216,2,1,2,1,9,9 Clock Point,39,Wall,9999,Not a Motor Vehicle,77,Not a Motor Vehicle
43,Puerto Rico,430217,1,1,1,1,2,2 Clock Point,8,Pedestrian,9999,Not a Motor Vehicle,77,Not a Motor Vehicle
43,Puerto Rico,430218,1,1,1,1,11,11 Clock Point,8,Pedestrian,9999,Not a Motor Vehicle,77,Not a Motor Vehicle
43,Puerto Rico,430219,1,1,1,1,12,12 Clock Point,8,Pedestrian,9999,Not a Motor Vehicle,77,Not a Motor Vehicle
43,Puerto Rico,430220,1,1,1,1,11,11 Clock Point,8,Pedestrian,9999,Not a Motor Vehicle,77,Not a Motor Vehicle
43,Puerto Rico,430221,1,1,1,1,12,12 Clock Point,12,Motor Vehicle In-Transport,2,2,6,6 Clock Point
43,Puerto Rico,430221,1,2,1,1,12,12 Clock Point,12,Motor Vehicle In-Transport,2,2,6,6 Clock Point
43,Puerto Rico,430222,1,1,1,1,55,Non-Harmful Event,79,Ran off Roadway - Direction Unknown,9999,Not a Motor Vehicle,77,Not a Motor Vehicle
43,Puerto Rico,430222,2,1,2,1,0,Non-Collision,1,Rollover/Overturn,9999,Not a Motor Vehicle,77,Not a Motor Vehicle
43,Puerto Rico,430223,1,1,1,1,55,Non-Harmful Event,79,Ran off Roadway - Direction Unknown,9999,Not a Motor Vehicle,77,Not a Motor Vehicle
43,Puerto Rico,430223,2,1,2,1,12,12 Clock Point,25,Concrete Traffic Barrier,9999,Not a Motor Vehicle,77,Not a Motor Vehicle
43,Puerto Rico,430224,1,1,1,1,9,9 Clock Point,12,Motor Vehicle In-Transport,2,2,12,12 Clock Point
43,Puerto Rico,430224,1,2,1,1,9,9 Clock Point,12,Motor Vehicle In-Transport,2,2,12,12 Clock Point
43,Puerto Rico,430225,1,1,1,1,55,Non-Harmful Event,79,Ran off Roadway - Direction Unknown,9999,Not a Motor Vehicle,77,Not a Motor Vehicle
43,Puerto Rico,430225,2,1,2,1,3,3 Clock Point,25,Concrete Traffic Barrier,9999,Not a Motor Vehicle,77,Not a Motor Vehicle
43,Puerto Rico,430225,3,1,3,1,12,12 Clock Point,25,Concrete Traffic Barrier,9999,Not a Motor Vehicle,77,Not a Motor Vehicle
43,Puerto Rico,430225,4,1,4,1,3,3 Clock Point,25,Concrete Traffic Barrier,9999,Not a Motor Vehicle,77,Not a Motor Vehicle
43,Puerto Rico,430225,5,1,5,1,0,Non-Collision,1,Rollover/Overturn,9999,Not a Motor Vehicle,77,Not a Motor Vehicle
43,Puerto Rico,430226,1,1,1,1,55,Non-Harmful Event,79,Ran off Roadway - Direction Unknown,9999,Not a Motor Vehicle,77,Not a Motor Vehicle
43,Puerto Rico,430226,2,1,2,1,11,11 Clock Point,25,Concrete Traffic Barrier,9999,Not a Motor Vehicle,77,Not a Motor Vehicle
43,Puerto Rico,430227,1,1,1,1,3,3 Clock Point,12,Motor Vehicle In-Transport,2,2,12,12 Clock Point
43,Puerto Rico,430227,1,2,1,1,3,3 Clock Point,12,Motor Vehicle In-Transport,2,2,12,12 Clock Point
43,Puerto Rico,430228,1,1,1,1,6,6 Clock Point,12,Motor Vehicle In-Transport,2,2,12,12 Clock Point
43,Puerto Rico,430228,1,2,1,1,6,6 Clock Point,12,Motor Vehicle In-Transport,2,2,12,12 Clock Point
43,Puerto Rico,430228,2,2,2,2,0,Non-Collision,2,Fire/Explosion,9999,Not a Motor Vehicle,77,Not a Motor Vehicle
43,Puerto Rico,430229,1,1,1,1,12,12 Clock Point,12,Motor Vehicle In-Transport,2,2,9,9 Clock Point
43,Puerto Rico,430229,1,2,1,1,12,12 Clock Point,12,Motor Vehicle In-Transport,2,2,9,9 Clock Point
43,Puerto Rico,430230,1,1,1,1,12,12 Clock Point,12,Motor Vehicle In-Transport,2,2,3,3 Clock Point
43,Puerto Rico,430230,1,2,1,1,12,12 Clock Point,12,Motor Vehicle In-Transport,2,2,3,3 Clock Point
43,Puerto Rico,430231,1,1,1,1,9,9 Clock Point,12,Motor Vehicle In-Transport,2,2,9,9 Clock Point
43,Puerto Rico,430231,1,2,1,1,9,9 Clock Point,12,Motor Vehicle In-Transport,2,2,9,9 Clock Point
43,Puerto Rico,430232,1,1,1,1,12,12 Clock Point,8,Pedestrian,9999,Not a Motor Vehicle,77,Not a Motor Vehicle
43,Puerto Rico,430233,1,1,1,1,55,Non-Harmful Event,79,Ran off Roadway - Direction Unknown,9999,Not a Motor Vehicle,77,Not a Motor Vehicle
43,Puerto Rico,430233,2,1,2,1,11,11 Clock Point,30,Utility Pole/Light Support,9999,Not a Motor Vehicle,77,Not a Motor Vehicle
43,Puerto Rico,430233,3,1,3,1,0,Non-Collision,2,Fire/Explosion,9999,Not a Motor Vehicle,77,Not a Motor Vehicle
43,Puerto Rico,430234,1,1,1,1,12,12 Clock Point,12,Motor Vehicle In-Transport,2,2,12,12 Clock Point
43,Puerto Rico,430234,1,2,1,1,12,12 Clock Point,12,Motor Vehicle In-Transport,2,2,12,12 Clock Point
43,Puerto Rico,430235,1,1,1,1,9,9 Clock Point,12,Motor Vehicle In-Transport,2,2,12,12 Clock Point
43,Puerto Rico,430235,4,1,2,1,12,12 Clock Point,12,Motor Vehicle In-Transport,3,3,12,12 Clock Point
43,Puerto Rico,430235,1,2,1,1,9,9 Clock Point,12,Motor Vehicle In-Transport,2,2,12,12 Clock Point
43,Puerto Rico,430235,2,2,2,2,55,Non-Harmful Event,79,Ran off Roadway - Direction Unknown,9999,Not a Motor Vehicle,77,Not a Motor Vehicle
43,Puerto Rico,430235,3,2,3,2,12,12 Clock Point,30,Utility Pole/Light Support,9999,Not a Motor Vehicle,77,Not a Motor Vehicle
43,Puerto Rico,430235,4,3,1,1,12,12 Clock Point,12,Motor Vehicle In-Transport,3,3,12,12 Clock Point
43,Puerto Rico,430236,1,1,1,1,55,Non-Harmful Event,79,Ran off Roadway - Direction Unknown,9999,Not a Motor Vehicle,77,Not a Motor Vehicle
43,Puerto Rico,430236,2,1,2,1,12,12 Clock Point,35,Embankment,9999,Not a Motor Vehicle,77,Not a Motor Vehicle
43,Puerto Rico,430237,1,1,1,1,55,Non-Harmful Event,79,Ran off Roadway - Direction Unknown,9999,Not a Motor Vehicle,77,Not a Motor Vehicle
43,Puerto Rico,430237,2,1,2,1,12,12 Clock Point,25,Concrete Traffic Barrier,9999,Not a Motor Vehicle,77,Not a Motor Vehicle
43,Puerto Rico,430238,1,1,1,1,55,Non-Harmful Event,79,Ran off Roadway - Direction Unknown,9999,Not a Motor Vehicle,77,Not a Motor Vehicle
43,Puerto Rico,430238,2,1,2,1,0,Non-Collision,7,Other Non-Collision,9999,Not a Motor Vehicle,77,Not a Motor Vehicle
43,Puerto Rico,430239,1,1,1,1,9,9 Clock Point,12,Motor Vehicle In-Transport,2,2,9,9 Clock Point
43,Puerto Rico,430239,1,2,1,1,9,9 Clock Point,12,Motor Vehicle In-Transport,2,2,9,9 Clock Point
43,Puerto Rico,430240,1,1,1,1,55,Non-Harmful Event,79,Ran off Roadway - Direction Unknown,9999,Not a Motor Vehicle,77,Not a Motor Vehicle
43,Puerto Rico,430240,2,1,2,1,12,12 Clock Point,43,Other Fixed Object,9999,Not a Motor Vehicle,77,Not a Motor Vehicle
43,Puerto Rico,430241,1,1,1,1,12,12 Clock Point,8,Pedestrian,9999,Not a Motor Vehicle,77,Not a Motor Vehicle
43,Puerto Rico,430242,1,1,1,1,55,Non-Harmful Event,79,Ran off Roadway - Direction Unknown,9999,Not a Motor Vehicle,77,Not a Motor Vehicle
43,Puerto Rico,430242,2,1,2,1,12,12 Clock Point,25,Concrete Traffic Barrier,9999,Not a Motor Vehicle,77,Not a Motor Vehicle
43,Puerto Rico,430243,1,1,1,1,11,11 Clock Point,8,Pedestrian,9999,Not a Motor Vehicle,77,Not a Motor Vehicle
43,Puerto Rico,430244,1,1,1,1,55,Non-Harmful Event,79,Ran off Roadway - Direction Unknown,9999,Not a Motor Vehicle,77,Not a Motor Vehicle
43,Puerto Rico,430244,2,1,2,1,12,12 Clock Point,14,Parked Motor Vehicle,2,2,6,6 Clock Point
43,Puerto Rico,430244,2,2,1,1,12,12 Clock Point,14,Parked Motor Vehicle,2,2,6,6 Clock Point
43,Puerto Rico,430245,1,1,1,1,12,12 Clock Point,12,Motor Vehicle In-Transport,2,2,3,3 Clock Point
43,Puerto Rico,430245,1,2,1,1,12,12 Clock Point,12,Motor Vehicle In-Transport,2,2,3,3 Clock Point
43,Puerto Rico,430246,1,1,1,1,12,12 Clock Point,12,Motor Vehicle In-Transport,2,2,12,12 Clock Point
43,Puerto Rico,430246,1,2,1,1,12,12 Clock Point,12,Motor Vehicle In-Transport,2,2,12,12 Clock Point
43,Puerto Rico,430247,1,1,1,1,12,12 Clock Point,12,Motor Vehicle In-Transport,2,2,9,9 Clock Point
43,Puerto Rico,430247,1,2,1,1,12,12 Clock Point,12,Motor Vehicle In-Transport,2,2,9,9 Clock Point
43,Puerto Rico,430248,1,1,1,1,3,3 Clock Point,9,Pedalcyclist,9999,Not a Motor Vehicle,77,Not a Motor Vehicle
43,Puerto Rico,430249,1,1,1,1,55,Non-Harmful Event,79,Ran off Roadway - Direction Unknown,9999,Not a Motor Vehicle,77,Not a Motor Vehicle
43,Puerto Rico,430249,2,1,2,1,12,12 Clock Point,42,Tree (Standing Only),9999,Not a Motor Vehicle,77,Not a Motor Vehicle
43,Puerto Rico,430250,1,1,1,1,55,Non-Harmful Event,79,Ran off Roadway - Direction Unknown,9999,Not a Motor Vehicle,77,Not a Motor Vehicle
43,Puerto Rico,430250,2,1,2,1,12,12 Clock Point,8,Pedestrian,9999,Not a Motor Vehicle,77,Not a Motor Vehicle
43,Puerto Rico,430251,1,1,1,1,0,Non-Collision,5,Fell/Jumped from Vehicle,9999,Not a Motor Vehicle,77,Not a Motor Vehicle
43,Puerto Rico,430252,1,1,1,1,55,Non-Harmful Event,79,Ran off Roadway - Direction Unknown,9999,Not a Motor Vehicle,77,Not a Motor Vehicle
43,Puerto Rico,430252,2,1,2,1,12,12 Clock Point,39,Wall,9999,Not a Motor Vehicle,77,Not a Motor Vehicle
43,Puerto Rico,430253,1,1,1,1,12,12 Clock Point,12,Motor Vehicle In-Transport,2,2,9,9 Clock Point
43,Puerto Rico,430253,1,2,1,1,12,12 Clock Point,12,Motor Vehicle In-Transport,2,2,9,9 Clock Point
43,Puerto Rico,430254,1,1,1,1,0,Non-Collision,5,Fell/Jumped from Vehicle,9999,Not a Motor Vehicle,77,Not a Motor Vehicle
43,Puerto Rico,430255,1,1,1,1,55,Non-Harmful Event,79,Ran off Roadway - Direction Unknown,9999,Not a Motor Vehicle,77,Not a Motor Vehicle
43,Puerto Rico,430255,2,1,2,1,12,12 Clock Point,25,Concrete Traffic Barrier,9999,Not a Motor Vehicle,77,Not a Motor Vehicle
43,Puerto Rico,430255,3,1,3,1,0,Non-Collision,1,Rollover/Overturn,9999,Not a Motor Vehicle,77,Not a Motor Vehicle
43,Puerto Rico,430256,1,1,1,1,55,Non-Harmful Event,79,Ran off Roadway - Direction Unknown,9999,Not a Motor Vehicle,77,Not a Motor Vehicle
43,Puerto Rico,430256,2,1,2,1,11,11 Clock Point,25,Concrete Traffic Barrier,9999,Not a Motor Vehicle,77,Not a Motor Vehicle
43,Puerto Rico,430256,3,1,3,1,0,Non-Collision,1,Rollover/Overturn,9999,Not a Motor Vehicle,77,Not a Motor Vehicle
43,Puerto Rico,430257,1,1,1,1,55,Non-Harmful Event,79,Ran off Roadway - Direction Unknown,9999,Not a Motor Vehicle,77,Not a Motor Vehicle
43,Puerto Rico,430257,2,1,2,1,12,12 Clock Point,25,Concrete Traffic Barrier,9999,Not a Motor Vehicle,77,Not a Motor Vehicle
43,Puerto Rico,430257,3,1,3,1,5,5 Clock Point,25,Concrete Traffic Barrier,9999,Not a Motor Vehicle,77,Not a Motor Vehicle
43,Puerto Rico,430258,1,1,1,1,12,12 Clock Point,8,Pedestrian,9999,Not a Motor Vehicle,77,Not a Motor Vehicle
43,Puerto Rico,430259,1,1,1,1,12,12 Clock Point,12,Motor Vehicle In-Transport,2,2,6,6 Clock Point
43,Puerto Rico,430259,2,1,2,1,0,Non-Collision,1,Rollover/Overturn,9999,Not a Motor Vehicle,77,Not a Motor Vehicle
43,Puerto Rico,430259,1,2,1,1,12,12 Clock Point,12,Motor Vehicle In-Transport,2,2,6,6 Clock Point
43,Puerto Rico,430260,1,1,1,1,55,Non-Harmful Event,79,Ran off Roadway - Direction Unknown,9999,Not a Motor Vehicle,77,Not a Motor Vehicle
43,Puerto Rico,430260,2,1,2,1,12,12 Clock Point,25,Concrete Traffic Barrier,9999,Not a Motor Vehicle,77,Not a Motor Vehicle
43,Puerto Rico,430260,3,1,3,1,12,12 Clock Point,43,Other Fixed Object,9999,Not a Motor Vehicle,77,Not a Motor Vehicle
43,Puerto Rico,430261,1,1,1,1,12,12 Clock Point,8,Pedestrian,9999,Not a Motor Vehicle,77,Not a Motor Vehicle
43,Puerto Rico,430262,1,1,1,1,12,12 Clock Point,12,Motor Vehicle In-Transport,2,2,3,3 Clock Point
43,Puerto Rico,430262,1,2,1,1,12,12 Clock Point,12,Motor Vehicle In-Transport,2,2,3,3 Clock Point
43,Puerto Rico,430263,1,1,1,1,12,12 Clock Point,12,Motor Vehicle In-Transport,2,2,9,9 Clock Point
43,Puerto Rico,430263,1,2,1,1,12,12 Clock Point,12,Motor Vehicle In-Transport,2,2,9,9 Clock Point
43,Puerto Rico,430264,1,1,1,1,12,12 Clock Point,8,Pedestrian,9999,Not a Motor Vehicle,77,Not a Motor Vehicle
43,Puerto Rico,430265,1,1,1,1,55,Non-Harmful Event,79,Ran off Roadway - Direction Unknown,9999,Not a Motor Vehicle,77,Not a Motor Vehicle
43,Puerto Rico,430265,2,1,2,1,12,12 Clock Point,42,Tree (Standing Only),9999,Not a Motor Vehicle,77,Not a Motor Vehicle
43,Puerto Rico,430266,1,1,1,1,12,12 Clock Point,15,Non-Motorist on Personal Conveyance,9999,Not a Motor Vehicle,77,Not a Motor Vehicle
43,Puerto Rico,430266,2,1,2,1,12,12 Clock Point,15,Non-Motorist on Personal Conveyance,9999,Not a Motor Vehicle,77,Not a Motor Vehicle
43,Puerto Rico,430267,1,1,1,1,3,3 Clock Point,12,Motor Vehicle In-Transport,2,2,9,9 Clock Point
43,Puerto Rico,430267,1,2,1,1,3,3 Clock Point,12,Motor Vehicle In-Transport,2,2,9,9 Clock Point
43,Puerto Rico,430268,1,1,1,1,12,12 Clock Point,9,Pedalcyclist,9999,Not a Motor Vehicle,77,Not a Motor Vehicle
43,Puerto Rico,430269,1,1,1,1,12,12 Clock Point,8,Pedestrian,9999,Not a Motor Vehicle,77,Not a Motor Vehicle
43,Puerto Rico,430270,1,1,1,1,9,9 Clock Point,12,Motor Vehicle In-Transport,2,2,12,12 Clock Point
43,Puerto Rico,430270,1,2,1,1,9,9 Clock Point,12,Motor Vehicle In-Transport,2,2,12,12 Clock Point
43,Puerto Rico,430271,1,1,1,1,55,Non-Harmful Event,79,Ran off Roadway - Direction Unknown,9999,Not a Motor Vehicle,77,Not a Motor Vehicle
43,Puerto Rico,430271,2,1,2,1,12,12 Clock Point,25,Concrete Traffic Barrier,9999,Not a Motor Vehicle,77,Not a Motor Vehicle
43,Puerto Rico,430272,1,1,1,1,12,12 Clock Point,12,Motor Vehicle In-Transport,2,2,6,6 Clock Point
43,Puerto Rico,430272,2,1,2,1,0,Non-Collision,2,Fire/Explosion,9999,Not a Motor Vehicle,77,Not a Motor Vehicle
43,Puerto Rico,430272,1,2,1,1,12,12 Clock Point,12,Motor Vehicle In-Transport,2,2,6,6 Clock Point
43,Puerto Rico,430273,1,1,1,1,55,Non-Harmful Event,79,Ran off Roadway - Direction Unknown,9999,Not a Motor Vehicle,77,Not a Motor Vehicle
43,Puerto Rico,430273,2,1,2,1,12,12 Clock Point,30,Utility Pole/Light Support,9999,Not a Motor Vehicle,77,Not a Motor Vehicle
43,Puerto Rico,430274,1,1,1,1,12,12 Clock Point,12,Motor Vehicle In-Transport,2,2,12,12 Clock Point
43,Puerto Rico,430274,1,2,1,1,12,12 Clock Point,12,Motor Vehicle In-Transport,2,2,12,12 Clock Point
43,Puerto Rico,430275,1,1,1,1,55,Non-Harmful Event,79,Ran off Roadway - Direction Unknown,9999,Not a Motor Vehicle,77,Not a Motor Vehicle
43,Puerto Rico,430275,2,1,2,1,0,Non-Collision,5,Fell/Jumped from Vehicle,9999,Not a Motor Vehicle,77,Not a Motor Vehicle
43,Puerto Rico,430276,1,1,1,1,12,12 Clock Point,12,Motor Vehicle In-Transport,2,2,12,12 Clock Point
43,Puerto Rico,430276,1,2,1,1,12,12 Clock Point,12,Motor Vehicle In-Transport,2,2,12,12 Clock Point
43,Puerto Rico,430276,2,2,2,2,5,5 Clock Point,12,Motor Vehicle In-Transport,3,3,11,11 Clock Point
43,Puerto Rico,430276,3,2,3,2,12,12 Clock Point,12,Motor Vehicle In-Transport,4,4,9,9 Clock Point
43,Puerto Rico,430276,2,3,1,2,5,5 Clock Point,12,Motor Vehicle In-Transport,3,3,11,11 Clock Point
43,Puerto Rico,430276,3,4,1,2,12,12 Clock Point,12,Motor Vehicle In-Transport,4,4,9,9 Clock Point
43,Puerto Rico,430277,1,1,1,1,12,12 Clock Point,9,Pedalcyclist,9999,Not a Motor Vehicle,77,Not a Motor Vehicle
43,Puerto Rico,430278,1,1,1,1,55,Non-Harmful Event,79,Ran off Roadway - Direction Unknown,9999,Not a Motor Vehicle,77,Not a Motor Vehicle
43,Puerto Rico,430278,2,1,2,1,0,Non-Collision,1,Rollover/Overturn,9999,Not a Motor Vehicle,77,Not a Motor Vehicle
43,Puerto Rico,430278,3,1,3,1,0,Non-Collision,7,Other Non-Collision,9999,Not a Motor Vehicle,77,Not a Motor Vehicle
43,Puerto Rico,430279,1,1,1,1,12,12 Clock Point,12,Motor Vehicle In-Transport,2,2,12,12 Clock Point
43,Puerto Rico,430279,1,2,1,1,12,12 Clock Point,12,Motor Vehicle In-Transport,2,2,12,12 Clock Point
43,Puerto Rico,430280,1,1,1,1,0,Non-Collision,5,Fell/Jumped from Vehicle,9999,Not a Motor Vehicle,77,Not a Motor Vehicle
43,Puerto Rico,430281,1,1,1,1,12,12 Clock Point,12,Motor Vehicle In-Transport,2,2,12,12 Clock Point
43,Puerto Rico,430281,1,2,1,1,12,12 Clock Point,12,Motor Vehicle In-Transport,2,2,12,12 Clock Point
43,Puerto Rico,430282,1,1,1,1,12,12 Clock Point,8,Pedestrian,9999,Not a Motor Vehicle,77,Not a Motor Vehicle
43,Puerto Rico,430283,1,1,1,1,12,12 Clock Point,8,Pedestrian,9999,Not a Motor Vehicle,77,Not a Motor Vehicle
43,Puerto Rico,430284,1,1,1,1,12,12 Clock Point,8,Pedestrian,9999,Not a Motor Vehicle,77,Not a Motor Vehicle
43,Puerto Rico,430285,1,1,1,1,12,12 Clock Point,12,Motor Vehicle In-Transport,2,2,6,6 Clock Point
43,Puerto Rico,430285,1,2,1,1,12,12 Clock Point,12,Motor Vehicle In-Transport,2,2,6,6 Clock Point
43,Puerto Rico,430286,1,1,1,1,12,12 Clock Point,8,Pedestrian,9999,Not a Motor Vehicle,77,Not a Motor Vehicle
43,Puerto Rico,430287,1,1,1,1,55,Non-Harmful Event,79,Ran off Roadway - Direction Unknown,9999,Not a Motor Vehicle,77,Not a Motor Vehicle
43,Puerto Rico,430287,2,1,2,1,0,Non-Collision,7,Other Non-Collision,9999,Not a Motor Vehicle,77,Not a Motor Vehicle
43,Puerto Rico,430288,1,1,1,1,55,Non-Harmful Event,79,Ran off Roadway - Direction Unknown,9999,Not a Motor Vehicle,77,Not a Motor Vehicle
43,Puerto Rico,430288,2,1,2,1,0,Non-Collision,1,Rollover/Overturn,9999,Not a Motor Vehicle,77,Not a Motor Vehicle
43,Puerto Rico,430289,1,1,1,1,12,12 Clock Point,12,Motor Vehicle In-Transport,2,2,12,12 Clock Point
43,Puerto Rico,430289,1,2,1,1,12,12 Clock Point,12,Motor Vehicle In-Transport,2,2,12,12 Clock Point
43,Puerto Rico,430290,1,1,1,1,12,12 Clock Point,9,Pedalcyclist,9999,Not a Motor Vehicle,77,Not a Motor Vehicle
43,Puerto Rico,430291,1,1,1,1,12,12 Clock Point,8,Pedestrian,9999,Not a Motor Vehicle,77,Not a Motor Vehicle
43,Puerto Rico,430292,1,1,1,1,3,3 Clock Point,12,Motor Vehicle In-Transport,2,2,12,12 Clock Point
43,Puerto Rico,430292,1,2,1,1,3,3 Clock Point,12,Motor Vehicle In-Transport,2,2,12,12 Clock Point
43,Puerto Rico,430293,1,1,1,1,55,Non-Harmful Event,79,Ran off Roadway - Direction Unknown,9999,Not a Motor Vehicle,77,Not a Motor Vehicle
43,Puerto Rico,430293,2,1,2,1,12,12 Clock Point,35,Embankment,9999,Not a Motor Vehicle,77,Not a Motor Vehicle
43,Puerto Rico,430293,3,1,3,1,0,Non-Collision,1,Rollover/Overturn,9999,Not a Motor Vehicle,77,Not a Motor Vehicle
43,Puerto Rico,430294,1,1,1,1,12,12 Clock Point,9,Pedalcyclist,9999,Not a Motor Vehicle,77,Not a Motor Vehicle
43,Puerto Rico,430295,1,1,1,1,12,12 Clock Point,12,Motor Vehicle In-Transport,2,2,6,6 Clock Point
43,Puerto Rico,430295,1,2,1,1,12,12 Clock Point,12,Motor Vehicle In-Transport,2,2,6,6 Clock Point
43,Puerto Rico,430296,1,1,1,1,11,11 Clock Point,8,Pedestrian,9999,Not a Motor Vehicle,77,Not a Motor Vehicle
43,Puerto Rico,430297,1,1,1,1,12,12 Clock Point,8,Pedestrian,9999,Not a Motor Vehicle,77,Not a Motor Vehicle
43,Puerto Rico,430298,1,1,1,1,3,3 Clock Point,12,Motor Vehicle In-Transport,2,2,12,12 Clock Point
43,Puerto Rico,430298,1,2,1,1,3,3 Clock Point,12,Motor Vehicle In-Transport,2,2,12,12 Clock Point
43,Puerto Rico,430299,1,1,1,1,55,Non-Harmful Event,79,Ran off Roadway - Direction Unknown,9999,Not a Motor Vehicle,77,Not a Motor Vehicle
43,Puerto Rico,430299,2,1,2,1,12,12 Clock Point,30,Utility Pole/Light Support,9999,Not a Motor Vehicle,77,Not a Motor Vehicle
43,Puerto Rico,430300,1,1,1,1,55,Non-Harmful Event,79,Ran off Roadway - Direction Unknown,9999,Not a Motor Vehicle,77,Not a Motor Vehicle
43,Puerto Rico,430300,2,1,2,1,12,12 Clock Point,42,Tree (Standing Only),9999,Not a Motor Vehicle,77,Not a Motor Vehicle
43,Puerto Rico,430301,1,1,1,1,2,2 Clock Point,8,Pedestrian,9999,Not a Motor Vehicle,77,Not a Motor Vehicle
43,Puerto Rico,430302,1,1,1,1,2,2 Clock Point,8,Pedestrian,9999,Not a Motor Vehicle,77,Not a Motor Vehicle
43,Puerto Rico,430303,1,1,1,1,11,11 Clock Point,8,Pedestrian,9999,Not a Motor Vehicle,77,Not a Motor Vehicle
43,Puerto Rico,430304,1,1,1,1,2,2 Clock Point,8,Pedestrian,9999,Not a Motor Vehicle,77,Not a Motor Vehicle
43,Puerto Rico,430305,1,1,1,1,12,12 Clock Point,8,Pedestrian,9999,Not a Motor Vehicle,77,Not a Motor Vehicle
43,Puerto Rico,430306,1,1,1,1,12,12 Clock Point,8,Pedestrian,9999,Not a Motor Vehicle,77,Not a Motor Vehicle
43,Puerto Rico,430307,1,1,1,1,12,12 Clock Point,8,Pedestrian,9999,Not a Motor Vehicle,77,Not a Motor Vehicle
43,Puerto Rico,430308,1,1,1,1,12,12 Clock Point,8,Pedestrian,9999,Not a Motor Vehicle,77,Not a Motor Vehicle
43,Puerto Rico,430309,1,1,1,1,12,12 Clock Point,8,Pedestrian,9999,Not a Motor Vehicle,77,Not a Motor Vehicle
43,Puerto Rico,430309,2,1,2,1,12,12 Clock Point,12,Motor Vehicle In-Transport,2,2,9,9 Clock Point
43,Puerto Rico,430309,2,2,1,1,12,12 Clock Point,12,Motor Vehicle In-Transport,2,2,9,9 Clock Point
43,Puerto Rico,430310,1,1,1,1,12,12 Clock Point,8,Pedestrian,9999,Not a Motor Vehicle,77,Not a Motor Vehicle
43,Puerto Rico,430311,1,1,1,1,10,10 Clock Point,12,Motor Vehicle In-Transport,2,2,7,7 Clock Point
43,Puerto Rico,430311,2,1,2,1,12,12 Clock Point,8,Pedestrian,9999,Not a Motor Vehicle,77,Not a Motor Vehicle
43,Puerto Rico,430311,1,2,1,1,10,10 Clock Point,12,Motor Vehicle In-Transport,2,2,7,7 Clock Point
43,Puerto Rico,430312,1,1,1,1,12,12 Clock Point,12,Motor Vehicle In-Transport,2,2,3,3 Clock Point
43,Puerto Rico,430312,1,2,1,1,12,12 Clock Point,12,Motor Vehicle In-Transport,2,2,3,3 Clock Point
43,Puerto Rico,430313,1,1,1,1,12,12 Clock Point,8,Pedestrian,9999,Not a Motor Vehicle,77,Not a Motor Vehicle
43,Puerto Rico,430314,1,1,1,1,55,Non-Harmful Event,79,Ran off Roadway - Direction Unknown,9999,Not a Motor Vehicle,77,Not a Motor Vehicle
43,Puerto Rico,430314,2,1,2,1,11,11 Clock Point,42,Tree (Standing Only),9999,Not a Motor Vehicle,77,Not a Motor Vehicle
43,Puerto Rico,430314,3,1,3,1,2,2 Clock Point,42,Tree (Standing Only),9999,Not a Motor Vehicle,77,Not a Motor Vehicle
43,Puerto Rico,430315,1,1,1,1,12,12 Clock Point,12,Motor Vehicle In-Transport,2,2,6,6 Clock Point
43,Puerto Rico,430315,1,2,1,1,12,12 Clock Point,12,Motor Vehicle In-Transport,2,2,6,6 Clock Point
43,Puerto Rico,430316,1,1,1,1,12,12 Clock Point,12,Motor Vehicle In-Transport,2,2,12,12 Clock Point
43,Puerto Rico,430316,1,2,1,1,12,12 Clock Point,12,Motor Vehicle In-Transport,2,2,12,12 Clock Point
43,Puerto Rico,430316,2,2,2,2,12,12 Clock Point,12,Motor Vehicle In-Transport,3,3,12,12 Clock Point
43,Puerto Rico,430316,2,3,1,2,12,12 Clock Point,12,Motor Vehicle In-Transport,3,3,12,12 Clock Point
43,Puerto Rico,430317,1,1,1,1,12,12 Clock Point,12,Motor Vehicle In-Transport,2,2,12,12 Clock Point
43,Puerto Rico,430317,1,2,1,1,12,12 Clock Point,12,Motor Vehicle In-Transport,2,2,12,12 Clock Point
43,Puerto Rico,430318,1,1,1,1,12,12 Clock Point,8,Pedestrian,9999,Not a Motor Vehicle,77,Not a Motor Vehicle
43,Puerto Rico,430319,1,1,1,1,12,12 Clock Point,12,Motor Vehicle In-Transport,2,2,9,9 Clock Point
43,Puerto Rico,430319,1,2,1,1,12,12 Clock Point,12,Motor Vehicle In-Transport,2,2,9,9 Clock Point
43,Puerto Rico,430320,1,1,1,1,55,Non-Harmful Event,79,Ran off Roadway - Direction Unknown,9999,Not a Motor Vehicle,77,Not a Motor Vehicle
43,Puerto Rico,430320,2,1,2,1,12,12 Clock Point,25,Concrete Traffic Barrier,9999,Not a Motor Vehicle,77,Not a Motor Vehicle
43,Puerto Rico,430321,1,1,1,1,12,12 Clock Point,12,Motor Vehicle In-Transport,2,2,12,12 Clock Point
43,Puerto Rico,430321,1,2,1,1,12,12 Clock Point,12,Motor Vehicle In-Transport,2,2,12,12 Clock Point
43,Puerto Rico,430322,1,1,1,1,12,12 Clock Point,12,Motor Vehicle In-Transport,2,2,12,12 Clock Point
43,Puerto Rico,430322,1,2,1,1,12,12 Clock Point,12,Motor Vehicle In-Transport,2,2,12,12 Clock Point
43,Puerto Rico,430323,1,1,1,1,55,Non-Harmful Event,79,Ran off Roadway - Direction Unknown,9999,Not a Motor Vehicle,77,Not a Motor Vehicle
43,Puerto Rico,430323,2,1,2,1,12,12 Clock Point,30,Utility Pole/Light Support,9999,Not a Motor Vehicle,77,Not a Motor Vehicle
43,Puerto Rico,430323,3,1,3,1,0,Non-Collision,1,Rollover/Overturn,9999,Not a Motor Vehicle,77,Not a Motor Vehicle
43,Puerto Rico,430324,1,1,1,1,12,12 Clock Point,8,Pedestrian,9999,Not a Motor Vehicle,77,Not a Motor Vehicle
43,Puerto Rico,430325,1,1,1,1,12,12 Clock Point,8,Pedestrian,9999,Not a Motor Vehicle,77,Not a Motor Vehicle
43,Puerto Rico,430326,1,1,1,1,12,12 Clock Point,8,Pedestrian,9999,Not a Motor Vehicle,77,Not a Motor Vehicle
43,Puerto Rico,430327,1,1,1,1,12,12 Clock Point,12,Motor Vehicle In-Transport,2,2,12,12 Clock Point
43,Puerto Rico,430327,1,2,1,1,12,12 Clock Point,12,Motor Vehicle In-Transport,2,2,12,12 Clock Point
43,Puerto Rico,430328,1,1,1,1,55,Non-Harmful Event,79,Ran off Roadway - Direction Unknown,9999,Not a Motor Vehicle,77,Not a Motor Vehicle
43,Puerto Rico,430328,2,1,2,1,12,12 Clock Point,30,Utility Pole/Light Support,9999,Not a Motor Vehicle,77,Not a Motor Vehicle
43,Puerto Rico,430329,1,1,1,1,12,12 Clock Point,8,Pedestrian,9999,Not a Motor Vehicle,77,Not a Motor Vehicle
43,Puerto Rico,430330,1,1,1,1,55,Non-Harmful Event,79,Ran off Roadway - Direction Unknown,9999,Not a Motor Vehicle,77,Not a Motor Vehicle
43,Puerto Rico,430330,2,1,2,1,12,12 Clock Point,25,Concrete Traffic Barrier,9999,Not a Motor Vehicle,77,Not a Motor Vehicle
43,Puerto Rico,430331,1,1,1,1,12,12 Clock Point,8,Pedestrian,9999,Not a Motor Vehicle,77,Not a Motor Vehicle
43,Puerto Rico,430332,1,1,1,1,12,12 Clock Point,12,Motor Vehicle In-Transport,2,2,12,12 Clock Point
43,Puerto Rico,430332,1,2,1,1,12,12 Clock Point,12,Motor Vehicle In-Transport,2,2,12,12 Clock Point
