STATE,STATENAME,ST_CASE,VEH_NO,PER_NO,MPR_ACT,MPR_ACTNAME
43,Puerto Rico,430001,0,1,3,Crossing Roadway
43,Puerto Rico,430004,0,1,5,Movement Along Roadway with Traffic (In or Adjacent to Travel Lane)
43,Puerto Rico,430005,0,1,3,Crossing Roadway
43,Puerto Rico,430006,0,1,3,Crossing Roadway
43,Puerto Rico,430007,0,1,3,Crossing Roadway
43,Puerto Rico,430008,0,1,9,"Adjacent to Roadway (e.g., Shoulder, Median)"
43,Puerto Rico,430010,0,1,3,Crossing Roadway
43,Puerto Rico,430011,0,1,3,Crossing Roadway
43,Puerto Rico,430013,0,1,3,Crossing Roadway
43,Puerto Rico,430015,0,1,5,Movement Along Roadway with Traffic (In or Adjacent to Travel Lane)
43,Puerto Rico,430017,0,1,3,Crossing Roadway
43,Puerto Rico,430018,0,1,3,Crossing Roadway
43,Puerto Rico,430020,0,1,2,Waiting to Cross Roadway
43,Puerto Rico,430021,0,1,3,Crossing Roadway
43,Puerto Rico,430022,0,1,3,Crossing Roadway
43,Puerto Rico,430024,0,1,5,Movement Along Roadway with Traffic (In or Adjacent to Travel Lane)
43,Puerto Rico,430024,0,2,5,Movement Along Roadway with Traffic (In or Adjacent to Travel Lane)
43,Puerto Rico,430027,0,1,3,Crossing Roadway
43,Puerto Rico,430028,0,1,3,Crossing Roadway
43,Puerto Rico,430034,0,1,8,"In Roadway - Other (Working, Playing, Etc.)"
43,Puerto Rico,430036,0,1,3,Crossing Roadway
43,Puerto Rico,430038,0,1,8,"In Roadway - Other (Working, Playing, Etc.)"
43,Puerto Rico,430041,0,1,3,Crossing Roadway
43,Puerto Rico,430046,0,1,3,Crossing Roadway
43,Puerto Rico,430048,0,1,3,Crossing Roadway
43,Puerto Rico,430055,0,1,3,Crossing Roadway
43,Puerto Rico,430056,0,1,8,"In Roadway - Other (Working, Playing, Etc.)"
43,Puerto Rico,430058,0,1,3,Crossing Roadway
43,Puerto Rico,430059,0,1,3,Crossing Roadway
43,Puerto Rico,430059,0,2,3,Crossing Roadway
43,Puerto Rico,430060,0,1,2,Waiting to Cross Roadway
43,Puerto Rico,430073,0,1,3,Crossing Roadway
43,Puerto Rico,430074,0,1,3,Crossing Roadway
43,Puerto Rico,430075,0,1,3,Crossing Roadway
43,Puerto Rico,430076,0,1,8,"In Roadway - Other (Working, Playing, Etc.)"
43,Puerto Rico,430077,0,1,3,Crossing Roadway
43,Puerto Rico,430080,0,1,3,Crossing Roadway
43,Puerto Rico,430090,0,1,2,Waiting to Cross Roadway
43,Puerto Rico,430091,0,1,3,Crossing Roadway
43,Puerto Rico,430096,0,1,3,Crossing Roadway
43,Puerto Rico,430097,0,1,5,Movement Along Roadway with Traffic (In or Adjacent to Travel Lane)
43,Puerto Rico,430099,0,1,2,Waiting to Cross Roadway
43,Puerto Rico,430102,0,1,3,Crossing Roadway
43,Puerto Rico,430106,0,1,3,Crossing Roadway
43,Puerto Rico,430109,0,1,9,"Adjacent to Roadway (e.g., Shoulder, Median)"
43,Puerto Rico,430110,0,1,3,Crossing Roadway
43,Puerto Rico,430113,0,1,3,Crossing Roadway
43,Puerto Rico,430115,0,1,3,Crossing Roadway
43,Puerto Rico,430117,0,1,5,Movement Along Roadway with Traffic (In or Adjacent to Travel Lane)
43,Puerto Rico,430118,0,1,3,Crossing Roadway
43,Puerto Rico,430118,0,2,3,Crossing Roadway
43,Puerto Rico,430119,0,1,3,Crossing Roadway
43,Puerto Rico,430121,0,1,2,Waiting to Cross Roadway
43,Puerto Rico,430123,0,1,8,"In Roadway - Other (Working, Playing, Etc.)"
43,Puerto Rico,430123,0,2,8,"In Roadway - Other (Working, Playing, Etc.)"
43,Puerto Rico,430128,0,1,3,Crossing Roadway
43,Puerto Rico,430129,0,1,5,Movement Along Roadway with Traffic (In or Adjacent to Travel Lane)
43,Puerto Rico,430130,0,1,3,Crossing Roadway
43,Puerto Rico,430131,0,1,3,Crossing Roadway
43,Puerto Rico,430132,0,1,3,Crossing Roadway
43,Puerto Rico,430132,0,2,3,Crossing Roadway
43,Puerto Rico,430136,0,1,3,Crossing Roadway
43,Puerto Rico,430138,0,1,3,Crossing Roadway
43,Puerto Rico,430139,0,1,8,"In Roadway - Other (Working, Playing, Etc.)"
43,Puerto Rico,430147,0,1,5,Movement Along Roadway with Traffic (In or Adjacent to Travel Lane)
43,Puerto Rico,430149,0,1,2,Waiting to Cross Roadway
43,Puerto Rico,430150,0,1,3,Crossing Roadway
43,Puerto Rico,430152,0,1,3,Crossing Roadway
43,Puerto Rico,430162,0,1,3,Crossing Roadway
43,Puerto Rico,430167,0,1,3,Crossing Roadway
43,Puerto Rico,430168,0,1,3,Crossing Roadway
43,Puerto Rico,430172,0,1,8,"In Roadway - Other (Working, Playing, Etc.)"
43,Puerto Rico,430173,0,1,8,"In Roadway - Other (Working, Playing, Etc.)"
43,Puerto Rico,430175,0,1,3,Crossing Roadway
43,Puerto Rico,430176,0,1,3,Crossing Roadway
43,Puerto Rico,430178,0,1,3,Crossing Roadway
43,Puerto Rico,430181,0,1,5,Movement Along Roadway with Traffic (In or Adjacent to Travel Lane)
43,Puerto Rico,430187,0,1,11,Entering / Exiting Parked or Stopped Vehicle
43,Puerto Rico,430190,0,1,3,Crossing Roadway
43,Puerto Rico,430191,0,1,3,Crossing Roadway
43,Puerto Rico,430193,0,1,3,Crossing Roadway
43,Puerto Rico,430194,0,1,5,Movement Along Roadway with Traffic (In or Adjacent to Travel Lane)
43,Puerto Rico,430196,0,1,3,Crossing Roadway
43,Puerto Rico,430199,0,1,3,Crossing Roadway
43,Puerto Rico,430202,0,1,3,Crossing Roadway
43,Puerto Rico,430210,0,1,3,Crossing Roadway
43,Puerto Rico,430211,0,1,3,Crossing Roadway
43,Puerto Rico,430212,0,1,5,Movement Along Roadway with Traffic (In or Adjacent to Travel Lane)
43,Puerto Rico,430213,0,1,3,Crossing Roadway
43,Puerto Rico,430218,0,1,3,Crossing Roadway
43,Puerto Rico,430220,0,1,3,Crossing Roadway
43,Puerto Rico,430221,0,1,3,Crossing Roadway
43,Puerto Rico,430224,0,1,3,Crossing Roadway
43,Puerto Rico,430228,0,1,3,Crossing Roadway
43,Puerto Rico,430231,0,1,5,Movement Along Roadway with Traffic (In or Adjacent to Travel Lane)
43,Puerto Rico,430235,0,1,3,Crossing Roadway
43,Puerto Rico,430241,0,1,5,Movement Along Roadway with Traffic (In or Adjacent to Travel Lane)
43,Puerto Rico,430243,0,1,3,Crossing Roadway
43,Puerto Rico,430244,0,1,3,Crossing Roadway
43,Puerto Rico,430245,0,1,9,"Adjacent to Roadway (e.g., Shoulder, Median)"
43,Puerto Rico,430248,0,1,8,"In Roadway - Other (Working, Playing, Etc.)"
43,Puerto Rico,430250,0,1,3,Crossing Roadway
43,Puerto Rico,430253,0,1,3,Crossing Roadway
43,Puerto Rico,430253,0,2,3,Crossing Roadway
43,Puerto Rico,430255,0,1,3,Crossing Roadway
43,Puerto Rico,430260,0,1,3,Crossing Roadway
43,Puerto Rico,430265,0,1,3,Crossing Roadway
43,Puerto Rico,430267,0,1,3,Crossing Roadway
43,Puerto Rico,430271,0,1,3,Crossing Roadway
43,Puerto Rico,430272,0,1,5,Movement Along Roadway with Traffic (In or Adjacent to Travel Lane)
43,Puerto Rico,430273,0,1,3,Crossing Roadway
43,Puerto Rico,430275,0,1,8,"In Roadway - Other (Working, Playing, Etc.)"
43,Puerto Rico,430277,0,1,6,Movement Along Roadway Against Traffic (In or Adjacent to Travel Lane)
43,Puerto Rico,430281,0,1,5,Movement Along Roadway with Traffic (In or Adjacent to Travel Lane)
43,Puerto Rico,430282,0,1,3,Crossing Roadway
43,Puerto Rico,430283,0,1,5,Movement Along Roadway with Traffic (In or Adjacent to Travel Lane)
