STATE,STATENAME,ST_CASE,VEH_NO,PVE_FORMS,PNUMOCCS,PNUMOCCSNAME,PDAY,PDAYNAME,PMONTH,PMONTHNAME,PHOUR,PHOURNAME,PMINUTE,PMINUTENAME,PHARM_EV,PHARM_EVNAME,PMAN_COLL,PMAN_COLLNAME,PTYPE,PTYPENAME,PHIT_RUN,PHIT_RUNNAME,PREG_STAT,PREG_STATNAME,POWNER,POWNERNAME,PMAKE,PMAKENAME,PMODEL,PMAK_MOD,PBODYTYP,PBODYTYPNAME,PMODYEAR,PMODYEARNAME,PVIN,PVINNAME,PVIN_1,PVIN_2,PVIN_3,PVIN_4,PVIN_5,PVIN_6,PVIN_7,PVIN_8,PVIN_9,PVIN_10,PVIN_11,PVIN_12,PTRAILER,PTRAILERNAME,PMCARR_I1,PMCARR_I1NAME,PMCARR_I2,PMCARR_I2NAME,PMCARR_ID,PMCARR_IDNAME,PGVWR,PGVWRNAME,PV_CONFIG,PV_CONFIGNAME,PCARGTYP,PCARGTYPNAME,PHAZ_INV,PHAZ_INVNAME,PHAZPLAC,PHAZPLACNAME,PHAZ_ID,PHAZ_IDNAME,PHAZ_CNO,PHAZ_CNONAME,PHAZ_REL,PHAZ_RELNAME,PBUS_USE,PBUS_USENAME,PSP_USE,PSP_USENAME,PEM_USE,PEM_USENAME,PUNDERIDE,PUNDERIDENAME,PIMPACT1,PIMPACT1NAME,PVEH_SEV,PVEH_SEVNAME,PTOWED,PTOWEDNAME,PM_HARM,PM_HARMNAME,PVEH_SC1,PVEH_SC1NAME,PVEH_SC2,PVEH_SC2NAME,PFIRE,PFIRENAME,PDEATHS,PTRLR1VIN,PTRLR1VINNAME,PTRLR2VIN,PTRLR2VINNAME,PTRLR3VIN,PTRLR3VINNAME
43,Puerto Rico,430020,2,2,0,None,28,28,2,February,5,5:00am-5:59am,50,50,14,Parked Motor Vehicle,0,Not a Collision with Motor Vehicle In-Transport,3,Motor Vehicle Not In-Transport Outside the Trafficway,0,No,43,Puerto Rico,6,Driverless/Motor Vehicle Parked/Stopped Off Roadway,86,Mack,898,Mack Other (medium/heavy truck),78,Unknown medium/heavy truck type,1987,1987,1M2AY10Y3HM0,1M2AY10Y3HM0,1,M,2,A,Y,1,0,Y,3,H,M,0,0,No Trailing Units,88,None,888888888,None,88888888888,None,3,"26,001 lbs. or more",19,"Truck More Than 10,000 lbs, Cannot Classify",98,Unknown Cargo Body Type,1,No,0,Not Applicable,0,Not Applicable,0,Not Applicable,0,Not Applicable,0,Not a Bus,0,No Special Use,0,Not Applicable,0,No Underride or Override Noted,6,6 Clock Point,2,Minor Damage,5,Not Towed,12,Motor Vehicle In-Transport,0,None,0,None,0,No or Not Reported,0,777777777777,No Trailing Units,777777777777,No Trailing Units,777777777777,No Trailing Units
43,Puerto Rico,430215,2,1,0,None,22,22,11,November,15,3:00pm-3:59pm,56,56,14,Parked Motor Vehicle,0,Not a Collision with Motor Vehicle In-Transport,3,Motor Vehicle Not In-Transport Outside the Trafficway,0,No,43,Puerto Rico,6,Driverless/Motor Vehicle Parked/Stopped Off Roadway,41,Mazda,51,Mazda Mazda3,4,"4-door sedan, hardtop",2011,2011,JM1BL1UF1B14,JM1BL1UF1B14,J,M,1,B,L,1,U,F,1,B,1,4,0,No Trailing Units,0,Not Applicable,000000000,Not Applicable,00000000000,Not Applicable,0,Not Applicable,0,Not Applicable,0,Not Applicable (N/A),1,No,0,Not Applicable,0,Not Applicable,0,Not Applicable,0,Not Applicable,0,Not a Bus,0,No Special Use,0,Not Applicable,0,No Underride or Override Noted,7,7 Clock Point,2,Minor Damage,5,Not Towed,12,Motor Vehicle In-Transport,0,None,0,None,0,No or Not Reported,0,777777777777,No Trailing Units,777777777777,No Trailing Units,777777777777,No Trailing Units
43,Puerto Rico,430215,3,1,0,None,22,22,11,November,15,3:00pm-3:59pm,56,56,14,Parked Motor Vehicle,0,Not a Collision with Motor Vehicle In-Transport,3,Motor Vehicle Not In-Transport Outside the Trafficway,0,No,43,Puerto Rico,6,Driverless/Motor Vehicle Parked/Stopped Off Roadway,52,Mitsubishi,401,Mitsubishi Montero/Montero Sport,14,"Compact Utility (Utility Vehicle Categories ""Small"" and ""Midsize"")",1999,1999,JA4MR51H7XJ0,JA4MR51H7XJ0,J,A,4,M,R,5,1,H,7,X,J,0,0,No Trailing Units,0,Not Applicable,000000000,Not Applicable,00000000000,Not Applicable,0,Not Applicable,0,Not Applicable,0,Not Applicable (N/A),1,No,0,Not Applicable,0,Not Applicable,0,Not Applicable,0,Not Applicable,0,Not a Bus,0,No Special Use,0,Not Applicable,0,No Underride or Override Noted,7,7 Clock Point,2,Minor Damage,5,Not Towed,14,Parked Motor Vehicle,0,None,0,None,0,No or Not Reported,0,777777777777,No Trailing Units,777777777777,No Trailing Units,777777777777,No Trailing Units
43,Puerto Rico,430245,2,1,0,None,5,5,11,November,6,6:00am-6:59am,9,9,14,Parked Motor Vehicle,0,Not a Collision with Motor Vehicle In-Transport,2,Motor Vehicle Not In-Transport Within the Trafficway,0,No,43,Puerto Rico,6,Driverless/Motor Vehicle Parked/Stopped Off Roadway,49,Toyota,38,Toyota Tercel,2,"2-door sedan,hardtop,coupe",1996,1996,JT2AC52L0T01,JT2AC52L0T01,J,T,2,A,C,5,2,L,0,T,0,1,0,No Trailing Units,0,Not Applicable,000000000,Not Applicable,00000000000,Not Applicable,0,Not Applicable,0,Not Applicable,0,Not Applicable (N/A),1,No,0,Not Applicable,0,Not Applicable,0,Not Applicable,0,Not Applicable,0,Not a Bus,0,No Special Use,0,Not Applicable,0,No Underride or Override Noted,11,11 Clock Point,2,Minor Damage,3,Towed Not Due to Disabling Damage,8,Pedestrian,0,None,0,None,0,No or Not Reported,0,777777777777,No Trailing Units,777777777777,No Trailing Units,777777777777,No Trailing Units
43,Puerto Rico,430279,2,2,0,None,13,13,12,December,15,3:00pm-3:59pm,45,45,14,Parked Motor Vehicle,0,Not a Collision with Motor Vehicle In-Transport,3,Motor Vehicle Not In-Transport Outside the Trafficway,0,No,43,Puerto Rico,6,Driverless/Motor Vehicle Parked/Stopped Off Roadway,49,Toyota,40,Toyota Camry,4,"4-door sedan, hardtop",2004,2004,4T1BE32KX4U8,4T1BE32KX4U8,4,T,1,B,E,3,2,K,X,4,U,8,0,No Trailing Units,0,Not Applicable,000000000,Not Applicable,00000000000,Not Applicable,0,Not Applicable,0,Not Applicable,0,Not Applicable (N/A),1,No,0,Not Applicable,0,Not Applicable,0,Not Applicable,0,Not Applicable,0,Not a Bus,0,No Special Use,0,Not Applicable,0,No Underride or Override Noted,12,12 Clock Point,4,Functional Damage,3,Towed Not Due to Disabling Damage,14,Parked Motor Vehicle,0,None,0,None,0,No or Not Reported,0,777777777777,No Trailing Units,777777777777,No Trailing Units,777777777777,No Trailing Units
43,Puerto Rico,430279,3,2,0,None,13,13,12,December,15,3:00pm-3:59pm,45,45,14,Parked Motor Vehicle,0,Not a Collision with Motor Vehicle In-Transport,3,Motor Vehicle Not In-Transport Outside the Trafficway,0,No,43,Puerto Rico,6,Driverless/Motor Vehicle Parked/Stopped Off Roadway,49,Toyota,403,Toyota Highlander,14,"Compact Utility (Utility Vehicle Categories ""Small"" and ""Midsize"")",2003,2003,JTEGF21A1300,JTEGF21A1300,J,T,E,G,F,2,1,A,1,3,0,0,0,No Trailing Units,0,Not Applicable,000000000,Not Applicable,00000000000,Not Applicable,0,Not Applicable,0,Not Applicable,0,Not Applicable (N/A),1,No,0,Not Applicable,0,Not Applicable,0,Not Applicable,0,Not Applicable,0,Not a Bus,0,No Special Use,0,Not Applicable,0,No Underride or Override Noted,7,7 Clock Point,4,Functional Damage,3,Towed Not Due to Disabling Damage,14,Parked Motor Vehicle,0,None,0,None,0,No or Not Reported,0,777777777777,No Trailing Units,777777777777,No Trailing Units,777777777777,No Trailing Units
