STATE,STATENAME,ST_CASE,VEH_NO,PER_NO,PBPTYPE,PBPTYPENAME,PBAGE,PBAGENAME,PBSEX,PBSEXNAME,PBCWALK,PBCWALKNAME,PBSWALK,PBSWALKNAME,PBSZONE,PBSZONENAME,PEDCTYPE,PEDCTYPENAME,BIKECTYPE,BIKECTYPENAME,PEDLOC,PEDLOCNAME,BIKELOC,BIKELOCNAME,PEDPOS,PEDPOSNAME,BIKEPOS,BIKEPOSNAME,PEDDIR,PEDDIRNAME,BIKEDIR,BIKEDIRNAME,MOTDIR,MOTDIRNAME,MOTMAN,MOTMANNAME,PEDLEG,PEDLEGNAME,PEDSNR,PEDSNRNAME,PEDCGP,PEDCGPNAME,BIKECGP,BIKECGPNAME
43,Puerto Rico,430001,0,1,5,Pedestrian,34,34 Years,2,Female,0,None Noted,0,None Noted,0,None Noted,770,Motorist Failed to Yield,0,Not a Cyclist,3,Not At Intersection,7,Not a Cyclist,3,Travel Lane,7,Not a Cyclist,8,Not Applicable,7,Not a Cyclist,8,Not Applicable,8,Not Applicable,8,Not Applicable,8,Not Applicable,750,Crossing Roadway - Vehicle Not Turning,0,Not a Cyclist
43,Puerto Rico,430004,0,1,6,Bicyclist,56,56 Years,1,Male,0,None Noted,0,None Noted,0,None Noted,0,Not a Pedestrian,280,Parallel Paths - Other / Unknown,7,Not a Pedestrian,3,Not At Intersection,77,Not a Pedestrian,1,Travel Lane,7,Not a Pedestrian,1,With Traffic,7,Not a Pedestrian,7,Not a Pedestrian,7,Not a Pedestrian,7,Not a Pedestrian,0,Not a Pedestrian,290,Parallel Paths - Other Circumstances
43,Puerto Rico,430005,0,1,5,Pedestrian,47,47 Years,1,Male,0,None Noted,0,None Noted,0,None Noted,760,Pedestrian Failed to Yield,0,Not a Cyclist,3,Not At Intersection,7,Not a Cyclist,3,Travel Lane,7,Not a Cyclist,8,Not Applicable,7,Not a Cyclist,8,Not Applicable,8,Not Applicable,8,Not Applicable,8,Not Applicable,750,Crossing Roadway - Vehicle Not Turning,0,Not a Cyclist
43,Puerto Rico,430006,0,1,5,Pedestrian,45,45 Years,1,Male,0,None Noted,0,None Noted,0,None Noted,760,Pedestrian Failed to Yield,0,Not a Cyclist,3,Not At Intersection,7,Not a Cyclist,3,Travel Lane,7,Not a Cyclist,8,Not Applicable,7,Not a Cyclist,8,Not Applicable,8,Not Applicable,8,Not Applicable,8,Not Applicable,750,Crossing Roadway - Vehicle Not Turning,0,Not a Cyclist
43,Puerto Rico,430007,0,1,8,Person on Personal Conveyances,16,16 Years,1,Male,0,None Noted,0,None Noted,0,None Noted,770,Motorist Failed to Yield,0,Not a Cyclist,3,Not At Intersection,7,Not a Cyclist,3,Travel Lane,7,Not a Cyclist,8,Not Applicable,7,Not a Cyclist,8,Not Applicable,8,Not Applicable,8,Not Applicable,8,Not Applicable,750,Crossing Roadway - Vehicle Not Turning,0,Not a Cyclist
43,Puerto Rico,430008,0,1,6,Bicyclist,40,40 Years,1,Male,0,None Noted,0,None Noted,0,None Noted,0,Not a Pedestrian,280,Parallel Paths - Other / Unknown,7,Not a Pedestrian,3,Not At Intersection,77,Not a Pedestrian,2,Bicycle Lane / Paved Shoulder / Parking Lane,7,Not a Pedestrian,1,With Traffic,7,Not a Pedestrian,7,Not a Pedestrian,7,Not a Pedestrian,7,Not a Pedestrian,0,Not a Pedestrian,290,Parallel Paths - Other Circumstances
43,Puerto Rico,430010,0,1,5,Pedestrian,86,86 Years,2,Female,0,None Noted,0,None Noted,0,None Noted,770,Motorist Failed to Yield,0,Not a Cyclist,3,Not At Intersection,7,Not a Cyclist,3,Travel Lane,7,Not a Cyclist,8,Not Applicable,7,Not a Cyclist,8,Not Applicable,8,Not Applicable,8,Not Applicable,8,Not Applicable,750,Crossing Roadway - Vehicle Not Turning,0,Not a Cyclist
43,Puerto Rico,430011,0,1,5,Pedestrian,42,42 Years,1,Male,0,None Noted,0,None Noted,0,None Noted,770,Motorist Failed to Yield,0,Not a Cyclist,3,Not At Intersection,7,Not a Cyclist,3,Travel Lane,7,Not a Cyclist,8,Not Applicable,7,Not a Cyclist,8,Not Applicable,8,Not Applicable,8,Not Applicable,8,Not Applicable,750,Crossing Roadway - Vehicle Not Turning,0,Not a Cyclist
43,Puerto Rico,430013,0,1,5,Pedestrian,52,52 Years,1,Male,0,None Noted,0,None Noted,0,None Noted,770,Motorist Failed to Yield,0,Not a Cyclist,3,Not At Intersection,7,Not a Cyclist,3,Travel Lane,7,Not a Cyclist,8,Not Applicable,7,Not a Cyclist,8,Not Applicable,8,Not Applicable,8,Not Applicable,8,Not Applicable,750,Crossing Roadway - Vehicle Not Turning,0,Not a Cyclist
43,Puerto Rico,430015,0,1,6,Bicyclist,44,44 Years,1,Male,0,None Noted,0,None Noted,0,None Noted,0,Not a Pedestrian,280,Parallel Paths - Other / Unknown,7,Not a Pedestrian,3,Not At Intersection,77,Not a Pedestrian,1,Travel Lane,7,Not a Pedestrian,1,With Traffic,7,Not a Pedestrian,7,Not a Pedestrian,7,Not a Pedestrian,7,Not a Pedestrian,0,Not a Pedestrian,290,Parallel Paths - Other Circumstances
43,Puerto Rico,430017,0,1,5,Pedestrian,998,Not Reported,1,Male,0,None Noted,0,None Noted,0,None Noted,770,Motorist Failed to Yield,0,Not a Cyclist,3,Not At Intersection,7,Not a Cyclist,3,Travel Lane,7,Not a Cyclist,8,Not Applicable,7,Not a Cyclist,8,Not Applicable,8,Not Applicable,8,Not Applicable,8,Not Applicable,750,Crossing Roadway - Vehicle Not Turning,0,Not a Cyclist
43,Puerto Rico,430018,0,1,5,Pedestrian,62,62 Years,8,Not Reported,0,None Noted,0,None Noted,0,None Noted,760,Pedestrian Failed to Yield,0,Not a Cyclist,3,Not At Intersection,7,Not a Cyclist,3,Travel Lane,7,Not a Cyclist,8,Not Applicable,7,Not a Cyclist,8,Not Applicable,8,Not Applicable,8,Not Applicable,8,Not Applicable,750,Crossing Roadway - Vehicle Not Turning,0,Not a Cyclist
43,Puerto Rico,430020,0,1,5,Pedestrian,19,19 Years,1,Male,0,None Noted,0,None Noted,0,None Noted,590,Waiting to Cross - Vehicle Action Unknown,0,Not a Cyclist,3,Not At Intersection,7,Not a Cyclist,4,Paved Shoulder / Bicycle Lane / Parking Lane,7,Not a Cyclist,8,Not Applicable,7,Not a Cyclist,8,Not Applicable,8,Not Applicable,8,Not Applicable,8,Not Applicable,500,Waiting to Cross,0,Not a Cyclist
43,Puerto Rico,430021,0,1,5,Pedestrian,82,82 Years,2,Female,0,None Noted,0,None Noted,0,None Noted,342,School Bus Stop-Related,0,Not a Cyclist,3,Not At Intersection,7,Not a Cyclist,3,Travel Lane,7,Not a Cyclist,8,Not Applicable,7,Not a Cyclist,8,Not Applicable,8,Not Applicable,8,Not Applicable,8,Not Applicable,340,Bus Stop-Related,0,Not a Cyclist
43,Puerto Rico,430022,0,1,8,Person on Personal Conveyances,44,44 Years,1,Male,0,None Noted,0,None Noted,0,None Noted,760,Pedestrian Failed to Yield,0,Not a Cyclist,3,Not At Intersection,7,Not a Cyclist,3,Travel Lane,7,Not a Cyclist,8,Not Applicable,7,Not a Cyclist,8,Not Applicable,8,Not Applicable,8,Not Applicable,8,Not Applicable,750,Crossing Roadway - Vehicle Not Turning,0,Not a Cyclist
43,Puerto Rico,430024,0,1,5,Pedestrian,79,79 Years,1,Male,0,None Noted,1,Yes,0,None Noted,420,Walking/Running Along Roadway With Traffic - From Front,0,Not a Cyclist,3,Not At Intersection,7,Not a Cyclist,5,Sidewalk / Shared-Use Path / Driveway Access,7,Not a Cyclist,8,Not Applicable,7,Not a Cyclist,8,Not Applicable,8,Not Applicable,8,Not Applicable,8,Not Applicable,400,Walking/Running Along Roadway,0,Not a Cyclist
43,Puerto Rico,430024,0,2,5,Pedestrian,74,74 Years,1,Male,0,None Noted,1,Yes,0,None Noted,420,Walking/Running Along Roadway With Traffic - From Front,0,Not a Cyclist,3,Not At Intersection,7,Not a Cyclist,5,Sidewalk / Shared-Use Path / Driveway Access,7,Not a Cyclist,8,Not Applicable,7,Not a Cyclist,8,Not Applicable,8,Not Applicable,8,Not Applicable,8,Not Applicable,400,Walking/Running Along Roadway,0,Not a Cyclist
43,Puerto Rico,430027,0,1,5,Pedestrian,52,52 Years,2,Female,0,None Noted,0,None Noted,0,None Noted,770,Motorist Failed to Yield,0,Not a Cyclist,3,Not At Intersection,7,Not a Cyclist,3,Travel Lane,7,Not a Cyclist,8,Not Applicable,7,Not a Cyclist,8,Not Applicable,8,Not Applicable,8,Not Applicable,8,Not Applicable,750,Crossing Roadway - Vehicle Not Turning,0,Not a Cyclist
43,Puerto Rico,430028,0,1,5,Pedestrian,65,65 Years,1,Male,0,None Noted,0,None Noted,0,None Noted,770,Motorist Failed to Yield,0,Not a Cyclist,3,Not At Intersection,7,Not a Cyclist,3,Travel Lane,7,Not a Cyclist,8,Not Applicable,7,Not a Cyclist,8,Not Applicable,8,Not Applicable,8,Not Applicable,8,Not Applicable,750,Crossing Roadway - Vehicle Not Turning,0,Not a Cyclist
43,Puerto Rico,430034,0,1,5,Pedestrian,28,28 Years,1,Male,0,None Noted,0,None Noted,0,None Noted,311,Working in Roadway,0,Not a Cyclist,3,Not At Intersection,7,Not a Cyclist,3,Travel Lane,7,Not a Cyclist,8,Not Applicable,7,Not a Cyclist,8,Not Applicable,8,Not Applicable,8,Not Applicable,8,Not Applicable,310,Working or Playing in Roadway,0,Not a Cyclist
43,Puerto Rico,430036,0,1,5,Pedestrian,38,38 Years,1,Male,0,None Noted,0,None Noted,0,None Noted,770,Motorist Failed to Yield,0,Not a Cyclist,3,Not At Intersection,7,Not a Cyclist,3,Travel Lane,7,Not a Cyclist,8,Not Applicable,7,Not a Cyclist,8,Not Applicable,8,Not Applicable,8,Not Applicable,8,Not Applicable,750,Crossing Roadway - Vehicle Not Turning,0,Not a Cyclist
43,Puerto Rico,430038,0,1,5,Pedestrian,56,56 Years,1,Male,0,None Noted,0,None Noted,0,None Noted,770,Motorist Failed to Yield,0,Not a Cyclist,3,Not At Intersection,7,Not a Cyclist,3,Travel Lane,7,Not a Cyclist,8,Not Applicable,7,Not a Cyclist,8,Not Applicable,8,Not Applicable,8,Not Applicable,8,Not Applicable,750,Crossing Roadway - Vehicle Not Turning,0,Not a Cyclist
43,Puerto Rico,430041,0,1,5,Pedestrian,70,70 Years,1,Male,0,None Noted,0,None Noted,0,None Noted,770,Motorist Failed to Yield,0,Not a Cyclist,3,Not At Intersection,7,Not a Cyclist,3,Travel Lane,7,Not a Cyclist,8,Not Applicable,7,Not a Cyclist,8,Not Applicable,8,Not Applicable,8,Not Applicable,8,Not Applicable,750,Crossing Roadway - Vehicle Not Turning,0,Not a Cyclist
43,Puerto Rico,430046,0,1,5,Pedestrian,77,77 Years,2,Female,0,None Noted,0,None Noted,0,None Noted,760,Pedestrian Failed to Yield,0,Not a Cyclist,3,Not At Intersection,7,Not a Cyclist,3,Travel Lane,7,Not a Cyclist,8,Not Applicable,7,Not a Cyclist,8,Not Applicable,8,Not Applicable,8,Not Applicable,8,Not Applicable,750,Crossing Roadway - Vehicle Not Turning,0,Not a Cyclist
43,Puerto Rico,430048,0,1,5,Pedestrian,65,65 Years,1,Male,0,None Noted,0,None Noted,0,None Noted,760,Pedestrian Failed to Yield,0,Not a Cyclist,3,Not At Intersection,7,Not a Cyclist,3,Travel Lane,7,Not a Cyclist,8,Not Applicable,7,Not a Cyclist,8,Not Applicable,8,Not Applicable,8,Not Applicable,8,Not Applicable,750,Crossing Roadway - Vehicle Not Turning,0,Not a Cyclist
43,Puerto Rico,430055,0,1,5,Pedestrian,84,84 Years,1,Male,0,None Noted,0,None Noted,0,None Noted,760,Pedestrian Failed to Yield,0,Not a Cyclist,3,Not At Intersection,7,Not a Cyclist,3,Travel Lane,7,Not a Cyclist,8,Not Applicable,7,Not a Cyclist,8,Not Applicable,8,Not Applicable,8,Not Applicable,8,Not Applicable,750,Crossing Roadway - Vehicle Not Turning,0,Not a Cyclist
43,Puerto Rico,430056,0,1,5,Pedestrian,52,52 Years,1,Male,0,None Noted,0,None Noted,0,None Noted,311,Working in Roadway,0,Not a Cyclist,3,Not At Intersection,7,Not a Cyclist,3,Travel Lane,7,Not a Cyclist,8,Not Applicable,7,Not a Cyclist,8,Not Applicable,8,Not Applicable,8,Not Applicable,8,Not Applicable,310,Working or Playing in Roadway,0,Not a Cyclist
43,Puerto Rico,430058,0,1,5,Pedestrian,89,89 Years,1,Male,0,None Noted,0,None Noted,0,None Noted,760,Pedestrian Failed to Yield,0,Not a Cyclist,3,Not At Intersection,7,Not a Cyclist,3,Travel Lane,7,Not a Cyclist,8,Not Applicable,7,Not a Cyclist,8,Not Applicable,8,Not Applicable,8,Not Applicable,8,Not Applicable,750,Crossing Roadway - Vehicle Not Turning,0,Not a Cyclist
43,Puerto Rico,430059,0,1,5,Pedestrian,61,61 Years,2,Female,0,None Noted,0,None Noted,0,None Noted,770,Motorist Failed to Yield,0,Not a Cyclist,3,Not At Intersection,7,Not a Cyclist,3,Travel Lane,7,Not a Cyclist,8,Not Applicable,7,Not a Cyclist,8,Not Applicable,8,Not Applicable,8,Not Applicable,8,Not Applicable,750,Crossing Roadway - Vehicle Not Turning,0,Not a Cyclist
43,Puerto Rico,430059,0,2,5,Pedestrian,35,35 Years,1,Male,0,None Noted,0,None Noted,0,None Noted,770,Motorist Failed to Yield,0,Not a Cyclist,3,Not At Intersection,7,Not a Cyclist,3,Travel Lane,7,Not a Cyclist,8,Not Applicable,7,Not a Cyclist,8,Not Applicable,8,Not Applicable,8,Not Applicable,8,Not Applicable,750,Crossing Roadway - Vehicle Not Turning,0,Not a Cyclist
43,Puerto Rico,430060,0,1,8,Person on Personal Conveyances,90,90 Years,1,Male,0,None Noted,0,None Noted,0,None Noted,520,Waiting to Cross - Vehicle Not Turning,0,Not a Cyclist,3,Not At Intersection,7,Not a Cyclist,3,Travel Lane,7,Not a Cyclist,8,Not Applicable,7,Not a Cyclist,8,Not Applicable,8,Not Applicable,8,Not Applicable,8,Not Applicable,500,Waiting to Cross,0,Not a Cyclist
43,Puerto Rico,430073,0,1,5,Pedestrian,64,64 Years,1,Male,0,None Noted,0,None Noted,0,None Noted,760,Pedestrian Failed to Yield,0,Not a Cyclist,3,Not At Intersection,7,Not a Cyclist,3,Travel Lane,7,Not a Cyclist,8,Not Applicable,7,Not a Cyclist,8,Not Applicable,8,Not Applicable,8,Not Applicable,8,Not Applicable,750,Crossing Roadway - Vehicle Not Turning,0,Not a Cyclist
43,Puerto Rico,430074,0,1,5,Pedestrian,53,53 Years,1,Male,0,None Noted,0,None Noted,0,None Noted,770,Motorist Failed to Yield,0,Not a Cyclist,3,Not At Intersection,7,Not a Cyclist,3,Travel Lane,7,Not a Cyclist,8,Not Applicable,7,Not a Cyclist,8,Not Applicable,8,Not Applicable,8,Not Applicable,8,Not Applicable,750,Crossing Roadway - Vehicle Not Turning,0,Not a Cyclist
43,Puerto Rico,430075,0,1,5,Pedestrian,45,45 Years,1,Male,0,None Noted,0,None Noted,0,None Noted,770,Motorist Failed to Yield,0,Not a Cyclist,3,Not At Intersection,7,Not a Cyclist,3,Travel Lane,7,Not a Cyclist,8,Not Applicable,7,Not a Cyclist,8,Not Applicable,8,Not Applicable,8,Not Applicable,8,Not Applicable,750,Crossing Roadway - Vehicle Not Turning,0,Not a Cyclist
43,Puerto Rico,430076,0,1,5,Pedestrian,65,65 Years,1,Male,0,None Noted,0,None Noted,0,None Noted,311,Working in Roadway,0,Not a Cyclist,3,Not At Intersection,7,Not a Cyclist,3,Travel Lane,7,Not a Cyclist,8,Not Applicable,7,Not a Cyclist,8,Not Applicable,8,Not Applicable,8,Not Applicable,8,Not Applicable,310,Working or Playing in Roadway,0,Not a Cyclist
43,Puerto Rico,430077,0,1,5,Pedestrian,41,41 Years,1,Male,0,None Noted,0,None Noted,0,None Noted,770,Motorist Failed to Yield,0,Not a Cyclist,3,Not At Intersection,7,Not a Cyclist,3,Travel Lane,7,Not a Cyclist,8,Not Applicable,7,Not a Cyclist,8,Not Applicable,8,Not Applicable,8,Not Applicable,8,Not Applicable,750,Crossing Roadway - Vehicle Not Turning,0,Not a Cyclist
43,Puerto Rico,430080,0,1,5,Pedestrian,54,54 Years,2,Female,0,None Noted,0,None Noted,0,None Noted,760,Pedestrian Failed to Yield,0,Not a Cyclist,1,At Intersection,7,Not a Cyclist,1,Intersection Area,7,Not a Cyclist,4,Westbound,7,Not a Cyclist,1,Northbound,3,Straight through,1,Nearside,2b,"Motorist traveling straight through - Crash Occurred on Near (Approach) Side of Intersection / Pedestrian outside crosswalk area, traveled from motorist`s right",750,Crossing Roadway - Vehicle Not Turning,0,Not a Cyclist
43,Puerto Rico,430090,0,1,5,Pedestrian,58,58 Years,1,Male,0,None Noted,0,None Noted,0,None Noted,220,Driverless Vehicle,0,Not a Cyclist,3,Not At Intersection,7,Not a Cyclist,4,Paved Shoulder / Bicycle Lane / Parking Lane,7,Not a Cyclist,8,Not Applicable,7,Not a Cyclist,8,Not Applicable,8,Not Applicable,8,Not Applicable,8,Not Applicable,100,Unusual Circumstances,0,Not a Cyclist
43,Puerto Rico,430091,0,1,5,Pedestrian,34,34 Years,1,Male,0,None Noted,0,None Noted,0,None Noted,770,Motorist Failed to Yield,0,Not a Cyclist,3,Not At Intersection,7,Not a Cyclist,3,Travel Lane,7,Not a Cyclist,8,Not Applicable,7,Not a Cyclist,8,Not Applicable,8,Not Applicable,8,Not Applicable,8,Not Applicable,750,Crossing Roadway - Vehicle Not Turning,0,Not a Cyclist
43,Puerto Rico,430096,0,1,5,Pedestrian,50,50 Years,1,Male,0,None Noted,0,None Noted,0,None Noted,770,Motorist Failed to Yield,0,Not a Cyclist,3,Not At Intersection,7,Not a Cyclist,3,Travel Lane,7,Not a Cyclist,8,Not Applicable,7,Not a Cyclist,8,Not Applicable,8,Not Applicable,8,Not Applicable,8,Not Applicable,750,Crossing Roadway - Vehicle Not Turning,0,Not a Cyclist
43,Puerto Rico,430097,0,1,6,Bicyclist,22,22 Years,1,Male,0,None Noted,0,None Noted,0,None Noted,0,Not a Pedestrian,970,Unknown Approach Paths,7,Not a Pedestrian,3,Not At Intersection,77,Not a Pedestrian,1,Travel Lane,7,Not a Pedestrian,1,With Traffic,7,Not a Pedestrian,7,Not a Pedestrian,7,Not a Pedestrian,7,Not a Pedestrian,0,Not a Pedestrian,990,Other / Unknown - Insufficient Details
43,Puerto Rico,430099,0,1,5,Pedestrian,48,48 Years,1,Male,0,None Noted,0,None Noted,0,None Noted,590,Waiting to Cross - Vehicle Action Unknown,0,Not a Cyclist,3,Not At Intersection,7,Not a Cyclist,6,Unpaved Right-of-Way,7,Not a Cyclist,8,Not Applicable,7,Not a Cyclist,8,Not Applicable,8,Not Applicable,8,Not Applicable,8,Not Applicable,500,Waiting to Cross,0,Not a Cyclist
43,Puerto Rico,430102,0,1,5,Pedestrian,54,54 Years,2,Female,0,None Noted,0,None Noted,0,None Noted,760,Pedestrian Failed to Yield,0,Not a Cyclist,3,Not At Intersection,7,Not a Cyclist,3,Travel Lane,7,Not a Cyclist,8,Not Applicable,7,Not a Cyclist,8,Not Applicable,8,Not Applicable,8,Not Applicable,8,Not Applicable,750,Crossing Roadway - Vehicle Not Turning,0,Not a Cyclist
43,Puerto Rico,430106,0,1,5,Pedestrian,34,34 Years,1,Male,0,None Noted,0,None Noted,0,None Noted,770,Motorist Failed to Yield,0,Not a Cyclist,3,Not At Intersection,7,Not a Cyclist,3,Travel Lane,7,Not a Cyclist,8,Not Applicable,7,Not a Cyclist,8,Not Applicable,8,Not Applicable,8,Not Applicable,8,Not Applicable,750,Crossing Roadway - Vehicle Not Turning,0,Not a Cyclist
43,Puerto Rico,430109,0,1,5,Pedestrian,71,71 Years,1,Male,0,None Noted,0,None Noted,0,None Noted,680,Not At Intersection - Other / Unknown,0,Not a Cyclist,3,Not At Intersection,7,Not a Cyclist,9,Other/Unknown,7,Not a Cyclist,8,Not Applicable,7,Not a Cyclist,8,Not Applicable,8,Not Applicable,8,Not Applicable,8,Not Applicable,990,Other / Unknown - Insufficient Details,0,Not a Cyclist
43,Puerto Rico,430110,0,1,5,Pedestrian,55,55 Years,1,Male,0,None Noted,0,None Noted,0,None Noted,770,Motorist Failed to Yield,0,Not a Cyclist,3,Not At Intersection,7,Not a Cyclist,3,Travel Lane,7,Not a Cyclist,8,Not Applicable,7,Not a Cyclist,8,Not Applicable,8,Not Applicable,8,Not Applicable,8,Not Applicable,750,Crossing Roadway - Vehicle Not Turning,0,Not a Cyclist
43,Puerto Rico,430113,0,1,5,Pedestrian,81,81 Years,1,Male,0,None Noted,0,None Noted,0,None Noted,760,Pedestrian Failed to Yield,0,Not a Cyclist,3,Not At Intersection,7,Not a Cyclist,3,Travel Lane,7,Not a Cyclist,8,Not Applicable,7,Not a Cyclist,8,Not Applicable,8,Not Applicable,8,Not Applicable,8,Not Applicable,750,Crossing Roadway - Vehicle Not Turning,0,Not a Cyclist
43,Puerto Rico,430115,0,1,5,Pedestrian,70,70 Years,2,Female,0,None Noted,0,None Noted,0,None Noted,770,Motorist Failed to Yield,0,Not a Cyclist,3,Not At Intersection,7,Not a Cyclist,3,Travel Lane,7,Not a Cyclist,8,Not Applicable,7,Not a Cyclist,8,Not Applicable,8,Not Applicable,8,Not Applicable,8,Not Applicable,750,Crossing Roadway - Vehicle Not Turning,0,Not a Cyclist
43,Puerto Rico,430117,0,1,6,Bicyclist,53,53 Years,1,Male,0,None Noted,0,None Noted,0,None Noted,0,Not a Pedestrian,241,Bicyclist Overtaking - Passing on Right,7,Not a Pedestrian,3,Not At Intersection,77,Not a Pedestrian,1,Travel Lane,7,Not a Pedestrian,1,With Traffic,7,Not a Pedestrian,7,Not a Pedestrian,7,Not a Pedestrian,7,Not a Pedestrian,0,Not a Pedestrian,240,Bicyclist Overtaking Motorist
43,Puerto Rico,430118,0,1,5,Pedestrian,73,73 Years,1,Male,0,None Noted,0,None Noted,0,None Noted,770,Motorist Failed to Yield,0,Not a Cyclist,3,Not At Intersection,7,Not a Cyclist,3,Travel Lane,7,Not a Cyclist,8,Not Applicable,7,Not a Cyclist,8,Not Applicable,8,Not Applicable,8,Not Applicable,8,Not Applicable,750,Crossing Roadway - Vehicle Not Turning,0,Not a Cyclist
43,Puerto Rico,430118,0,2,5,Pedestrian,72,72 Years,2,Female,0,None Noted,0,None Noted,0,None Noted,770,Motorist Failed to Yield,0,Not a Cyclist,3,Not At Intersection,7,Not a Cyclist,3,Travel Lane,7,Not a Cyclist,8,Not Applicable,7,Not a Cyclist,8,Not Applicable,8,Not Applicable,8,Not Applicable,8,Not Applicable,750,Crossing Roadway - Vehicle Not Turning,0,Not a Cyclist
43,Puerto Rico,430119,0,1,5,Pedestrian,45,45 Years,1,Male,0,None Noted,0,None Noted,0,None Noted,760,Pedestrian Failed to Yield,0,Not a Cyclist,3,Not At Intersection,7,Not a Cyclist,3,Travel Lane,7,Not a Cyclist,8,Not Applicable,7,Not a Cyclist,8,Not Applicable,8,Not Applicable,8,Not Applicable,8,Not Applicable,750,Crossing Roadway - Vehicle Not Turning,0,Not a Cyclist
43,Puerto Rico,430121,0,1,5,Pedestrian,50,50 Years,1,Male,0,None Noted,0,None Noted,0,None Noted,520,Waiting to Cross - Vehicle Not Turning,0,Not a Cyclist,3,Not At Intersection,7,Not a Cyclist,6,Unpaved Right-of-Way,7,Not a Cyclist,8,Not Applicable,7,Not a Cyclist,8,Not Applicable,8,Not Applicable,8,Not Applicable,8,Not Applicable,500,Waiting to Cross,0,Not a Cyclist
43,Puerto Rico,430123,0,1,5,Pedestrian,19,19 Years,1,Male,0,None Noted,0,None Noted,0,None Noted,312,Playing in Roadway,0,Not a Cyclist,3,Not At Intersection,7,Not a Cyclist,3,Travel Lane,7,Not a Cyclist,8,Not Applicable,7,Not a Cyclist,8,Not Applicable,8,Not Applicable,8,Not Applicable,8,Not Applicable,310,Working or Playing in Roadway,0,Not a Cyclist
43,Puerto Rico,430123,0,2,5,Pedestrian,41,41 Years,1,Male,0,None Noted,0,None Noted,0,None Noted,312,Playing in Roadway,0,Not a Cyclist,3,Not At Intersection,7,Not a Cyclist,3,Travel Lane,7,Not a Cyclist,8,Not Applicable,7,Not a Cyclist,8,Not Applicable,8,Not Applicable,8,Not Applicable,8,Not Applicable,310,Working or Playing in Roadway,0,Not a Cyclist
43,Puerto Rico,430128,0,1,5,Pedestrian,61,61 Years,1,Male,0,None Noted,0,None Noted,0,None Noted,770,Motorist Failed to Yield,0,Not a Cyclist,3,Not At Intersection,7,Not a Cyclist,3,Travel Lane,7,Not a Cyclist,8,Not Applicable,7,Not a Cyclist,8,Not Applicable,8,Not Applicable,8,Not Applicable,8,Not Applicable,750,Crossing Roadway - Vehicle Not Turning,0,Not a Cyclist
43,Puerto Rico,430129,0,1,5,Pedestrian,50,50 Years,1,Male,0,None Noted,0,None Noted,0,None Noted,420,Walking/Running Along Roadway With Traffic - From Front,0,Not a Cyclist,3,Not At Intersection,7,Not a Cyclist,3,Travel Lane,7,Not a Cyclist,8,Not Applicable,7,Not a Cyclist,8,Not Applicable,8,Not Applicable,8,Not Applicable,8,Not Applicable,400,Walking/Running Along Roadway,0,Not a Cyclist
43,Puerto Rico,430130,0,1,5,Pedestrian,79,79 Years,1,Male,0,None Noted,0,None Noted,0,None Noted,770,Motorist Failed to Yield,0,Not a Cyclist,3,Not At Intersection,7,Not a Cyclist,3,Travel Lane,7,Not a Cyclist,8,Not Applicable,7,Not a Cyclist,8,Not Applicable,8,Not Applicable,8,Not Applicable,8,Not Applicable,750,Crossing Roadway - Vehicle Not Turning,0,Not a Cyclist
43,Puerto Rico,430131,0,1,5,Pedestrian,53,53 Years,1,Male,0,None Noted,0,None Noted,0,None Noted,770,Motorist Failed to Yield,0,Not a Cyclist,3,Not At Intersection,7,Not a Cyclist,3,Travel Lane,7,Not a Cyclist,8,Not Applicable,7,Not a Cyclist,8,Not Applicable,8,Not Applicable,8,Not Applicable,8,Not Applicable,750,Crossing Roadway - Vehicle Not Turning,0,Not a Cyclist
43,Puerto Rico,430132,0,1,5,Pedestrian,19,19 Years,2,Female,0,None Noted,0,None Noted,0,None Noted,760,Pedestrian Failed to Yield,0,Not a Cyclist,3,Not At Intersection,7,Not a Cyclist,3,Travel Lane,7,Not a Cyclist,8,Not Applicable,7,Not a Cyclist,8,Not Applicable,8,Not Applicable,8,Not Applicable,8,Not Applicable,750,Crossing Roadway - Vehicle Not Turning,0,Not a Cyclist
43,Puerto Rico,430132,0,2,5,Pedestrian,19,19 Years,2,Female,0,None Noted,0,None Noted,0,None Noted,760,Pedestrian Failed to Yield,0,Not a Cyclist,3,Not At Intersection,7,Not a Cyclist,3,Travel Lane,7,Not a Cyclist,8,Not Applicable,7,Not a Cyclist,8,Not Applicable,8,Not Applicable,8,Not Applicable,8,Not Applicable,750,Crossing Roadway - Vehicle Not Turning,0,Not a Cyclist
43,Puerto Rico,430136,0,1,5,Pedestrian,39,39 Years,1,Male,0,None Noted,0,None Noted,0,None Noted,770,Motorist Failed to Yield,0,Not a Cyclist,3,Not At Intersection,7,Not a Cyclist,3,Travel Lane,7,Not a Cyclist,8,Not Applicable,7,Not a Cyclist,8,Not Applicable,8,Not Applicable,8,Not Applicable,8,Not Applicable,750,Crossing Roadway - Vehicle Not Turning,0,Not a Cyclist
43,Puerto Rico,430138,0,1,5,Pedestrian,64,64 Years,1,Male,0,None Noted,0,None Noted,0,None Noted,760,Pedestrian Failed to Yield,0,Not a Cyclist,3,Not At Intersection,7,Not a Cyclist,3,Travel Lane,7,Not a Cyclist,8,Not Applicable,7,Not a Cyclist,8,Not Applicable,8,Not Applicable,8,Not Applicable,8,Not Applicable,750,Crossing Roadway - Vehicle Not Turning,0,Not a Cyclist
43,Puerto Rico,430139,0,1,5,Pedestrian,31,31 Years,1,Male,0,None Noted,0,None Noted,0,None Noted,313,Lying in Roadway,0,Not a Cyclist,3,Not At Intersection,7,Not a Cyclist,3,Travel Lane,7,Not a Cyclist,8,Not Applicable,7,Not a Cyclist,8,Not Applicable,8,Not Applicable,8,Not Applicable,8,Not Applicable,600,Pedestrian in Roadway - Circumstances Unknown,0,Not a Cyclist
43,Puerto Rico,430147,0,1,5,Pedestrian,30,30 Years,2,Female,0,None Noted,0,None Noted,0,None Noted,420,Walking/Running Along Roadway With Traffic - From Front,0,Not a Cyclist,3,Not At Intersection,7,Not a Cyclist,3,Travel Lane,7,Not a Cyclist,8,Not Applicable,7,Not a Cyclist,8,Not Applicable,8,Not Applicable,8,Not Applicable,8,Not Applicable,400,Walking/Running Along Roadway,0,Not a Cyclist
43,Puerto Rico,430149,0,1,5,Pedestrian,67,67 Years,1,Male,0,None Noted,0,None Noted,0,None Noted,520,Waiting to Cross - Vehicle Not Turning,0,Not a Cyclist,3,Not At Intersection,7,Not a Cyclist,4,Paved Shoulder / Bicycle Lane / Parking Lane,7,Not a Cyclist,8,Not Applicable,7,Not a Cyclist,8,Not Applicable,8,Not Applicable,8,Not Applicable,8,Not Applicable,500,Waiting to Cross,0,Not a Cyclist
43,Puerto Rico,430150,0,1,5,Pedestrian,45,45 Years,1,Male,0,None Noted,0,None Noted,0,None Noted,770,Motorist Failed to Yield,0,Not a Cyclist,3,Not At Intersection,7,Not a Cyclist,3,Travel Lane,7,Not a Cyclist,8,Not Applicable,7,Not a Cyclist,8,Not Applicable,8,Not Applicable,8,Not Applicable,8,Not Applicable,750,Crossing Roadway - Vehicle Not Turning,0,Not a Cyclist
43,Puerto Rico,430152,0,1,5,Pedestrian,60,60 Years,1,Male,0,None Noted,0,None Noted,0,None Noted,760,Pedestrian Failed to Yield,0,Not a Cyclist,3,Not At Intersection,7,Not a Cyclist,3,Travel Lane,7,Not a Cyclist,8,Not Applicable,7,Not a Cyclist,8,Not Applicable,8,Not Applicable,8,Not Applicable,8,Not Applicable,750,Crossing Roadway - Vehicle Not Turning,0,Not a Cyclist
43,Puerto Rico,430162,0,1,5,Pedestrian,66,66 Years,1,Male,0,None Noted,0,None Noted,0,None Noted,760,Pedestrian Failed to Yield,0,Not a Cyclist,3,Not At Intersection,7,Not a Cyclist,3,Travel Lane,7,Not a Cyclist,8,Not Applicable,7,Not a Cyclist,8,Not Applicable,8,Not Applicable,8,Not Applicable,8,Not Applicable,750,Crossing Roadway - Vehicle Not Turning,0,Not a Cyclist
43,Puerto Rico,430167,0,1,5,Pedestrian,78,78 Years,1,Male,0,None Noted,0,None Noted,0,None Noted,770,Motorist Failed to Yield,0,Not a Cyclist,3,Not At Intersection,7,Not a Cyclist,3,Travel Lane,7,Not a Cyclist,8,Not Applicable,7,Not a Cyclist,8,Not Applicable,8,Not Applicable,8,Not Applicable,8,Not Applicable,750,Crossing Roadway - Vehicle Not Turning,0,Not a Cyclist
43,Puerto Rico,430168,0,1,5,Pedestrian,86,86 Years,2,Female,0,None Noted,0,None Noted,0,None Noted,770,Motorist Failed to Yield,0,Not a Cyclist,3,Not At Intersection,7,Not a Cyclist,3,Travel Lane,7,Not a Cyclist,8,Not Applicable,7,Not a Cyclist,8,Not Applicable,8,Not Applicable,8,Not Applicable,8,Not Applicable,750,Crossing Roadway - Vehicle Not Turning,0,Not a Cyclist
43,Puerto Rico,430172,0,1,5,Pedestrian,20,20 Years,2,Female,0,None Noted,0,None Noted,0,None Noted,313,Lying in Roadway,0,Not a Cyclist,3,Not At Intersection,7,Not a Cyclist,3,Travel Lane,7,Not a Cyclist,8,Not Applicable,7,Not a Cyclist,8,Not Applicable,8,Not Applicable,8,Not Applicable,8,Not Applicable,600,Pedestrian in Roadway - Circumstances Unknown,0,Not a Cyclist
43,Puerto Rico,430173,0,1,5,Pedestrian,53,53 Years,1,Male,0,None Noted,0,None Noted,0,None Noted,313,Lying in Roadway,0,Not a Cyclist,3,Not At Intersection,7,Not a Cyclist,3,Travel Lane,7,Not a Cyclist,8,Not Applicable,7,Not a Cyclist,8,Not Applicable,8,Not Applicable,8,Not Applicable,8,Not Applicable,600,Pedestrian in Roadway - Circumstances Unknown,0,Not a Cyclist
43,Puerto Rico,430175,0,1,5,Pedestrian,74,74 Years,2,Female,0,None Noted,0,None Noted,0,None Noted,760,Pedestrian Failed to Yield,0,Not a Cyclist,3,Not At Intersection,7,Not a Cyclist,3,Travel Lane,7,Not a Cyclist,8,Not Applicable,7,Not a Cyclist,8,Not Applicable,8,Not Applicable,8,Not Applicable,8,Not Applicable,750,Crossing Roadway - Vehicle Not Turning,0,Not a Cyclist
43,Puerto Rico,430176,0,1,5,Pedestrian,68,68 Years,1,Male,0,None Noted,0,None Noted,0,None Noted,770,Motorist Failed to Yield,0,Not a Cyclist,3,Not At Intersection,7,Not a Cyclist,3,Travel Lane,7,Not a Cyclist,8,Not Applicable,7,Not a Cyclist,8,Not Applicable,8,Not Applicable,8,Not Applicable,8,Not Applicable,750,Crossing Roadway - Vehicle Not Turning,0,Not a Cyclist
43,Puerto Rico,430178,0,1,5,Pedestrian,56,56 Years,1,Male,1,Yes,0,None Noted,0,None Noted,760,Pedestrian Failed to Yield,0,Not a Cyclist,3,Not At Intersection,7,Not a Cyclist,3,Travel Lane,7,Not a Cyclist,8,Not Applicable,7,Not a Cyclist,8,Not Applicable,8,Not Applicable,8,Not Applicable,8,Not Applicable,750,Crossing Roadway - Vehicle Not Turning,0,Not a Cyclist
43,Puerto Rico,430181,0,1,5,Pedestrian,998,Not Reported,1,Male,0,None Noted,0,None Noted,0,None Noted,420,Walking/Running Along Roadway With Traffic - From Front,0,Not a Cyclist,3,Not At Intersection,7,Not a Cyclist,3,Travel Lane,7,Not a Cyclist,8,Not Applicable,7,Not a Cyclist,8,Not Applicable,8,Not Applicable,8,Not Applicable,8,Not Applicable,400,Walking/Running Along Roadway,0,Not a Cyclist
43,Puerto Rico,430187,0,1,5,Pedestrian,71,71 Years,1,Male,0,None Noted,0,None Noted,0,None Noted,220,Driverless Vehicle,0,Not a Cyclist,4,Non-Trafficway Location,7,Not a Cyclist,9,Other/Unknown,7,Not a Cyclist,8,Not Applicable,7,Not a Cyclist,8,Not Applicable,8,Not Applicable,8,Not Applicable,8,Not Applicable,100,Unusual Circumstances,0,Not a Cyclist
43,Puerto Rico,430190,0,1,5,Pedestrian,48,48 Years,1,Male,0,None Noted,0,None Noted,0,None Noted,770,Motorist Failed to Yield,0,Not a Cyclist,3,Not At Intersection,7,Not a Cyclist,3,Travel Lane,7,Not a Cyclist,8,Not Applicable,7,Not a Cyclist,8,Not Applicable,8,Not Applicable,8,Not Applicable,8,Not Applicable,750,Crossing Roadway - Vehicle Not Turning,0,Not a Cyclist
43,Puerto Rico,430191,0,1,5,Pedestrian,62,62 Years,1,Male,0,None Noted,0,None Noted,0,None Noted,770,Motorist Failed to Yield,0,Not a Cyclist,3,Not At Intersection,7,Not a Cyclist,3,Travel Lane,7,Not a Cyclist,8,Not Applicable,7,Not a Cyclist,8,Not Applicable,8,Not Applicable,8,Not Applicable,8,Not Applicable,750,Crossing Roadway - Vehicle Not Turning,0,Not a Cyclist
43,Puerto Rico,430193,0,1,5,Pedestrian,32,32 Years,1,Male,0,None Noted,0,None Noted,0,None Noted,770,Motorist Failed to Yield,0,Not a Cyclist,3,Not At Intersection,7,Not a Cyclist,3,Travel Lane,7,Not a Cyclist,8,Not Applicable,7,Not a Cyclist,8,Not Applicable,8,Not Applicable,8,Not Applicable,8,Not Applicable,750,Crossing Roadway - Vehicle Not Turning,0,Not a Cyclist
43,Puerto Rico,430194,0,1,6,Bicyclist,47,47 Years,1,Male,0,None Noted,0,None Noted,0,None Noted,0,Not a Pedestrian,250,Wrong-Way / Wrong-Side - Bicyclist,7,Not a Pedestrian,3,Not At Intersection,77,Not a Pedestrian,1,Travel Lane,7,Not a Pedestrian,1,With Traffic,7,Not a Pedestrian,7,Not a Pedestrian,7,Not a Pedestrian,7,Not a Pedestrian,0,Not a Pedestrian,258,Wrong-Way / Wrong-Side
43,Puerto Rico,430196,0,1,5,Pedestrian,35,35 Years,1,Male,0,None Noted,0,None Noted,0,None Noted,770,Motorist Failed to Yield,0,Not a Cyclist,3,Not At Intersection,7,Not a Cyclist,3,Travel Lane,7,Not a Cyclist,8,Not Applicable,7,Not a Cyclist,8,Not Applicable,8,Not Applicable,8,Not Applicable,8,Not Applicable,750,Crossing Roadway - Vehicle Not Turning,0,Not a Cyclist
43,Puerto Rico,430199,0,1,5,Pedestrian,69,69 Years,1,Male,0,None Noted,0,None Noted,0,None Noted,760,Pedestrian Failed to Yield,0,Not a Cyclist,3,Not At Intersection,7,Not a Cyclist,3,Travel Lane,7,Not a Cyclist,8,Not Applicable,7,Not a Cyclist,8,Not Applicable,8,Not Applicable,8,Not Applicable,8,Not Applicable,750,Crossing Roadway - Vehicle Not Turning,0,Not a Cyclist
43,Puerto Rico,430202,0,1,5,Pedestrian,80,80 Years,1,Male,0,None Noted,0,None Noted,0,None Noted,770,Motorist Failed to Yield,0,Not a Cyclist,3,Not At Intersection,7,Not a Cyclist,3,Travel Lane,7,Not a Cyclist,8,Not Applicable,7,Not a Cyclist,8,Not Applicable,8,Not Applicable,8,Not Applicable,8,Not Applicable,750,Crossing Roadway - Vehicle Not Turning,0,Not a Cyclist
43,Puerto Rico,430210,0,1,5,Pedestrian,53,53 Years,1,Male,0,None Noted,0,None Noted,0,None Noted,760,Pedestrian Failed to Yield,0,Not a Cyclist,3,Not At Intersection,7,Not a Cyclist,3,Travel Lane,7,Not a Cyclist,8,Not Applicable,7,Not a Cyclist,8,Not Applicable,8,Not Applicable,8,Not Applicable,8,Not Applicable,750,Crossing Roadway - Vehicle Not Turning,0,Not a Cyclist
43,Puerto Rico,430211,0,1,5,Pedestrian,55,55 Years,1,Male,0,None Noted,0,None Noted,0,None Noted,760,Pedestrian Failed to Yield,0,Not a Cyclist,3,Not At Intersection,7,Not a Cyclist,3,Travel Lane,7,Not a Cyclist,8,Not Applicable,7,Not a Cyclist,8,Not Applicable,8,Not Applicable,8,Not Applicable,8,Not Applicable,750,Crossing Roadway - Vehicle Not Turning,0,Not a Cyclist
43,Puerto Rico,430212,0,1,6,Bicyclist,58,58 Years,1,Male,0,None Noted,0,None Noted,0,None Noted,0,Not a Pedestrian,280,Parallel Paths - Other / Unknown,7,Not a Pedestrian,3,Not At Intersection,77,Not a Pedestrian,1,Travel Lane,7,Not a Pedestrian,1,With Traffic,7,Not a Pedestrian,7,Not a Pedestrian,7,Not a Pedestrian,7,Not a Pedestrian,0,Not a Pedestrian,290,Parallel Paths - Other Circumstances
43,Puerto Rico,430213,0,1,5,Pedestrian,58,58 Years,1,Male,0,None Noted,0,None Noted,0,None Noted,770,Motorist Failed to Yield,0,Not a Cyclist,3,Not At Intersection,7,Not a Cyclist,3,Travel Lane,7,Not a Cyclist,8,Not Applicable,7,Not a Cyclist,8,Not Applicable,8,Not Applicable,8,Not Applicable,8,Not Applicable,750,Crossing Roadway - Vehicle Not Turning,0,Not a Cyclist
43,Puerto Rico,430218,0,1,5,Pedestrian,47,47 Years,1,Male,0,None Noted,0,None Noted,0,None Noted,760,Pedestrian Failed to Yield,0,Not a Cyclist,3,Not At Intersection,7,Not a Cyclist,3,Travel Lane,7,Not a Cyclist,8,Not Applicable,7,Not a Cyclist,8,Not Applicable,8,Not Applicable,8,Not Applicable,8,Not Applicable,750,Crossing Roadway - Vehicle Not Turning,0,Not a Cyclist
43,Puerto Rico,430220,0,1,5,Pedestrian,53,53 Years,2,Female,0,None Noted,0,None Noted,0,None Noted,760,Pedestrian Failed to Yield,0,Not a Cyclist,3,Not At Intersection,7,Not a Cyclist,3,Travel Lane,7,Not a Cyclist,8,Not Applicable,7,Not a Cyclist,8,Not Applicable,8,Not Applicable,8,Not Applicable,8,Not Applicable,750,Crossing Roadway - Vehicle Not Turning,0,Not a Cyclist
43,Puerto Rico,430221,0,1,5,Pedestrian,68,68 Years,1,Male,0,None Noted,0,None Noted,0,None Noted,760,Pedestrian Failed to Yield,0,Not a Cyclist,3,Not At Intersection,7,Not a Cyclist,3,Travel Lane,7,Not a Cyclist,8,Not Applicable,7,Not a Cyclist,8,Not Applicable,8,Not Applicable,8,Not Applicable,8,Not Applicable,750,Crossing Roadway - Vehicle Not Turning,0,Not a Cyclist
43,Puerto Rico,430224,0,1,5,Pedestrian,38,38 Years,1,Male,0,None Noted,0,None Noted,0,None Noted,770,Motorist Failed to Yield,0,Not a Cyclist,1,At Intersection,7,Not a Cyclist,1,Intersection Area,7,Not a Cyclist,9,Not Derived/Unknown Initial Direction of Travel,7,Not a Cyclist,1,Northbound,3,Straight through,1,Nearside,2c,"Motorist traveling straight through - Crash Occurred on Near (Approach) Side of Intersection / Pedestrian outside crosswalk area, approach direction unknown",750,Crossing Roadway - Vehicle Not Turning,0,Not a Cyclist
43,Puerto Rico,430228,0,1,5,Pedestrian,998,Not Reported,1,Male,0,None Noted,0,None Noted,0,None Noted,760,Pedestrian Failed to Yield,0,Not a Cyclist,3,Not At Intersection,7,Not a Cyclist,3,Travel Lane,7,Not a Cyclist,8,Not Applicable,7,Not a Cyclist,8,Not Applicable,8,Not Applicable,8,Not Applicable,8,Not Applicable,750,Crossing Roadway - Vehicle Not Turning,0,Not a Cyclist
43,Puerto Rico,430231,0,1,6,Bicyclist,18,18 Years,1,Male,0,None Noted,0,None Noted,0,None Noted,0,Not a Pedestrian,232,Motorist Overtaking - Misjudged Space,7,Not a Pedestrian,3,Not At Intersection,77,Not a Pedestrian,1,Travel Lane,7,Not a Pedestrian,1,With Traffic,7,Not a Pedestrian,7,Not a Pedestrian,7,Not a Pedestrian,7,Not a Pedestrian,0,Not a Pedestrian,230,Motorist Overtaking Bicyclist
43,Puerto Rico,430235,0,1,5,Pedestrian,83,83 Years,2,Female,0,None Noted,0,None Noted,0,None Noted,770,Motorist Failed to Yield,0,Not a Cyclist,3,Not At Intersection,7,Not a Cyclist,3,Travel Lane,7,Not a Cyclist,8,Not Applicable,7,Not a Cyclist,8,Not Applicable,8,Not Applicable,8,Not Applicable,8,Not Applicable,750,Crossing Roadway - Vehicle Not Turning,0,Not a Cyclist
43,Puerto Rico,430241,0,1,6,Bicyclist,62,62 Years,1,Male,0,None Noted,0,None Noted,0,None Noted,0,Not a Pedestrian,280,Parallel Paths - Other / Unknown,7,Not a Pedestrian,3,Not At Intersection,77,Not a Pedestrian,1,Travel Lane,7,Not a Pedestrian,1,With Traffic,7,Not a Pedestrian,7,Not a Pedestrian,7,Not a Pedestrian,7,Not a Pedestrian,0,Not a Pedestrian,290,Parallel Paths - Other Circumstances
43,Puerto Rico,430243,0,1,5,Pedestrian,998,Not Reported,1,Male,0,None Noted,0,None Noted,0,None Noted,760,Pedestrian Failed to Yield,0,Not a Cyclist,3,Not At Intersection,7,Not a Cyclist,3,Travel Lane,7,Not a Cyclist,8,Not Applicable,7,Not a Cyclist,8,Not Applicable,8,Not Applicable,8,Not Applicable,8,Not Applicable,750,Crossing Roadway - Vehicle Not Turning,0,Not a Cyclist
43,Puerto Rico,430244,0,1,5,Pedestrian,83,83 Years,1,Male,0,None Noted,0,None Noted,0,None Noted,770,Motorist Failed to Yield,0,Not a Cyclist,3,Not At Intersection,7,Not a Cyclist,3,Travel Lane,7,Not a Cyclist,8,Not Applicable,7,Not a Cyclist,8,Not Applicable,8,Not Applicable,8,Not Applicable,8,Not Applicable,750,Crossing Roadway - Vehicle Not Turning,0,Not a Cyclist
43,Puerto Rico,430245,0,1,5,Pedestrian,73,73 Years,1,Male,0,None Noted,0,None Noted,0,None Noted,680,Not At Intersection - Other / Unknown,0,Not a Cyclist,3,Not At Intersection,7,Not a Cyclist,3,Travel Lane,7,Not a Cyclist,8,Not Applicable,7,Not a Cyclist,8,Not Applicable,8,Not Applicable,8,Not Applicable,8,Not Applicable,990,Other / Unknown - Insufficient Details,0,Not a Cyclist
43,Puerto Rico,430248,0,1,5,Pedestrian,50,50 Years,1,Male,0,None Noted,0,None Noted,0,None Noted,313,Lying in Roadway,0,Not a Cyclist,3,Not At Intersection,7,Not a Cyclist,3,Travel Lane,7,Not a Cyclist,8,Not Applicable,7,Not a Cyclist,8,Not Applicable,8,Not Applicable,8,Not Applicable,8,Not Applicable,600,Pedestrian in Roadway - Circumstances Unknown,0,Not a Cyclist
43,Puerto Rico,430250,0,1,5,Pedestrian,65,65 Years,1,Male,0,None Noted,0,None Noted,0,None Noted,770,Motorist Failed to Yield,0,Not a Cyclist,3,Not At Intersection,7,Not a Cyclist,3,Travel Lane,7,Not a Cyclist,8,Not Applicable,7,Not a Cyclist,8,Not Applicable,8,Not Applicable,8,Not Applicable,8,Not Applicable,750,Crossing Roadway - Vehicle Not Turning,0,Not a Cyclist
43,Puerto Rico,430253,0,1,5,Pedestrian,63,63 Years,2,Female,0,None Noted,0,None Noted,0,None Noted,760,Pedestrian Failed to Yield,0,Not a Cyclist,3,Not At Intersection,7,Not a Cyclist,3,Travel Lane,7,Not a Cyclist,8,Not Applicable,7,Not a Cyclist,8,Not Applicable,8,Not Applicable,8,Not Applicable,8,Not Applicable,750,Crossing Roadway - Vehicle Not Turning,0,Not a Cyclist
43,Puerto Rico,430253,0,2,5,Pedestrian,61,61 Years,1,Male,0,None Noted,0,None Noted,0,None Noted,760,Pedestrian Failed to Yield,0,Not a Cyclist,3,Not At Intersection,7,Not a Cyclist,3,Travel Lane,7,Not a Cyclist,8,Not Applicable,7,Not a Cyclist,8,Not Applicable,8,Not Applicable,8,Not Applicable,8,Not Applicable,750,Crossing Roadway - Vehicle Not Turning,0,Not a Cyclist
43,Puerto Rico,430255,0,1,5,Pedestrian,47,47 Years,1,Male,0,None Noted,0,None Noted,0,None Noted,770,Motorist Failed to Yield,0,Not a Cyclist,3,Not At Intersection,7,Not a Cyclist,3,Travel Lane,7,Not a Cyclist,8,Not Applicable,7,Not a Cyclist,8,Not Applicable,8,Not Applicable,8,Not Applicable,8,Not Applicable,750,Crossing Roadway - Vehicle Not Turning,0,Not a Cyclist
43,Puerto Rico,430260,0,1,5,Pedestrian,62,62 Years,1,Male,0,None Noted,0,None Noted,0,None Noted,760,Pedestrian Failed to Yield,0,Not a Cyclist,3,Not At Intersection,7,Not a Cyclist,3,Travel Lane,7,Not a Cyclist,8,Not Applicable,7,Not a Cyclist,8,Not Applicable,8,Not Applicable,8,Not Applicable,8,Not Applicable,750,Crossing Roadway - Vehicle Not Turning,0,Not a Cyclist
43,Puerto Rico,430265,0,1,5,Pedestrian,58,58 Years,1,Male,0,None Noted,0,None Noted,0,None Noted,770,Motorist Failed to Yield,0,Not a Cyclist,3,Not At Intersection,7,Not a Cyclist,3,Travel Lane,7,Not a Cyclist,8,Not Applicable,7,Not a Cyclist,8,Not Applicable,8,Not Applicable,8,Not Applicable,8,Not Applicable,750,Crossing Roadway - Vehicle Not Turning,0,Not a Cyclist
43,Puerto Rico,430267,0,1,5,Pedestrian,54,54 Years,1,Male,1,Yes,0,None Noted,0,None Noted,760,Pedestrian Failed to Yield,0,Not a Cyclist,3,Not At Intersection,7,Not a Cyclist,3,Travel Lane,7,Not a Cyclist,8,Not Applicable,7,Not a Cyclist,8,Not Applicable,8,Not Applicable,8,Not Applicable,8,Not Applicable,750,Crossing Roadway - Vehicle Not Turning,0,Not a Cyclist
43,Puerto Rico,430271,0,1,5,Pedestrian,60,60 Years,1,Male,0,None Noted,0,None Noted,0,None Noted,760,Pedestrian Failed to Yield,0,Not a Cyclist,3,Not At Intersection,7,Not a Cyclist,3,Travel Lane,7,Not a Cyclist,8,Not Applicable,7,Not a Cyclist,8,Not Applicable,8,Not Applicable,8,Not Applicable,8,Not Applicable,750,Crossing Roadway - Vehicle Not Turning,0,Not a Cyclist
43,Puerto Rico,430272,0,1,5,Pedestrian,63,63 Years,1,Male,0,None Noted,0,None Noted,0,None Noted,420,Walking/Running Along Roadway With Traffic - From Front,0,Not a Cyclist,3,Not At Intersection,7,Not a Cyclist,3,Travel Lane,7,Not a Cyclist,8,Not Applicable,7,Not a Cyclist,8,Not Applicable,8,Not Applicable,8,Not Applicable,8,Not Applicable,400,Walking/Running Along Roadway,0,Not a Cyclist
43,Puerto Rico,430273,0,1,5,Pedestrian,66,66 Years,1,Male,0,None Noted,0,None Noted,0,None Noted,770,Motorist Failed to Yield,0,Not a Cyclist,3,Not At Intersection,7,Not a Cyclist,3,Travel Lane,7,Not a Cyclist,8,Not Applicable,7,Not a Cyclist,8,Not Applicable,8,Not Applicable,8,Not Applicable,8,Not Applicable,750,Crossing Roadway - Vehicle Not Turning,0,Not a Cyclist
43,Puerto Rico,430275,0,1,5,Pedestrian,74,74 Years,1,Male,0,None Noted,0,None Noted,0,None Noted,760,Pedestrian Failed to Yield,0,Not a Cyclist,3,Not At Intersection,7,Not a Cyclist,3,Travel Lane,7,Not a Cyclist,8,Not Applicable,7,Not a Cyclist,8,Not Applicable,8,Not Applicable,8,Not Applicable,8,Not Applicable,750,Crossing Roadway - Vehicle Not Turning,0,Not a Cyclist
43,Puerto Rico,430277,0,1,5,Pedestrian,54,54 Years,1,Male,0,None Noted,0,None Noted,0,None Noted,430,Walking/Running Along Roadway Against Traffic - From Behind,0,Not a Cyclist,3,Not At Intersection,7,Not a Cyclist,3,Travel Lane,7,Not a Cyclist,8,Not Applicable,7,Not a Cyclist,8,Not Applicable,8,Not Applicable,8,Not Applicable,8,Not Applicable,400,Walking/Running Along Roadway,0,Not a Cyclist
43,Puerto Rico,430281,0,1,5,Pedestrian,54,54 Years,1,Male,0,None Noted,0,None Noted,0,None Noted,420,Walking/Running Along Roadway With Traffic - From Front,0,Not a Cyclist,3,Not At Intersection,7,Not a Cyclist,3,Travel Lane,7,Not a Cyclist,8,Not Applicable,7,Not a Cyclist,8,Not Applicable,8,Not Applicable,8,Not Applicable,8,Not Applicable,400,Walking/Running Along Roadway,0,Not a Cyclist
43,Puerto Rico,430282,0,1,5,Pedestrian,49,49 Years,1,Male,0,None Noted,0,None Noted,0,None Noted,770,Motorist Failed to Yield,0,Not a Cyclist,3,Not At Intersection,7,Not a Cyclist,3,Travel Lane,7,Not a Cyclist,8,Not Applicable,7,Not a Cyclist,8,Not Applicable,8,Not Applicable,8,Not Applicable,8,Not Applicable,750,Crossing Roadway - Vehicle Not Turning,0,Not a Cyclist
43,Puerto Rico,430283,0,1,6,Bicyclist,57,57 Years,1,Male,0,None Noted,0,None Noted,0,None Noted,0,Not a Pedestrian,280,Parallel Paths - Other / Unknown,7,Not a Pedestrian,3,Not At Intersection,77,Not a Pedestrian,1,Travel Lane,7,Not a Pedestrian,1,With Traffic,7,Not a Pedestrian,7,Not a Pedestrian,7,Not a Pedestrian,7,Not a Pedestrian,0,Not a Pedestrian,290,Parallel Paths - Other Circumstances
