STATE,STATENAME,ST_CASE,VEH_NO,MVISOBSC,MVISOBSCNAME
43,Puerto Rico,430001,1,0,No Obstruction Noted
43,Puerto Rico,430002,1,0,No Obstruction Noted
43,Puerto Rico,430002,2,0,No Obstruction Noted
43,Puerto Rico,430003,1,0,No Obstruction Noted
43,Puerto Rico,430003,2,0,No Obstruction Noted
43,Puerto Rico,430004,1,0,No Obstruction Noted
43,Puerto Rico,430005,1,0,No Obstruction Noted
43,Puerto Rico,430006,1,0,No Obstruction Noted
43,Puerto Rico,430007,1,0,No Obstruction Noted
43,Puerto Rico,430008,1,0,No Obstruction Noted
43,Puerto Rico,430009,1,0,No Obstruction Noted
43,Puerto Rico,430009,2,0,No Obstruction Noted
43,Puerto Rico,430010,1,0,No Obstruction Noted
43,Puerto Rico,430011,1,0,No Obstruction Noted
43,Puerto Rico,430012,1,0,No Obstruction Noted
43,Puerto Rico,430013,1,0,No Obstruction Noted
43,Puerto Rico,430014,1,0,No Obstruction Noted
43,Puerto Rico,430014,2,0,No Obstruction Noted
43,Puerto Rico,430014,3,0,No Obstruction Noted
43,Puerto Rico,430015,1,0,No Obstruction Noted
43,Puerto Rico,430016,1,0,No Obstruction Noted
43,Puerto Rico,430017,1,0,No Obstruction Noted
43,Puerto Rico,430018,1,0,No Obstruction Noted
43,Puerto Rico,430019,1,0,No Obstruction Noted
43,Puerto Rico,430020,1,0,No Obstruction Noted
43,Puerto Rico,430020,3,0,No Obstruction Noted
43,Puerto Rico,430021,1,0,No Obstruction Noted
43,Puerto Rico,430022,1,0,No Obstruction Noted
43,Puerto Rico,430023,1,0,No Obstruction Noted
43,Puerto Rico,430024,1,0,No Obstruction Noted
43,Puerto Rico,430025,1,0,No Obstruction Noted
43,Puerto Rico,430025,2,0,No Obstruction Noted
43,Puerto Rico,430026,1,0,No Obstruction Noted
43,Puerto Rico,430026,2,0,No Obstruction Noted
43,Puerto Rico,430027,1,0,No Obstruction Noted
43,Puerto Rico,430028,1,0,No Obstruction Noted
43,Puerto Rico,430029,1,0,No Obstruction Noted
43,Puerto Rico,430029,2,0,No Obstruction Noted
43,Puerto Rico,430031,1,0,No Obstruction Noted
43,Puerto Rico,430032,1,0,No Obstruction Noted
43,Puerto Rico,430032,2,0,No Obstruction Noted
43,Puerto Rico,430033,1,0,No Obstruction Noted
43,Puerto Rico,430034,1,0,No Obstruction Noted
43,Puerto Rico,430035,1,0,No Obstruction Noted
43,Puerto Rico,430035,2,0,No Obstruction Noted
43,Puerto Rico,430036,1,0,No Obstruction Noted
43,Puerto Rico,430037,1,0,No Obstruction Noted
43,Puerto Rico,430038,1,0,No Obstruction Noted
43,Puerto Rico,430038,2,0,No Obstruction Noted
43,Puerto Rico,430039,1,0,No Obstruction Noted
43,Puerto Rico,430039,2,0,No Obstruction Noted
43,Puerto Rico,430040,1,0,No Obstruction Noted
43,Puerto Rico,430040,2,0,No Obstruction Noted
43,Puerto Rico,430041,1,0,No Obstruction Noted
43,Puerto Rico,430042,1,0,No Obstruction Noted
43,Puerto Rico,430042,2,0,No Obstruction Noted
43,Puerto Rico,430043,1,0,No Obstruction Noted
43,Puerto Rico,430044,1,0,No Obstruction Noted
43,Puerto Rico,430044,2,0,No Obstruction Noted
43,Puerto Rico,430045,1,0,No Obstruction Noted
43,Puerto Rico,430046,1,1,"Rain, Snow, Fog, Smoke, Sand, Dust"
43,Puerto Rico,430047,1,0,No Obstruction Noted
43,Puerto Rico,430047,2,0,No Obstruction Noted
43,Puerto Rico,430048,1,0,No Obstruction Noted
43,Puerto Rico,430049,1,0,No Obstruction Noted
43,Puerto Rico,430049,2,0,No Obstruction Noted
43,Puerto Rico,430050,1,0,No Obstruction Noted
43,Puerto Rico,430050,2,0,No Obstruction Noted
43,Puerto Rico,430051,1,0,No Obstruction Noted
43,Puerto Rico,430052,1,0,No Obstruction Noted
43,Puerto Rico,430052,2,0,No Obstruction Noted
43,Puerto Rico,430053,1,0,No Obstruction Noted
43,Puerto Rico,430054,1,0,No Obstruction Noted
43,Puerto Rico,430054,2,0,No Obstruction Noted
43,Puerto Rico,430055,1,0,No Obstruction Noted
43,Puerto Rico,430056,1,0,No Obstruction Noted
43,Puerto Rico,430057,1,0,No Obstruction Noted
43,Puerto Rico,430057,2,0,No Obstruction Noted
43,Puerto Rico,430058,1,0,No Obstruction Noted
43,Puerto Rico,430059,1,0,No Obstruction Noted
43,Puerto Rico,430060,1,0,No Obstruction Noted
43,Puerto Rico,430061,1,0,No Obstruction Noted
43,Puerto Rico,430061,2,0,No Obstruction Noted
43,Puerto Rico,430062,1,0,No Obstruction Noted
43,Puerto Rico,430062,2,0,No Obstruction Noted
43,Puerto Rico,430063,1,0,No Obstruction Noted
43,Puerto Rico,430064,1,0,No Obstruction Noted
43,Puerto Rico,430064,2,0,No Obstruction Noted
43,Puerto Rico,430065,1,0,No Obstruction Noted
43,Puerto Rico,430065,2,0,No Obstruction Noted
43,Puerto Rico,430066,1,0,No Obstruction Noted
43,Puerto Rico,430067,1,0,No Obstruction Noted
43,Puerto Rico,430067,2,0,No Obstruction Noted
43,Puerto Rico,430068,1,0,No Obstruction Noted
43,Puerto Rico,430069,1,0,No Obstruction Noted
43,Puerto Rico,430069,2,0,No Obstruction Noted
43,Puerto Rico,430070,1,0,No Obstruction Noted
43,Puerto Rico,430070,2,0,No Obstruction Noted
43,Puerto Rico,430071,1,0,No Obstruction Noted
43,Puerto Rico,430072,1,0,No Obstruction Noted
43,Puerto Rico,430073,1,0,No Obstruction Noted
43,Puerto Rico,430074,1,0,No Obstruction Noted
43,Puerto Rico,430075,1,0,No Obstruction Noted
43,Puerto Rico,430076,1,0,No Obstruction Noted
43,Puerto Rico,430076,2,0,No Obstruction Noted
43,Puerto Rico,430077,1,0,No Obstruction Noted
43,Puerto Rico,430078,1,0,No Obstruction Noted
43,Puerto Rico,430078,2,0,No Obstruction Noted
43,Puerto Rico,430079,1,0,No Obstruction Noted
43,Puerto Rico,430079,2,0,No Obstruction Noted
43,Puerto Rico,430080,1,0,No Obstruction Noted
43,Puerto Rico,430081,1,0,No Obstruction Noted
43,Puerto Rico,430082,1,0,No Obstruction Noted
43,Puerto Rico,430083,1,0,No Obstruction Noted
43,Puerto Rico,430084,1,0,No Obstruction Noted
43,Puerto Rico,430085,1,0,No Obstruction Noted
43,Puerto Rico,430085,2,0,No Obstruction Noted
43,Puerto Rico,430085,3,0,No Obstruction Noted
43,Puerto Rico,430086,1,0,No Obstruction Noted
43,Puerto Rico,430086,2,0,No Obstruction Noted
43,Puerto Rico,430086,3,0,No Obstruction Noted
43,Puerto Rico,430087,1,0,No Obstruction Noted
43,Puerto Rico,430088,1,0,No Obstruction Noted
43,Puerto Rico,430088,2,0,No Obstruction Noted
43,Puerto Rico,430088,3,0,No Obstruction Noted
43,Puerto Rico,430089,1,0,No Obstruction Noted
43,Puerto Rico,430089,2,0,No Obstruction Noted
43,Puerto Rico,430089,3,0,No Obstruction Noted
43,Puerto Rico,430090,1,95,No Driver Present/Unknown if Driver present
43,Puerto Rico,430091,1,0,No Obstruction Noted
43,Puerto Rico,430091,2,0,No Obstruction Noted
43,Puerto Rico,430092,1,0,No Obstruction Noted
43,Puerto Rico,430093,1,0,No Obstruction Noted
43,Puerto Rico,430093,2,0,No Obstruction Noted
43,Puerto Rico,430094,1,0,No Obstruction Noted
43,Puerto Rico,430095,1,0,No Obstruction Noted
43,Puerto Rico,430095,2,0,No Obstruction Noted
43,Puerto Rico,430096,1,0,No Obstruction Noted
43,Puerto Rico,430097,1,0,No Obstruction Noted
43,Puerto Rico,430098,1,0,No Obstruction Noted
43,Puerto Rico,430098,2,0,No Obstruction Noted
43,Puerto Rico,430098,3,0,No Obstruction Noted
43,Puerto Rico,430099,1,0,No Obstruction Noted
43,Puerto Rico,430100,1,0,No Obstruction Noted
43,Puerto Rico,430100,2,0,No Obstruction Noted
43,Puerto Rico,430101,1,0,No Obstruction Noted
43,Puerto Rico,430101,2,0,No Obstruction Noted
43,Puerto Rico,430102,1,0,No Obstruction Noted
43,Puerto Rico,430103,1,0,No Obstruction Noted
43,Puerto Rico,430103,2,0,No Obstruction Noted
43,Puerto Rico,430104,1,0,No Obstruction Noted
43,Puerto Rico,430104,2,0,No Obstruction Noted
43,Puerto Rico,430105,1,0,No Obstruction Noted
43,Puerto Rico,430106,1,0,No Obstruction Noted
43,Puerto Rico,430106,2,0,No Obstruction Noted
43,Puerto Rico,430107,1,0,No Obstruction Noted
43,Puerto Rico,430108,1,0,No Obstruction Noted
43,Puerto Rico,430109,1,0,No Obstruction Noted
43,Puerto Rico,430110,1,0,No Obstruction Noted
43,Puerto Rico,430111,1,0,No Obstruction Noted
43,Puerto Rico,430112,1,10,Inadequate Vehicle Lighting System
43,Puerto Rico,430112,2,0,No Obstruction Noted
43,Puerto Rico,430113,1,0,No Obstruction Noted
43,Puerto Rico,430114,1,0,No Obstruction Noted
43,Puerto Rico,430115,1,0,No Obstruction Noted
43,Puerto Rico,430116,1,0,No Obstruction Noted
43,Puerto Rico,430117,1,0,No Obstruction Noted
43,Puerto Rico,430118,1,0,No Obstruction Noted
43,Puerto Rico,430119,1,0,No Obstruction Noted
43,Puerto Rico,430120,1,0,No Obstruction Noted
43,Puerto Rico,430121,1,0,No Obstruction Noted
43,Puerto Rico,430123,1,0,No Obstruction Noted
43,Puerto Rico,430124,1,0,No Obstruction Noted
43,Puerto Rico,430124,2,0,No Obstruction Noted
43,Puerto Rico,430125,1,0,No Obstruction Noted
43,Puerto Rico,430125,2,0,No Obstruction Noted
43,Puerto Rico,430126,1,0,No Obstruction Noted
43,Puerto Rico,430126,2,0,No Obstruction Noted
43,Puerto Rico,430127,1,0,No Obstruction Noted
43,Puerto Rico,430127,2,0,No Obstruction Noted
43,Puerto Rico,430128,1,0,No Obstruction Noted
43,Puerto Rico,430129,1,0,No Obstruction Noted
43,Puerto Rico,430130,1,0,No Obstruction Noted
43,Puerto Rico,430131,1,0,No Obstruction Noted
43,Puerto Rico,430132,1,0,No Obstruction Noted
43,Puerto Rico,430133,1,0,No Obstruction Noted
43,Puerto Rico,430133,2,0,No Obstruction Noted
43,Puerto Rico,430134,1,0,No Obstruction Noted
43,Puerto Rico,430134,2,0,No Obstruction Noted
43,Puerto Rico,430135,1,0,No Obstruction Noted
43,Puerto Rico,430136,1,0,No Obstruction Noted
43,Puerto Rico,430136,2,0,No Obstruction Noted
43,Puerto Rico,430136,3,0,No Obstruction Noted
43,Puerto Rico,430137,1,0,No Obstruction Noted
43,Puerto Rico,430138,1,0,No Obstruction Noted
43,Puerto Rico,430139,1,0,No Obstruction Noted
43,Puerto Rico,430140,1,0,No Obstruction Noted
43,Puerto Rico,430140,2,0,No Obstruction Noted
43,Puerto Rico,430141,1,0,No Obstruction Noted
43,Puerto Rico,430142,1,0,No Obstruction Noted
43,Puerto Rico,430143,1,0,No Obstruction Noted
43,Puerto Rico,430144,1,0,No Obstruction Noted
43,Puerto Rico,430144,2,0,No Obstruction Noted
43,Puerto Rico,430145,1,0,No Obstruction Noted
43,Puerto Rico,430145,2,0,No Obstruction Noted
43,Puerto Rico,430146,1,0,No Obstruction Noted
43,Puerto Rico,430147,1,0,No Obstruction Noted
43,Puerto Rico,430148,1,0,No Obstruction Noted
43,Puerto Rico,430149,1,0,No Obstruction Noted
43,Puerto Rico,430150,1,0,No Obstruction Noted
43,Puerto Rico,430151,1,0,No Obstruction Noted
43,Puerto Rico,430151,2,0,No Obstruction Noted
43,Puerto Rico,430152,1,0,No Obstruction Noted
43,Puerto Rico,430153,1,0,No Obstruction Noted
43,Puerto Rico,430153,2,0,No Obstruction Noted
43,Puerto Rico,430154,1,0,No Obstruction Noted
43,Puerto Rico,430155,1,0,No Obstruction Noted
43,Puerto Rico,430157,1,0,No Obstruction Noted
43,Puerto Rico,430157,2,0,No Obstruction Noted
43,Puerto Rico,430158,1,0,No Obstruction Noted
43,Puerto Rico,430158,2,0,No Obstruction Noted
43,Puerto Rico,430158,3,0,No Obstruction Noted
43,Puerto Rico,430159,1,0,No Obstruction Noted
43,Puerto Rico,430159,2,0,No Obstruction Noted
43,Puerto Rico,430160,1,0,No Obstruction Noted
43,Puerto Rico,430160,2,0,No Obstruction Noted
43,Puerto Rico,430161,1,0,No Obstruction Noted
43,Puerto Rico,430161,2,0,No Obstruction Noted
43,Puerto Rico,430162,1,0,No Obstruction Noted
43,Puerto Rico,430163,1,0,No Obstruction Noted
43,Puerto Rico,430163,2,0,No Obstruction Noted
43,Puerto Rico,430164,1,0,No Obstruction Noted
43,Puerto Rico,430165,1,0,No Obstruction Noted
43,Puerto Rico,430166,1,0,No Obstruction Noted
43,Puerto Rico,430167,1,0,No Obstruction Noted
43,Puerto Rico,430168,1,0,No Obstruction Noted
43,Puerto Rico,430169,1,0,No Obstruction Noted
43,Puerto Rico,430169,2,0,No Obstruction Noted
43,Puerto Rico,430170,1,0,No Obstruction Noted
43,Puerto Rico,430170,2,0,No Obstruction Noted
43,Puerto Rico,430171,1,0,No Obstruction Noted
43,Puerto Rico,430172,1,0,No Obstruction Noted
43,Puerto Rico,430173,1,0,No Obstruction Noted
43,Puerto Rico,430174,1,0,No Obstruction Noted
43,Puerto Rico,430174,2,0,No Obstruction Noted
43,Puerto Rico,430175,1,0,No Obstruction Noted
43,Puerto Rico,430176,1,0,No Obstruction Noted
43,Puerto Rico,430177,1,0,No Obstruction Noted
43,Puerto Rico,430178,1,0,No Obstruction Noted
43,Puerto Rico,430179,1,0,No Obstruction Noted
43,Puerto Rico,430180,1,0,No Obstruction Noted
43,Puerto Rico,430180,2,0,No Obstruction Noted
43,Puerto Rico,430180,3,0,No Obstruction Noted
43,Puerto Rico,430181,1,0,No Obstruction Noted
43,Puerto Rico,430182,1,0,No Obstruction Noted
43,Puerto Rico,430183,1,0,No Obstruction Noted
43,Puerto Rico,430184,1,0,No Obstruction Noted
43,Puerto Rico,430184,2,0,No Obstruction Noted
43,Puerto Rico,430185,1,0,No Obstruction Noted
43,Puerto Rico,430186,1,0,No Obstruction Noted
43,Puerto Rico,430186,2,0,No Obstruction Noted
43,Puerto Rico,430186,3,0,No Obstruction Noted
43,Puerto Rico,430187,1,95,No Driver Present/Unknown if Driver present
43,Puerto Rico,430188,1,0,No Obstruction Noted
43,Puerto Rico,430188,2,0,No Obstruction Noted
43,Puerto Rico,430189,1,0,No Obstruction Noted
43,Puerto Rico,430190,1,0,No Obstruction Noted
43,Puerto Rico,430191,1,0,No Obstruction Noted
43,Puerto Rico,430192,1,0,No Obstruction Noted
43,Puerto Rico,430192,2,0,No Obstruction Noted
43,Puerto Rico,430193,1,0,No Obstruction Noted
43,Puerto Rico,430194,1,0,No Obstruction Noted
43,Puerto Rico,430195,1,0,No Obstruction Noted
43,Puerto Rico,430195,2,0,No Obstruction Noted
43,Puerto Rico,430196,1,0,No Obstruction Noted
43,Puerto Rico,430197,1,0,No Obstruction Noted
43,Puerto Rico,430198,1,0,No Obstruction Noted
43,Puerto Rico,430198,2,0,No Obstruction Noted
43,Puerto Rico,430199,1,0,No Obstruction Noted
43,Puerto Rico,430200,1,0,No Obstruction Noted
43,Puerto Rico,430201,1,0,No Obstruction Noted
43,Puerto Rico,430202,1,0,No Obstruction Noted
43,Puerto Rico,430203,1,0,No Obstruction Noted
43,Puerto Rico,430203,2,0,No Obstruction Noted
43,Puerto Rico,430204,1,0,No Obstruction Noted
43,Puerto Rico,430204,2,0,No Obstruction Noted
43,Puerto Rico,430205,1,0,No Obstruction Noted
43,Puerto Rico,430206,1,0,No Obstruction Noted
43,Puerto Rico,430207,1,0,No Obstruction Noted
43,Puerto Rico,430208,1,0,No Obstruction Noted
43,Puerto Rico,430208,2,0,No Obstruction Noted
43,Puerto Rico,430208,3,0,No Obstruction Noted
43,Puerto Rico,430209,1,0,No Obstruction Noted
43,Puerto Rico,430210,1,0,No Obstruction Noted
43,Puerto Rico,430211,1,0,No Obstruction Noted
43,Puerto Rico,430212,1,0,No Obstruction Noted
43,Puerto Rico,430213,1,0,No Obstruction Noted
43,Puerto Rico,430213,2,0,No Obstruction Noted
43,Puerto Rico,430213,3,0,No Obstruction Noted
43,Puerto Rico,430213,4,0,No Obstruction Noted
43,Puerto Rico,430213,5,0,No Obstruction Noted
43,Puerto Rico,430214,1,0,No Obstruction Noted
43,Puerto Rico,430214,2,0,No Obstruction Noted
43,Puerto Rico,430215,1,0,No Obstruction Noted
43,Puerto Rico,430216,1,0,No Obstruction Noted
43,Puerto Rico,430216,2,0,No Obstruction Noted
43,Puerto Rico,430217,1,0,No Obstruction Noted
43,Puerto Rico,430217,2,0,No Obstruction Noted
43,Puerto Rico,430218,1,0,No Obstruction Noted
43,Puerto Rico,430219,1,0,No Obstruction Noted
43,Puerto Rico,430220,1,0,No Obstruction Noted
43,Puerto Rico,430221,1,0,No Obstruction Noted
43,Puerto Rico,430222,1,0,No Obstruction Noted
43,Puerto Rico,430223,1,0,No Obstruction Noted
43,Puerto Rico,430223,2,0,No Obstruction Noted
43,Puerto Rico,430224,1,0,No Obstruction Noted
43,Puerto Rico,430225,1,0,No Obstruction Noted
43,Puerto Rico,430226,1,0,No Obstruction Noted
43,Puerto Rico,430226,2,0,No Obstruction Noted
43,Puerto Rico,430227,1,0,No Obstruction Noted
43,Puerto Rico,430227,2,0,No Obstruction Noted
43,Puerto Rico,430228,1,0,No Obstruction Noted
43,Puerto Rico,430229,1,0,No Obstruction Noted
43,Puerto Rico,430229,2,0,No Obstruction Noted
43,Puerto Rico,430229,3,0,No Obstruction Noted
43,Puerto Rico,430230,1,0,No Obstruction Noted
43,Puerto Rico,430230,2,0,No Obstruction Noted
43,Puerto Rico,430231,1,0,No Obstruction Noted
43,Puerto Rico,430232,1,0,No Obstruction Noted
43,Puerto Rico,430233,1,0,No Obstruction Noted
43,Puerto Rico,430233,2,0,No Obstruction Noted
43,Puerto Rico,430234,1,0,No Obstruction Noted
43,Puerto Rico,430235,1,0,No Obstruction Noted
43,Puerto Rico,430236,1,0,No Obstruction Noted
43,Puerto Rico,430236,2,0,No Obstruction Noted
43,Puerto Rico,430237,1,0,No Obstruction Noted
43,Puerto Rico,430237,2,0,No Obstruction Noted
43,Puerto Rico,430238,1,0,No Obstruction Noted
43,Puerto Rico,430239,1,0,No Obstruction Noted
43,Puerto Rico,430239,2,0,No Obstruction Noted
43,Puerto Rico,430240,1,0,No Obstruction Noted
43,Puerto Rico,430241,1,0,No Obstruction Noted
43,Puerto Rico,430242,1,0,No Obstruction Noted
43,Puerto Rico,430243,1,0,No Obstruction Noted
43,Puerto Rico,430244,1,0,No Obstruction Noted
43,Puerto Rico,430245,1,0,No Obstruction Noted
43,Puerto Rico,430247,1,0,No Obstruction Noted
43,Puerto Rico,430248,1,0,No Obstruction Noted
43,Puerto Rico,430249,1,0,No Obstruction Noted
43,Puerto Rico,430249,2,0,No Obstruction Noted
43,Puerto Rico,430250,1,0,No Obstruction Noted
43,Puerto Rico,430251,1,0,No Obstruction Noted
43,Puerto Rico,430251,2,0,No Obstruction Noted
43,Puerto Rico,430252,1,0,No Obstruction Noted
43,Puerto Rico,430252,2,0,No Obstruction Noted
43,Puerto Rico,430253,1,0,No Obstruction Noted
43,Puerto Rico,430254,1,0,No Obstruction Noted
43,Puerto Rico,430254,2,0,No Obstruction Noted
43,Puerto Rico,430255,1,0,No Obstruction Noted
43,Puerto Rico,430256,1,0,No Obstruction Noted
43,Puerto Rico,430256,2,0,No Obstruction Noted
43,Puerto Rico,430257,1,0,No Obstruction Noted
43,Puerto Rico,430258,1,0,No Obstruction Noted
43,Puerto Rico,430259,1,0,No Obstruction Noted
43,Puerto Rico,430259,2,0,No Obstruction Noted
43,Puerto Rico,430260,1,0,No Obstruction Noted
43,Puerto Rico,430261,1,0,No Obstruction Noted
43,Puerto Rico,430262,1,0,No Obstruction Noted
43,Puerto Rico,430262,2,0,No Obstruction Noted
43,Puerto Rico,430263,1,0,No Obstruction Noted
43,Puerto Rico,430264,1,0,No Obstruction Noted
43,Puerto Rico,430265,1,0,No Obstruction Noted
43,Puerto Rico,430266,1,0,No Obstruction Noted
43,Puerto Rico,430267,1,0,No Obstruction Noted
43,Puerto Rico,430268,1,0,No Obstruction Noted
43,Puerto Rico,430269,1,0,No Obstruction Noted
43,Puerto Rico,430270,1,0,No Obstruction Noted
43,Puerto Rico,430270,2,0,No Obstruction Noted
43,Puerto Rico,430271,1,0,No Obstruction Noted
43,Puerto Rico,430272,1,0,No Obstruction Noted
43,Puerto Rico,430273,1,0,No Obstruction Noted
43,Puerto Rico,430274,1,0,No Obstruction Noted
43,Puerto Rico,430275,1,0,No Obstruction Noted
43,Puerto Rico,430276,1,0,No Obstruction Noted
43,Puerto Rico,430277,1,0,No Obstruction Noted
43,Puerto Rico,430278,1,0,No Obstruction Noted
43,Puerto Rico,430278,2,0,No Obstruction Noted
43,Puerto Rico,430279,1,0,No Obstruction Noted
43,Puerto Rico,430279,4,0,No Obstruction Noted
43,Puerto Rico,430280,1,0,No Obstruction Noted
43,Puerto Rico,430280,2,0,No Obstruction Noted
43,Puerto Rico,430281,1,0,No Obstruction Noted
43,Puerto Rico,430282,1,0,No Obstruction Noted
43,Puerto Rico,430283,1,0,No Obstruction Noted
43,Puerto Rico,430284,1,0,No Obstruction Noted
43,Puerto Rico,430284,2,0,No Obstruction Noted
43,Puerto Rico,430285,1,0,No Obstruction Noted
