STATE,ST_CASE,VEH_NO,PVE_FORMS,PNUMOCCS,PDAY,PMONTH,PHOUR,PMINUTE,PHARM_EV,PMAN_COLL,PTYPE,PHIT_RUN,PREG_STAT,POWNER,PMAKE,PMODEL,PMAK_MOD,PBODYTYP,PMODYEAR,PVIN,PVIN_1,PVIN_2,PVIN_3,PVIN_4,PVIN_5,PVIN_6,PVIN_7,PVIN_8,PVIN_9,PVIN_10,PVIN_11,PVIN_12,PTRAILER,PMCARR_I1,PMCARR_I2,PMCARR_ID,PGVWR,PV_CONFIG,PCARGTYP,PHAZ_INV,PHAZPLAC,PHAZ_ID,PHAZ_CNO,PHAZ_REL,PBUS_USE,PSP_USE,PEM_USE,PUNDERIDE,PIMPACT1,PVEH_SEV,PTOWED,PM_HARM,PVEH_SC1,PVEH_SC2,PFIRE,PDEATHS
43,430007,2,1,0,24,1,6,0,14,0,3,0,43,6,34,35,34035,4,2005,WBANA73595B8,W,B,A,N,A,7,3,5,9,5,B,8,0,0,000000000,00000000000,0,0,0,1,0,0,0,0,0,0,0,0,12,2,3,12,0,0,0,0
43,430022,2,1,0,11,3,8,45,14,0,4,0,43,4,35,43,35043,2,1986,JN1PB12S3GU2,J,N,1,P,B,1,2,S,3,G,U,2,0,0,000000000,00000000000,0,0,0,1,0,0,0,0,0,0,0,0,8,2,5,14,0,0,0,0
43,430030,2,1,0,16,1,8,45,14,0,2,0,43,6,12,401,12401,14,1992,1FMDU34X9NUB,1,F,M,D,U,3,4,X,9,N,U,B,0,0,000000000,00000000000,0,0,0,1,0,0,0,0,0,0,0,0,6,4,3,12,0,0,0,0
43,430088,2,1,0,5,7,5,10,14,0,3,0,43,6,63,31,63031,4,1995,KNAFA1211S52,K,N,A,F,A,1,2,1,1,S,5,2,0,0,000000000,00000000000,0,0,0,1,0,0,0,0,0,0,0,0,6,2,5,12,0,0,0,0
43,430255,2,1,0,12,10,8,40,38,0,3,0,43,6,55,35,55035,4,2010,KMHDB8BE8AU0,K,M,H,D,B,8,B,E,8,A,U,0,0,0,000000000,00000000000,0,0,0,1,0,0,0,0,0,0,0,0,6,2,5,12,0,0,0,0
